project_id,project_type,project_scale,project_duration_years,complexity_index,initial_investment,tax_rate,risk_index,year,inflation_rate,market_growth_rate,revenue,operating_cost,capex,working_capital,cash_flow
P0001,Manufacturing,Medium,9,0.68,97927899.89,0.17,0.67,1,0.06,0.01,25091835.95,18278559.3,5887041.96,2220759.4,-2395752.07
P0001,Manufacturing,Medium,9,0.68,97927899.89,0.17,0.67,2,0.07,0.04,31515722.37,21472504.85,2156997.6,2711995.95,5588259.78
P0001,Manufacturing,Medium,9,0.68,97927899.89,0.17,0.67,3,0.09,0.08,47433995.67,36251329.0,4425897.72,4174260.4,3249734.67
P0001,Manufacturing,Medium,9,0.68,97927899.89,0.17,0.67,4,0.05,0.06,48164969.53,35344119.92,1939175.23,4229398.99,8667076.68
P0001,Manufacturing,Medium,9,0.68,97927899.89,0.17,0.67,5,0.06,0.12,67876067.92,49986826.23,4078154.71,5751746.19,9068670.71
P0001,Manufacturing,Medium,9,0.68,97927899.89,0.17,0.67,6,0.05,0.07,51240682.36,37919311.31,1226300.84,4936706.66,10906457.69
P0001,Manufacturing,Medium,9,0.68,97927899.89,0.17,0.67,7,0.03,0.04,51177137.61,36360605.32,5499429.23,4429512.74,7209321.18
P0001,Manufacturing,Medium,9,0.68,97927899.89,0.17,0.67,8,0.06,0.05,48967177.59,34453308.42,1507456.88,4130878.55,10192767.52
P0001,Manufacturing,Medium,9,0.68,97927899.89,0.17,0.67,9,0.05,0.08,51658025.75,36285824.13,1300879.82,4810298.72,10402911.22
P0002,Healthcare,Medium,9,0.55,111944148.77,0.28,0.35,1,0.04,0.04,31321925.26,19008765.3,7758922.95,4027165.97,-2848384.67
P0002,Healthcare,Medium,9,0.55,111944148.77,0.28,0.35,2,0.06,0.05,50698953.28,32259506.51,4622945.37,6330809.44,6124399.23
P0002,Healthcare,Medium,9,0.55,111944148.77,0.28,0.35,3,0.07,0.05,68165753.65,48066545.54,3410298.47,8478585.05,8944297.68
P0002,Healthcare,Medium,9,0.55,111944148.77,0.28,0.35,4,0.05,0.04,57617675.64,36262034.66,3216390.4,7450467.94,13356211.1
P0002,Healthcare,Medium,9,0.55,111944148.77,0.28,0.35,5,0.04,0.05,71974840.31,51109247.02,3987366.63,8174262.7,9761996.81
P0002,Healthcare,Medium,9,0.55,111944148.77,0.28,0.35,6,0.07,0.12,59761129.05,41422056.82,4598982.73,7524089.22,9048787.04
P0002,Healthcare,Medium,9,0.55,111944148.77,0.28,0.35,7,0.04,0.06,68511973.77,49478501.82,1291421.49,9105975.93,10367978.18
P0002,Healthcare,Medium,9,0.55,111944148.77,0.28,0.35,8,0.11,0.07,76961519.43,56880709.26,7358477.02,9418345.46,6712011.57
P0002,Healthcare,Medium,9,0.55,111944148.77,0.28,0.35,9,0.03,0.08,68267213.01,50818583.71,808972.84,8561545.08,12359907.76
P0003,Healthcare,Large,8,0.63,23094432.46,0.26,0.34,1,0.03,0.08,9520616.52,4949648.66,1368853.31,408088.72,1625496.13
P0003,Healthcare,Large,8,0.63,23094432.46,0.26,0.34,2,0.06,0.0,10531007.11,6428819.86,324728.07,496673.52,2687066.01
P0003,Healthcare,Large,8,0.63,23094432.46,0.26,0.34,3,0.03,0.04,12216854.31,6837305.7,938126.52,567164.35,2947247.09
P0003,Healthcare,Large,8,0.63,23094432.46,0.26,0.34,4,0.05,0.08,17102457.56,9907926.04,1227096.21,747222.88,3848599.2
P0003,Healthcare,Large,8,0.63,23094432.46,0.26,0.34,5,0.03,0.02,14833072.57,8069445.37,1212400.08,635657.79,3950990.76
P0003,Healthcare,Large,8,0.63,23094432.46,0.26,0.34,6,0.05,0.1,17411102.61,10387950.95,1182428.26,781426.46,3694721.66
P0003,Healthcare,Large,8,0.63,23094432.46,0.26,0.34,7,0.06,0.0,14513983.29,7945703.01,586692.93,631218.54,4492148.76
P0003,Healthcare,Large,8,0.63,23094432.46,0.26,0.34,8,0.04,0.05,12711845.6,7514835.58,363101.85,501370.07,3572469.14
P0004,Energy,Medium,8,0.43,201244369.36,0.24,0.72,1,0.07,0.05,46822790.88,25339186.23,29003317.88,5980179.19,-18316130.69
P0004,Energy,Medium,8,0.43,201244369.36,0.24,0.72,2,0.08,0.1,68603904.15,34579529.44,8076834.81,9399560.51,14100376.31
P0004,Energy,Medium,8,0.43,201244369.36,0.24,0.72,3,0.05,0.08,92549419.55,48862145.27,5356399.08,13007905.96,25474861.67
P0004,Energy,Medium,8,0.43,201244369.36,0.24,0.72,4,0.07,0.02,83121475.72,45826890.02,3682977.32,10394861.41,25322936.5
P0004,Energy,Medium,8,0.43,201244369.36,0.24,0.72,5,0.06,0.07,93244880.87,54317426.67,3416743.48,12327011.79,25793133.76
P0004,Energy,Medium,8,0.43,201244369.36,0.24,0.72,6,0.04,0.07,91623818.23,50869060.33,7794465.2,11623510.24,25789073.14
P0004,Energy,Medium,8,0.43,201244369.36,0.24,0.72,7,0.05,0.04,90535514.81,53145011.53,12509915.53,11800417.49,16019975.37
P0004,Energy,Medium,8,0.43,201244369.36,0.24,0.72,8,0.03,0.11,102269319.94,50794824.76,1141466.6,11798365.02,38914665.85
P0005,Healthcare,Medium,4,0.62,91923837.15,0.27,0.57,1,0.04,0.09,32249155.35,20647583.63,13020203.06,2745991.54,-7564867.62
P0005,Healthcare,Medium,4,0.62,91923837.15,0.27,0.57,2,0.04,0.05,39527745.49,28384091.35,3956118.16,2924039.05,4269190.28
P0005,Healthcare,Medium,4,0.62,91923837.15,0.27,0.57,3,0.05,0.03,57368896.66,38098666.4,5364058.17,5082258.31,6662122.94
P0005,Healthcare,Medium,4,0.62,91923837.15,0.27,0.57,4,0.07,0.08,50812422.14,38119957.08,1778608.64,4149533.24,8576823.53
P0006,Infrastructure,Small,10,0.4,61459508.88,0.3,0.61,1,0.02,0.06,10436564.06,6612933.12,6085190.68,823941.88,-4303554.42
P0006,Infrastructure,Small,10,0.4,61459508.88,0.3,0.61,2,0.04,0.06,15487488.42,10747720.34,3428041.23,1209744.11,-479373.54
P0006,Infrastructure,Small,10,0.4,61459508.88,0.3,0.61,3,0.1,0.1,17332283.28,11923698.52,2757270.81,1398825.24,861675.39
P0006,Infrastructure,Small,10,0.4,61459508.88,0.3,0.61,4,0.04,0.01,17138724.26,11641179.32,1547486.24,1428308.58,2346828.67
P0006,Infrastructure,Small,10,0.4,61459508.88,0.3,0.61,5,0.05,0.04,21106406.06,15136571.99,1150297.51,1860071.33,2667577.85
P0006,Infrastructure,Small,10,0.4,61459508.88,0.3,0.61,6,0.06,0.06,24819033.91,18660620.93,1216399.03,2119431.68,2929353.7
P0006,Infrastructure,Small,10,0.4,61459508.88,0.3,0.61,7,0.06,0.06,25571115.58,18008574.37,2311425.75,2091052.55,3213336.25
P0006,Infrastructure,Small,10,0.4,61459508.88,0.3,0.61,8,0.04,0.04,18956086.39,13883710.74,2312529.8,1437177.39,1977767.33
P0006,Infrastructure,Small,10,0.4,61459508.88,0.3,0.61,9,0.04,0.1,21121209.37,15554371.88,2338424.36,1758038.45,1209008.71
P0006,Infrastructure,Small,10,0.4,61459508.88,0.3,0.61,10,0.06,-0.01,19650712.54,14538466.91,880022.4,1747233.48,2777621.27
P0007,Energy,Medium,4,0.68,207048158.65,0.22,0.6,1,0.07,0.02,50741862.66,22232376.21,16313432.28,4906594.54,975928.63
P0007,Energy,Medium,4,0.68,207048158.65,0.22,0.6,2,0.09,0.01,84923620.57,40398557.19,7706938.75,8509850.03,23874376.06
P0007,Energy,Medium,4,0.68,207048158.65,0.22,0.6,3,0.03,0.05,115267474.51,54028923.56,3623966.61,11659760.04,41238556.41
P0007,Energy,Medium,4,0.68,207048158.65,0.22,0.6,4,0.07,-0.04,90604087.9,44660921.84,1579189.81,8994324.93,36468016.15
P0008,Real Estate,Small,6,0.71,17217650.85,0.28,0.54,1,0.07,0.1,5336533.98,3456873.44,1840544.69,473310.08,-917255.1
P0008,Real Estate,Small,6,0.71,17217650.85,0.28,0.54,2,0.04,0.13,10050230.32,6543602.06,888004.05,862164.17,1250964.63
P0008,Real Estate,Small,6,0.71,17217650.85,0.28,0.54,3,0.03,0.05,9022288.74,5092373.2,956166.74,830086.34,1862826.62
P0008,Real Estate,Small,6,0.71,17217650.85,0.28,0.54,4,0.07,0.03,9749708.02,5774770.25,285064.23,831804.77,2622846.87
P0008,Real Estate,Small,6,0.71,17217650.85,0.28,0.54,5,0.03,0.08,9009155.41,5452847.77,1165446.36,802814.09,1463019.45
P0008,Real Estate,Small,6,0.71,17217650.85,0.28,0.54,6,0.06,0.02,8704031.72,5764751.29,242385.58,701775.36,2004331.19
P0009,Healthcare,Medium,8,0.49,25377669.79,0.22,0.42,1,0.04,0.04,3962467.1,2215488.97,1979348.4,223410.71,-799710.78
P0009,Healthcare,Medium,8,0.49,25377669.79,0.22,0.42,2,0.03,0.12,9416519.53,5827150.86,555028.5,461977.37,2162291.22
P0009,Healthcare,Medium,8,0.49,25377669.79,0.22,0.42,3,0.03,0.02,10277953.3,6883998.2,797156.98,483508.39,1799513.97
P0009,Healthcare,Medium,8,0.49,25377669.79,0.22,0.42,4,0.05,0.03,9184915.5,5479962.69,1012823.07,499446.19,1903688.08
P0009,Healthcare,Medium,8,0.49,25377669.79,0.22,0.42,5,0.07,0.01,8238488.24,5247844.99,1353065.17,458295.57,1016191.8
P0009,Healthcare,Medium,8,0.49,25377669.79,0.22,0.42,6,0.08,0.07,10404946.24,6318343.12,444324.72,589210.93,2708360.79
P0009,Healthcare,Medium,8,0.49,25377669.79,0.22,0.42,7,0.05,0.1,10945163.7,6413131.18,845422.56,580167.25,2682914.04
P0009,Healthcare,Medium,8,0.49,25377669.79,0.22,0.42,8,0.02,0.03,9616484.75,6092540.31,586989.78,508252.71,2200902.9
P0010,Energy,Medium,3,0.72,169638030.4,0.24,0.2,1,0.06,0.06,29826667.25,17259985.99,20907932.92,1590821.12,-13058321.25
P0010,Energy,Medium,3,0.72,169638030.4,0.24,0.2,2,0.05,0.04,36210412.05,19367826.99,4847651.69,1744914.47,7927014.43
P0010,Energy,Medium,3,0.72,169638030.4,0.24,0.2,3,0.04,0.04,44211614.1,26090742.18,3219357.71,2083803.01,10358975.48
P0011,Technology,Medium,7,0.69,16802157.01,0.23,0.44,1,0.06,0.04,7982559.53,5425078.91,2098362.37,537327.96,-707006.28
P0011,Technology,Medium,7,0.69,16802157.01,0.23,0.44,2,0.07,0.05,12882688.0,7934539.05,824983.21,822552.46,2629355.31
P0011,Technology,Medium,7,0.69,16802157.01,0.23,0.44,3,0.07,0.06,15259699.48,10339900.27,549136.42,1044217.83,3239068.23
P0011,Technology,Medium,7,0.69,16802157.01,0.23,0.44,4,0.05,0.04,15512611.39,10120835.14,811412.53,1041906.92,3312510.24
P0011,Technology,Medium,7,0.69,16802157.01,0.23,0.44,5,0.04,0.06,15780934.6,10452649.92,807111.37,1093622.72,3331275.95
P0011,Technology,Medium,7,0.69,16802157.01,0.23,0.44,6,0.07,0.09,17954842.17,11443826.95,378037.82,1247162.58,4339982.79
P0011,Technology,Medium,7,0.69,16802157.01,0.23,0.44,7,0.05,0.06,14854312.65,9622547.48,209449.15,956902.98,3724065.17
P0012,Energy,Large,6,0.35,124431995.2,0.27,0.33,1,0.05,0.09,23774851.3,15806254.13,19963127.26,2313353.0,-16018498.98
P0012,Energy,Large,6,0.35,124431995.2,0.27,0.33,2,0.03,0.07,50374236.83,34669793.92,4464320.32,4933574.44,4260423.31
P0012,Energy,Large,6,0.35,124431995.2,0.27,0.33,3,0.09,0.04,62017406.23,46397908.84,5807177.58,6213700.29,4217854.85
P0012,Energy,Large,6,0.35,124431995.2,0.27,0.33,4,0.06,0.02,57862912.15,38342765.6,2238261.49,5856054.46,11936179.72
P0012,Energy,Large,6,0.35,124431995.2,0.27,0.33,5,0.06,0.08,53237476.37,36100945.87,6795727.41,4923698.67,6727659.69
P0012,Energy,Large,6,0.35,124431995.2,0.27,0.33,6,0.05,0.02,55802263.8,36144288.98,1034540.7,6530825.4,11825498.76
P0013,Manufacturing,Medium,7,0.66,29192698.19,0.27,0.44,1,0.02,0.03,6975592.26,5536474.31,2077236.19,490832.24,-1570425.35
P0013,Manufacturing,Medium,7,0.66,29192698.19,0.27,0.44,2,0.06,0.0,11985605.6,9984953.43,661463.81,732699.12,559298.15
P0013,Manufacturing,Medium,7,0.66,29192698.19,0.27,0.44,3,0.06,0.08,16261102.44,12974608.4,672718.64,1080550.67,1283340.16
P0013,Manufacturing,Medium,7,0.66,29192698.19,0.27,0.44,4,0.04,0.09,17558632.33,14567021.7,1669341.68,1118447.8,470330.2
P0013,Manufacturing,Medium,7,0.66,29192698.19,0.27,0.44,5,0.09,0.08,14165544.29,12935731.21,1525395.86,831908.82,-314445.08
P0013,Manufacturing,Medium,7,0.66,29192698.19,0.27,0.44,6,0.06,0.02,19133485.94,17214930.81,367417.18,1312627.81,578092.46
P0013,Manufacturing,Medium,7,0.66,29192698.19,0.27,0.44,7,0.05,0.05,17227553.5,14298818.05,569179.75,1154250.05,1837306.86
P0014,Infrastructure,Small,3,0.34,119258656.14,0.23,0.59,1,0.06,0.07,29869361.6,17716136.23,15519888.11,1978336.12,-8503161.86
P0014,Infrastructure,Small,3,0.34,119258656.14,0.23,0.59,2,0.07,0.06,33218122.25,18686989.22,1746123.38,1925485.17,9133203.26
P0014,Infrastructure,Small,3,0.34,119258656.14,0.23,0.59,3,0.04,0.07,48981699.48,26244936.58,738987.15,2913725.86,16023382.22
P0015,Infrastructure,Medium,8,0.53,140453152.64,0.25,0.42,1,0.05,0.07,23191951.97,16070314.67,14561773.31,1395469.46,-10721707.84
P0015,Infrastructure,Medium,8,0.53,140453152.64,0.25,0.42,2,0.08,0.05,27415527.01,20230298.62,2788425.61,1812358.81,2186677.36
P0015,Infrastructure,Medium,8,0.53,140453152.64,0.25,0.42,3,0.05,0.03,37494890.49,24320966.3,3079238.86,2268198.12,6232910.98
P0015,Infrastructure,Medium,8,0.53,140453152.64,0.25,0.42,4,0.05,0.07,35682970.7,25284064.61,6853016.71,2219846.33,1002035.47
P0015,Infrastructure,Medium,8,0.53,140453152.64,0.25,0.42,5,0.09,0.05,34782898.98,22933252.37,4075794.76,2232576.86,5188167.03
P0015,Infrastructure,Medium,8,0.53,140453152.64,0.25,0.42,6,0.06,-0.02,32900917.63,22295631.93,1634611.11,2155875.4,6305915.61
P0015,Infrastructure,Medium,8,0.53,140453152.64,0.25,0.42,7,0.04,0.15,37409436.79,24824804.58,3031446.16,2512588.46,6188645.78
P0015,Infrastructure,Medium,8,0.53,140453152.64,0.25,0.42,8,0.07,-0.0,41421189.75,29220928.53,1403610.69,2641695.25,7527922.77
P0016,Real Estate,Small,3,0.37,57259786.9,0.21,0.57,1,0.04,0.06,17469640.53,9523969.52,5210513.23,1509346.94,-450237.32
P0016,Real Estate,Small,3,0.37,57259786.9,0.21,0.57,2,0.04,0.02,19182468.68,11130027.06,1117908.2,1611967.66,5002056.46
P0016,Real Estate,Small,3,0.37,57259786.9,0.21,0.57,3,0.02,0.08,27618681.82,14934935.35,803548.62,2211717.46,9097250.34
P0017,Energy,Medium,9,0.38,228572527.24,0.21,0.46,1,0.09,0.06,86290913.24,48965463.05,24858291.75,4939148.23,-406504.35
P0017,Energy,Medium,9,0.38,228572527.24,0.21,0.46,2,0.06,0.09,97558553.85,56025862.64,2612541.14,5812436.77,27945610.76
P0017,Energy,Medium,9,0.38,228572527.24,0.21,0.46,3,0.05,0.03,121053300.39,72829111.49,8759128.98,7653919.1,25772026.81
P0017,Energy,Medium,9,0.38,228572527.24,0.21,0.46,4,0.08,0.04,126243151.5,69461391.84,3517821.29,8185096.56,42629524.82
P0017,Energy,Medium,9,0.38,228572527.24,0.21,0.46,5,0.08,0.08,135528317.67,80540018.91,8954470.27,8500392.36,32279829.04
P0017,Energy,Medium,9,0.38,228572527.24,0.21,0.46,6,0.05,-0.01,140738395.43,87207006.87,2914904.54,9366517.82,36523160.56
P0017,Energy,Medium,9,0.38,228572527.24,0.21,0.46,7,0.04,0.06,132596977.64,74611924.37,3404564.87,8421552.9,45351574.2
P0017,Energy,Medium,9,0.38,228572527.24,0.21,0.46,8,0.06,0.02,147060289.37,85699753.46,11852052.47,9179433.18,35021909.48
P0017,Energy,Medium,9,0.38,228572527.24,0.21,0.46,9,0.06,0.06,129446827.66,77065849.26,2526993.22,8056781.58,43258321.66
P0018,Manufacturing,Small,6,0.63,70399395.07,0.23,0.54,1,0.06,0.06,16925625.42,12662089.02,7385684.6,854073.46,-4949997.67
P0018,Manufacturing,Small,6,0.63,70399395.07,0.23,0.54,2,0.04,0.11,21734411.43,17274519.54,2122599.77,1018885.91,1177728.23
P0018,Manufacturing,Small,6,0.63,70399395.07,0.23,0.54,3,0.03,0.03,25690009.76,17226296.29,3220607.19,1339872.6,2935482.37
P0018,Manufacturing,Small,6,0.63,70399395.07,0.23,0.54,4,0.08,0.08,28470263.16,21049296.14,1456196.31,1353457.36,4287704.18
P0018,Manufacturing,Small,6,0.63,70399395.07,0.23,0.54,5,0.07,0.08,25494286.23,17961042.46,1469134.17,1274690.82,4601876.26
P0018,Manufacturing,Small,6,0.63,70399395.07,0.23,0.54,6,0.03,0.04,28103000.92,21329345.77,707171.87,1273033.04,4536068.03
P0019,Infrastructure,Medium,8,0.55,71111080.28,0.24,0.79,1,0.06,-0.01,22534684.55,14101552.42,9876039.34,1370653.17,-5005970.94
P0019,Infrastructure,Medium,8,0.55,71111080.28,0.24,0.79,2,0.04,0.03,35471369.57,25834359.88,2357321.68,2097898.5,4335142.06
P0019,Infrastructure,Medium,8,0.55,71111080.28,0.24,0.79,3,0.04,0.07,36657597.74,22182565.51,1349898.08,2407646.29,9307838.33
P0019,Infrastructure,Medium,8,0.55,71111080.28,0.24,0.79,4,0.08,0.07,40596986.27,28473409.14,1562284.27,2715466.77,7253056.28
P0019,Infrastructure,Medium,8,0.55,71111080.28,0.24,0.79,5,0.07,0.06,40469471.55,30185868.32,1910246.94,2517541.83,6284470.17
P0019,Infrastructure,Medium,8,0.55,71111080.28,0.24,0.79,6,0.08,0.06,38509184.43,29318024.9,2756238.22,2512168.36,4409376.04
P0019,Infrastructure,Medium,8,0.55,71111080.28,0.24,0.79,7,0.09,0.08,40804406.85,29873044.77,1534549.57,2813301.32,6213871.91
P0019,Infrastructure,Medium,8,0.55,71111080.28,0.24,0.79,8,0.05,0.06,38029065.74,26532414.92,606457.96,2286278.66,9485683.58
P0020,Healthcare,Small,6,0.8,16405413.58,0.26,0.65,1,0.06,0.04,4202618.5,2211120.24,2044397.0,248831.68,-836557.92
P0020,Healthcare,Small,6,0.8,16405413.58,0.26,0.65,2,0.03,-0.06,7604229.23,4635823.91,278751.2,483921.37,1668431.38
P0020,Healthcare,Small,6,0.8,16405413.58,0.26,0.65,3,0.04,0.05,9612200.58,5210578.21,393493.08,595939.36,2748005.66
P0020,Healthcare,Small,6,0.8,16405413.58,0.26,0.65,4,0.05,0.02,8327382.61,4390769.07,451443.19,508433.08,2756920.32
P0020,Healthcare,Small,6,0.8,16405413.58,0.26,0.65,5,0.07,0.1,11656512.34,5896354.47,801931.07,749399.66,3227398.49
P0020,Healthcare,Small,6,0.8,16405413.58,0.26,0.65,6,0.08,0.07,9268172.6,5838849.2,310121.43,568469.25,2340383.01
P0021,Healthcare,Large,4,0.48,17382206.39,0.28,0.25,1,0.06,0.06,4715138.1,3047357.23,993549.64,366687.77,-155289.14
P0021,Healthcare,Large,4,0.48,17382206.39,0.28,0.25,2,0.05,-0.02,5558056.87,3509933.87,476892.38,446334.82,942205.97
P0021,Healthcare,Large,4,0.48,17382206.39,0.28,0.25,3,0.04,0.09,8471164.35,5462093.45,880905.0,664587.07,978402.49
P0021,Healthcare,Large,4,0.48,17382206.39,0.28,0.25,4,0.04,0.05,7988379.0,4837972.88,197940.22,608775.25,2130216.42
P0022,Infrastructure,Medium,6,0.7,284456613.74,0.35,0.86,1,0.07,0.07,70816981.89,44234931.76,38690580.62,3809276.72,-25886425.23
P0022,Infrastructure,Medium,6,0.7,284456613.74,0.35,0.86,2,0.03,0.01,84763098.57,53269872.69,8025926.03,4327337.18,11996824.71
P0022,Infrastructure,Medium,6,0.7,284456613.74,0.35,0.86,3,0.07,0.01,138692122.1,88354871.4,13067936.26,7511265.78,15897218.0
P0022,Infrastructure,Medium,6,0.7,284456613.74,0.35,0.86,4,0.07,-0.01,94760534.86,58594274.19,9305165.18,5236565.09,15987382.26
P0022,Infrastructure,Medium,6,0.7,284456613.74,0.35,0.86,5,0.03,0.04,143345692.12,84058422.37,5960253.66,6886128.69,29499134.7
P0022,Infrastructure,Medium,6,0.7,284456613.74,0.35,0.86,6,0.06,0.11,102951495.75,66350098.52,4040060.0,5166908.73,21733236.18
P0023,Manufacturing,Medium,7,0.6,52307474.13,0.23,0.35,1,0.05,0.09,19394493.97,11758337.82,4087909.29,1272663.71,489641.08
P0023,Manufacturing,Medium,7,0.6,52307474.13,0.23,0.35,2,0.05,0.05,25990480.22,16128293.74,931587.75,1650640.59,6107551.95
P0023,Manufacturing,Medium,7,0.6,52307474.13,0.23,0.35,3,0.08,0.03,31809506.59,19971595.2,1883493.63,1914842.63,6459528.4
P0023,Manufacturing,Medium,7,0.6,52307474.13,0.23,0.35,4,0.04,0.02,26511795.01,15540071.29,2476471.59,1752205.26,5887332.78
P0023,Manufacturing,Medium,7,0.6,52307474.13,0.23,0.35,5,0.03,0.01,30533812.24,19352229.5,2155182.98,1957104.26,6172419.78
P0023,Manufacturing,Medium,7,0.6,52307474.13,0.23,0.35,6,0.09,-0.01,28404046.51,17584172.25,2808227.87,1678623.54,5889295.6
P0023,Manufacturing,Medium,7,0.6,52307474.13,0.23,0.35,7,0.07,0.07,32082016.18,19874900.94,372929.77,1947367.33,8776229.65
P0024,Energy,Large,3,0.58,71025856.35,0.21,0.47,1,0.06,0.01,10261306.86,5419439.56,6440746.35,760038.92,-3558778.95
P0024,Energy,Large,3,0.58,71025856.35,0.21,0.47,2,0.05,0.09,14158893.59,7210687.06,1788101.08,1072850.99,3544267.61
P0024,Energy,Large,3,0.58,71025856.35,0.21,0.47,3,0.06,0.03,19628904.55,10583763.15,1371922.05,1501992.97,5173371.21
P0025,Manufacturing,Medium,5,0.87,92861006.84,0.29,0.52,1,0.08,0.06,16580551.12,13022547.57,6543188.66,1612903.46,-5367388.01
P0025,Manufacturing,Medium,5,0.87,92861006.84,0.29,0.52,2,0.03,0.09,32281345.14,24714397.26,2858057.37,3427960.77,720255.77
P0025,Manufacturing,Medium,5,0.87,92861006.84,0.29,0.52,3,0.05,0.03,34327305.16,24052760.15,1824655.11,3249783.56,5508813.57
P0025,Manufacturing,Medium,5,0.87,92861006.84,0.29,0.52,4,0.05,0.12,34474483.63,26503302.15,2548632.42,3300922.24,2872113.7
P0025,Manufacturing,Medium,5,0.87,92861006.84,0.29,0.52,5,0.08,0.12,36207670.29,25871686.31,1640745.93,3536255.43,5379309.13
P0026,Real Estate,Small,4,0.42,118061784.97,0.22,0.88,1,0.05,0.0,33126230.82,17026838.27,14258158.15,2922783.64,-4461040.65
P0026,Real Estate,Small,4,0.42,118061784.97,0.22,0.88,2,0.07,0.06,51348481.58,28049694.99,2939336.25,4117737.74,14517159.46
P0026,Real Estate,Small,4,0.42,118061784.97,0.22,0.88,3,0.03,0.05,72197143.6,39728553.35,5826821.35,5984500.31,17175358.44
P0026,Real Estate,Small,4,0.42,118061784.97,0.22,0.88,4,0.05,0.04,70800080.02,34537601.84,1141694.75,5565007.65,27963844.02
P0027,Energy,Small,10,0.52,43633657.75,0.22,0.49,1,0.05,0.02,18248262.16,9350906.32,5987229.39,816243.45,99370.18
P0027,Energy,Small,10,0.52,43633657.75,0.22,0.49,2,0.02,0.04,17851197.29,9863868.31,1061503.77,849112.22,5284909.99
P0027,Energy,Small,10,0.52,43633657.75,0.22,0.49,3,0.03,0.07,25671913.21,13526859.58,1393123.56,1092084.14,7208627.18
P0027,Energy,Small,10,0.52,43633657.75,0.22,0.49,4,0.08,0.08,32789675.43,18210588.01,950528.27,1496029.5,9969765.81
P0027,Energy,Small,10,0.52,43633657.75,0.22,0.49,5,0.05,0.04,29000167.75,14717200.77,554286.86,1365683.35,10549476.23
P0027,Energy,Small,10,0.52,43633657.75,0.22,0.49,6,0.06,-0.03,31079212.2,16315896.15,2718500.46,1458331.07,9020038.1
P0027,Energy,Small,10,0.52,43633657.75,0.22,0.49,7,0.06,0.06,26241461.3,13371022.28,856547.85,1235575.4,9586197.15
P0027,Energy,Small,10,0.52,43633657.75,0.22,0.49,8,0.08,0.01,31530583.69,17399993.46,1144572.4,1504441.27,9722149.74
P0027,Energy,Small,10,0.52,43633657.75,0.22,0.49,9,0.05,0.09,26834416.58,13704281.54,1628376.75,1270047.31,8806255.99
P0027,Energy,Small,10,0.52,43633657.75,0.22,0.49,10,0.04,0.08,34822644.83,18307657.27,840819.82,1740929.78,12166867.88
P0028,Energy,Large,6,0.58,289929911.77,0.26,0.78,1,0.03,0.04,71501985.36,40460301.5,29140914.63,4890631.05,-10578023.24
P0028,Energy,Large,6,0.58,289929911.77,0.26,0.78,2,0.06,0.05,93901139.75,53835258.47,11554470.93,6571295.52,16468258.86
P0028,Energy,Large,6,0.58,289929911.77,0.26,0.78,3,0.02,0.04,113918762.55,67318102.74,16432177.06,7147330.1,18668623.42
P0028,Energy,Large,6,0.58,289929911.77,0.26,0.78,4,0.05,0.06,116159957.52,63068118.32,15419292.62,6902154.23,24280881.47
P0028,Energy,Large,6,0.58,289929911.77,0.26,0.78,5,0.03,0.11,127988258.46,64002994.39,8733075.81,9878222.73,36808504.94
P0028,Energy,Large,6,0.58,289929911.77,0.26,0.78,6,0.05,0.04,126731943.9,78623795.64,3850594.38,8281478.91,32753252.18
P0029,Infrastructure,Medium,5,0.48,236697402.84,0.27,0.7,1,0.05,0.07,34971362.01,20484500.77,24498024.67,3021316.15,-16942643.47
P0029,Infrastructure,Medium,5,0.48,236697402.84,0.27,0.7,2,0.03,0.05,43641402.84,23657365.16,6212853.7,3519353.86,7529121.5
P0029,Infrastructure,Medium,5,0.48,236697402.84,0.27,0.7,3,0.04,0.05,65838793.61,36484828.26,12307003.2,5154619.4,7366687.79
P0029,Infrastructure,Medium,5,0.48,236697402.84,0.27,0.7,4,0.08,0.1,54849630.21,34206967.06,10914956.86,4590678.82,4788241.02
P0029,Infrastructure,Medium,5,0.48,236697402.84,0.27,0.7,5,0.05,0.08,67185152.09,37554559.11,2723484.31,5416750.88,17608401.18
P0030,Infrastructure,Large,5,0.3,105527533.64,0.32,0.8,1,0.07,0.09,26585385.07,16574627.96,11074717.59,3039663.67,-7661335.23
P0030,Infrastructure,Large,5,0.3,105527533.64,0.32,0.8,2,0.09,0.11,44899885.64,25187929.65,2301453.51,5325839.63,9115597.68
P0030,Infrastructure,Large,5,0.3,105527533.64,0.32,0.8,3,0.06,0.07,50077759.6,26589381.79,2912144.68,6060719.23,12827588.44
P0030,Infrastructure,Large,5,0.3,105527533.64,0.32,0.8,4,0.04,0.07,57478998.09,32702662.97,4427912.0,6005216.18,12667785.07
P0030,Infrastructure,Large,5,0.3,105527533.64,0.32,0.8,5,0.04,0.09,54392335.77,30349300.94,2427914.47,6435696.67,13090412.1
P0031,Infrastructure,Large,7,0.8,373573957.16,0.28,0.34,1,0.07,0.07,99192371.88,87765406.14,37804248.58,4254325.99,-33417461.13
P0031,Infrastructure,Large,7,0.8,373573957.16,0.28,0.34,2,0.08,0.08,124633886.52,103999355.68,7784804.08,5544168.59,6137731.91
P0031,Infrastructure,Large,7,0.8,373573957.16,0.28,0.34,3,0.02,0.06,134445430.65,104472801.2,5516433.63,6414281.61,14877197.43
P0031,Infrastructure,Large,7,0.8,373573957.16,0.28,0.34,4,0.06,0.08,139594786.34,126272592.5,15504630.59,6222756.22,-5844860.8
P0031,Infrastructure,Large,7,0.8,373573957.16,0.28,0.34,5,0.06,0.1,149842247.76,112114622.48,15271658.31,5921358.19,12964120.81
P0031,Infrastructure,Large,7,0.8,373573957.16,0.28,0.34,6,0.06,0.05,147988160.78,118314455.97,5044423.31,5564924.85,16761929.81
P0031,Infrastructure,Large,7,0.8,373573957.16,0.28,0.34,7,0.05,0.05,153109648.56,124303499.65,8184302.02,6299227.97,12695211.93
P0032,Infrastructure,Small,4,0.8,60445453.51,0.28,0.52,1,0.06,0.09,8939151.27,5653008.39,5980173.19,555167.91,-4059125.89
P0032,Infrastructure,Small,4,0.8,60445453.51,0.28,0.52,2,0.04,0.07,9304796.31,5850378.34,1292813.46,590125.48,1114811.39
P0032,Infrastructure,Small,4,0.8,60445453.51,0.28,0.52,3,0.03,0.03,13106466.48,8746206.36,1991046.54,744043.18,1037770.14
P0032,Infrastructure,Small,4,0.8,60445453.51,0.28,0.52,4,0.03,0.06,11782972.07,7463157.69,1539028.95,713462.86,1692038.85
P0033,Real Estate,Medium,8,0.39,153017120.7,0.29,0.44,1,0.05,0.02,36465447.84,23726043.84,11513799.34,2847229.61,-5296105.98
P0033,Real Estate,Medium,8,0.39,153017120.7,0.29,0.44,2,0.07,0.14,52394765.98,36413505.24,5819349.72,4115391.6,4295640.24
P0033,Real Estate,Medium,8,0.39,153017120.7,0.29,0.44,3,0.06,0.08,80134167.52,52448849.47,7832490.75,5897621.46,10112853.3
P0033,Real Estate,Medium,8,0.39,153017120.7,0.29,0.44,4,0.08,0.07,84684483.81,53290405.3,5919244.47,6127529.4,16959072.07
P0033,Real Estate,Medium,8,0.39,153017120.7,0.29,0.44,5,0.07,0.09,70504850.2,46100445.4,8358454.85,6018733.68,9623664.68
P0033,Real Estate,Medium,8,0.39,153017120.7,0.29,0.44,6,0.06,0.09,93881671.14,60452408.3,1880573.29,7239924.35,21194395.05
P0033,Real Estate,Medium,8,0.39,153017120.7,0.29,0.44,7,0.07,0.03,75545094.19,53425572.84,5098915.86,6855724.12,10784117.55
P0033,Real Estate,Medium,8,0.39,153017120.7,0.29,0.44,8,0.04,0.04,77971467.76,49042195.25,3120195.56,6119983.06,18618791.5
P0034,Healthcare,Small,4,0.64,49884515.0,0.24,0.41,1,0.06,0.02,8698070.72,4919948.73,6412847.4,783757.61,-4220293.35
P0034,Healthcare,Small,4,0.64,49884515.0,0.24,0.41,2,0.05,0.04,17913106.15,9380016.59,1362753.69,1692532.02,4365167.73
P0034,Healthcare,Small,4,0.64,49884515.0,0.24,0.41,3,0.05,0.0,17681407.87,9748593.93,1160111.89,1750968.35,4862351.4
P0034,Healthcare,Small,4,0.64,49884515.0,0.24,0.41,4,0.06,0.01,21149568.97,11038815.34,792469.43,2175783.13,6223424.08
P0035,Energy,Small,10,0.42,113747823.4,0.26,0.46,1,0.07,0.06,20511954.2,11132705.23,12481168.05,1835533.99,-7029272.77
P0035,Energy,Small,10,0.42,113747823.4,0.26,0.46,2,0.08,0.15,41883708.8,23355727.17,1565168.84,3853980.48,10196538.85
P0035,Energy,Small,10,0.42,113747823.4,0.26,0.46,3,0.07,0.05,50044133.85,26872589.37,3911686.52,4404045.44,13140905.65
P0035,Energy,Small,10,0.42,113747823.4,0.26,0.46,4,0.06,0.08,47458956.97,25654504.47,1738938.09,4350344.89,13948081.86
P0035,Energy,Small,10,0.42,113747823.4,0.26,0.46,5,0.06,0.07,50293178.67,27306381.51,5412225.76,4743374.48,11074331.65
P0035,Energy,Small,10,0.42,113747823.4,0.26,0.46,6,0.09,0.11,55346790.08,28219575.15,4613785.45,5201721.57,15248546.07
P0035,Energy,Small,10,0.42,113747823.4,0.26,0.46,7,0.07,0.04,57407971.21,30369095.83,3211150.78,5332250.16,16942827.19
P0035,Energy,Small,10,0.42,113747823.4,0.26,0.46,8,0.1,0.07,46421226.81,27064906.96,3341513.42,4477654.52,12631428.64
P0035,Energy,Small,10,0.42,113747823.4,0.26,0.46,9,0.02,0.12,54558644.52,25130889.44,4444885.26,5168445.45,16981483.85
P0035,Energy,Small,10,0.42,113747823.4,0.26,0.46,10,0.05,-0.0,49185269.43,23543890.78,2324195.05,4124034.28,17722203.98
P0036,Healthcare,Medium,4,0.95,98479700.72,0.22,0.84,1,0.02,0.05,38615289.69,25820637.94,9077799.84,2331604.7,-1373790.37
P0036,Healthcare,Medium,4,0.95,98479700.72,0.22,0.84,2,0.06,0.05,52972615.04,36603311.13,4932314.35,2957707.95,7145734.27
P0036,Healthcare,Medium,4,0.95,98479700.72,0.22,0.84,3,0.03,0.07,64816693.89,47040062.33,3048699.83,3471599.07,9744700.82
P0036,Healthcare,Medium,4,0.95,98479700.72,0.22,0.84,4,0.08,0.11,76141243.45,51401709.11,2346904.77,4508153.95,17245903.32
P0037,Infrastructure,Medium,6,0.61,249204272.08,0.22,0.72,1,0.07,0.05,66024340.59,43043362.97,31860380.23,5990455.52,-17761949.17
P0037,Infrastructure,Medium,6,0.61,249204272.08,0.22,0.72,2,0.06,0.14,110427399.62,68676585.6,13213504.82,9610692.69,16127968.31
P0037,Infrastructure,Medium,6,0.61,249204272.08,0.22,0.72,3,0.06,0.15,106079697.4,65429082.4,5943277.79,7964372.35,27400828.09
P0037,Infrastructure,Medium,6,0.61,249204272.08,0.22,0.72,4,0.08,0.05,117766698.55,78314707.89,9548789.12,10623246.7,19259619.95
P0037,Infrastructure,Medium,6,0.61,249204272.08,0.22,0.72,5,0.07,0.08,109081609.89,64378708.01,3396434.0,9626685.57,32792145.87
P0037,Infrastructure,Medium,6,0.61,249204272.08,0.22,0.72,6,0.08,0.09,126159130.22,80219181.63,3374355.19,12454549.52,30171502.86
P0038,Infrastructure,Medium,4,0.36,212982756.39,0.22,0.4,1,0.05,0.06,29917090.59,24829218.47,13290008.98,2466741.16,-11833017.19
P0038,Infrastructure,Medium,4,0.36,212982756.39,0.22,0.4,2,0.08,0.03,39636212.15,30844275.36,2880246.43,3349741.73,3038236.29
P0038,Infrastructure,Medium,4,0.36,212982756.39,0.22,0.4,3,0.04,0.1,54606904.3,45031822.11,4881619.57,5080841.6,910215.53
P0038,Infrastructure,Medium,4,0.36,212982756.39,0.22,0.4,4,0.04,0.07,57630571.64,47483559.9,1630275.75,4446489.34,6932906.65
P0039,Real Estate,Medium,9,0.93,166982377.42,0.21,0.27,1,0.07,0.05,43091009.73,22779517.64,16911748.97,3457224.47,-4211323.34
P0039,Real Estate,Medium,9,0.93,166982377.42,0.21,0.27,2,0.02,0.08,63095258.8,30959827.94,7600196.71,5079065.99,15830834.06
P0039,Real Estate,Medium,9,0.93,166982377.42,0.21,0.27,3,0.05,-0.01,76128646.74,36356568.87,3409287.21,6050631.84,27654851.52
P0039,Real Estate,Medium,9,0.93,166982377.42,0.21,0.27,4,0.08,0.09,86411631.11,45166048.53,11359678.84,7140008.22,19266427.63
P0039,Real Estate,Medium,9,0.93,166982377.42,0.21,0.27,5,0.04,0.05,86133223.45,46850864.76,10645015.78,6424195.77,21620135.26
P0039,Real Estate,Medium,9,0.93,166982377.42,0.21,0.27,6,0.04,0.01,86540232.9,48753525.2,10748560.67,6956108.04,18736903.79
P0039,Real Estate,Medium,9,0.93,166982377.42,0.21,0.27,7,0.03,0.1,91874533.11,49357892.26,10125779.66,7284700.96,23255020.94
P0039,Real Estate,Medium,9,0.93,166982377.42,0.21,0.27,8,0.07,0.12,83660079.36,42977993.91,6190677.02,7451495.03,27021853.93
P0039,Real Estate,Medium,9,0.93,166982377.42,0.21,0.27,9,0.06,0.06,79031712.96,41660210.52,825622.86,6224475.97,30216918.92
P0040,Real Estate,Small,3,0.48,51491988.76,0.32,0.56,1,0.08,0.06,13950504.77,8426753.44,7239308.66,1676569.58,-5101139.33
P0040,Real Estate,Small,3,0.48,51491988.76,0.32,0.56,2,0.05,0.11,24802056.81,13753291.07,993242.55,3004967.89,5233893.75
P0040,Real Estate,Small,3,0.48,51491988.76,0.32,0.56,3,0.06,0.03,25964854.03,14368190.76,1226210.26,3082798.27,6734298.61
P0041,Real Estate,Small,10,0.48,15738073.66,0.2,0.48,1,0.07,0.03,2051367.15,988909.56,1291597.42,153031.98,-585085.89
P0041,Real Estate,Small,10,0.48,15738073.66,0.2,0.48,2,0.06,0.03,4215636.06,1908413.49,1016559.07,305395.72,734353.36
P0041,Real Estate,Small,10,0.48,15738073.66,0.2,0.48,3,0.08,0.03,5618375.25,2686035.94,715097.12,407426.73,1613878.0
P0041,Real Estate,Small,10,0.48,15738073.66,0.2,0.48,4,0.06,0.04,4841712.92,2150609.52,400705.07,367058.46,1649319.11
P0041,Real Estate,Small,10,0.48,15738073.66,0.2,0.48,5,0.07,0.05,5435678.54,2256463.84,890759.39,387929.95,1591919.66
P0041,Real Estate,Small,10,0.48,15738073.66,0.2,0.48,6,0.03,0.07,4930800.64,2262867.44,801050.3,371710.39,1220431.93
P0041,Real Estate,Small,10,0.48,15738073.66,0.2,0.48,7,0.06,0.02,5426615.79,2312986.71,543881.25,395830.83,1879604.55
P0041,Real Estate,Small,10,0.48,15738073.66,0.2,0.48,8,0.04,0.09,5725963.75,2600657.65,605245.4,431825.32,1786946.86
P0041,Real Estate,Small,10,0.48,15738073.66,0.2,0.48,9,0.06,0.06,4769403.38,2251744.36,502155.22,355028.1,1584449.05
P0041,Real Estate,Small,10,0.48,15738073.66,0.2,0.48,10,0.04,0.05,5845879.95,2964046.39,139638.8,390906.21,2202642.35
P0042,Energy,Small,4,0.64,75059017.75,0.26,0.68,1,0.05,0.01,14464285.52,8351474.74,8630425.46,1751712.58,-5727874.83
P0042,Energy,Small,4,0.64,75059017.75,0.26,0.68,2,0.04,0.06,18611736.22,11885970.57,1542340.35,2205544.74,2886415.86
P0042,Energy,Small,4,0.64,75059017.75,0.26,0.68,3,0.04,0.01,19903869.67,11780497.95,1566026.99,2139764.19,4869829.55
P0042,Energy,Small,4,0.64,75059017.75,0.26,0.68,4,0.03,0.02,19809328.66,10990263.73,525954.1,2346408.19,6198454.73
P0043,Healthcare,Large,10,0.61,91340610.46,0.33,0.48,1,0.07,0.08,19351290.45,14269048.8,6076526.97,1223060.45,-3956935.44
P0043,Healthcare,Large,10,0.61,91340610.46,0.33,0.48,2,0.06,0.04,18840263.78,13797194.55,1701961.95,1032704.68,1875446.42
P0043,Healthcare,Large,10,0.61,91340610.46,0.33,0.48,3,0.08,0.0,26360980.97,21838380.99,2227698.48,1484480.85,329244.19
P0043,Healthcare,Large,10,0.61,91340610.46,0.33,0.48,4,0.03,0.08,30980643.22,22342802.05,2277108.81,1867616.43,2933422.39
P0043,Healthcare,Large,10,0.61,91340610.46,0.33,0.48,5,0.07,0.05,30340555.83,24310904.05,5270890.03,1940500.19,-1326029.77
P0043,Healthcare,Large,10,0.61,91340610.46,0.33,0.48,6,0.07,0.03,24935756.91,19878847.32,3140595.04,1371923.12,773558.99
P0043,Healthcare,Large,10,0.61,91340610.46,0.33,0.48,7,0.03,0.04,26669525.63,19153685.49,5201162.99,1552303.99,-367617.19
P0043,Healthcare,Large,10,0.61,91340610.46,0.33,0.48,8,0.06,0.03,31478472.56,20232328.64,3279973.36,1944556.45,3570898.45
P0043,Healthcare,Large,10,0.61,91340610.46,0.33,0.48,9,0.05,0.01,26851094.4,19860640.97,2770293.8,1539811.64,2357876.63
P0043,Healthcare,Large,10,0.61,91340610.46,0.33,0.48,10,0.02,0.04,31857352.42,23165446.14,1252523.13,1804147.3,4399782.9
P0044,Energy,Medium,3,0.6,41431610.62,0.3,0.3,1,0.04,0.06,9669957.17,5242461.32,2181260.7,678326.64,241779.42
P0044,Energy,Medium,3,0.6,41431610.62,0.3,0.3,2,0.07,0.03,13835387.27,8195676.54,1902728.55,935646.86,1780859.16
P0044,Energy,Medium,3,0.6,41431610.62,0.3,0.3,3,0.05,0.03,18740135.96,10181992.13,894274.72,1213725.68,4785045.06
P0045,Infrastructure,Small,10,0.72,201882038.99,0.21,0.58,1,0.05,0.12,33068449.03,22189098.75,25113435.4,2515919.19,-18969131.91
P0045,Infrastructure,Small,10,0.72,201882038.99,0.21,0.58,2,0.05,0.1,42286135.62,29492750.72,4640922.55,2963591.67,5196807.15
P0045,Infrastructure,Small,10,0.72,201882038.99,0.21,0.58,3,0.07,0.03,43305358.43,31514787.75,8324319.51,2980338.99,1037690.26
P0045,Infrastructure,Small,10,0.72,201882038.99,0.21,0.58,4,0.05,0.03,46673575.29,35332745.25,3715221.78,3398954.42,4524973.72
P0045,Infrastructure,Small,10,0.72,201882038.99,0.21,0.58,5,0.06,0.15,60099489.58,47056718.61,6350251.29,4425472.69,3247370.04
P0045,Infrastructure,Small,10,0.72,201882038.99,0.21,0.58,6,0.07,0.01,55125211.8,38011502.57,9065929.95,3797721.83,5417990.21
P0045,Infrastructure,Small,10,0.72,201882038.99,0.21,0.58,7,0.06,0.03,50183644.27,36331624.61,8918543.82,3911312.84,1916988.32
P0045,Infrastructure,Small,10,0.72,201882038.99,0.21,0.58,8,0.05,0.01,47132893.23,37347300.64,10573725.37,3611947.07,-2377758.44
P0045,Infrastructure,Small,10,0.72,201882038.99,0.21,0.58,9,0.07,0.09,56745402.37,44682738.76,5828181.29,3912753.24,3337719.54
P0045,Infrastructure,Small,10,0.72,201882038.99,0.21,0.58,10,0.07,0.0,51429721.64,37914546.32,4950208.33,3567536.2,6343757.27
P0046,Technology,Medium,8,0.53,52166467.93,0.26,0.46,1,0.02,0.07,19255208.19,10448152.49,2996342.1,1368930.6,2111744.89
P0046,Technology,Medium,8,0.53,52166467.93,0.26,0.46,2,0.08,0.07,27273765.09,15801609.25,2100712.15,1966491.45,6154897.89
P0046,Technology,Medium,8,0.53,52166467.93,0.26,0.46,3,0.05,0.08,34464407.21,20329218.19,3127647.01,2534524.0,6829186.5
P0046,Technology,Medium,8,0.53,52166467.93,0.26,0.46,4,0.05,0.04,38097963.25,22955977.68,1236238.85,2768995.48,9838218.94
P0046,Technology,Medium,8,0.53,52166467.93,0.26,0.46,5,0.04,0.06,39827497.28,22110818.72,2413596.28,3105007.15,10004028.88
P0046,Technology,Medium,8,0.53,52166467.93,0.26,0.46,6,0.06,0.13,40999129.56,23619028.28,1312787.61,3133431.19,11585520.49
P0046,Technology,Medium,8,0.53,52166467.93,0.26,0.46,7,0.09,0.05,34195988.05,20304289.4,2056940.85,2558123.45,8425663.23
P0046,Technology,Medium,8,0.53,52166467.93,0.26,0.46,8,0.05,0.09,38345962.27,20770370.49,995055.6,2876968.74,11349707.45
P0047,Real Estate,Medium,6,0.58,106017909.32,0.24,0.55,1,0.05,0.05,38387070.9,17104965.16,13867768.79,3034451.08,-648424.64
P0047,Real Estate,Medium,6,0.58,106017909.32,0.24,0.55,2,0.05,0.02,46267047.68,20979131.27,2225460.96,4181614.39,16410700.04
P0047,Real Estate,Medium,6,0.58,106017909.32,0.24,0.55,3,0.08,0.07,53712994.43,24444402.25,2093413.18,4553606.96,19608770.67
P0047,Real Estate,Medium,6,0.58,106017909.32,0.24,0.55,4,0.08,0.08,60229324.58,27348030.87,3420361.69,5189901.34,20820336.76
P0047,Real Estate,Medium,6,0.58,106017909.32,0.24,0.55,5,0.07,0.1,68203948.61,30930074.48,4409361.94,5835660.85,25588899.36
P0047,Real Estate,Medium,6,0.58,106017909.32,0.24,0.55,6,0.08,0.08,53121882.12,22045987.07,1242999.04,3936488.42,23963825.36
P0048,Manufacturing,Small,6,0.27,37196274.89,0.24,0.66,1,0.04,0.05,11667600.43,9821213.54,3061446.34,1195718.93,-2860136.82
P0048,Manufacturing,Small,6,0.27,37196274.89,0.24,0.66,2,0.02,0.05,22661784.99,18984216.01,2256326.0,2434371.7,-692926.04
P0048,Manufacturing,Small,6,0.27,37196274.89,0.24,0.66,3,0.07,0.03,22272318.61,17565427.27,1186013.88,2269526.38,2396796.21
P0048,Manufacturing,Small,6,0.27,37196274.89,0.24,0.66,4,0.03,0.01,23429403.52,19571880.45,1293360.75,2495199.48,1434708.56
P0048,Manufacturing,Small,6,0.27,37196274.89,0.24,0.66,5,0.07,0.08,20125809.25,16191759.3,1448578.89,2262853.48,1694824.56
P0048,Manufacturing,Small,6,0.27,37196274.89,0.24,0.66,6,0.08,0.01,22619643.17,17086635.16,323622.19,2471105.16,3633833.35
P0049,Energy,Large,5,0.66,201318389.88,0.3,0.81,1,0.04,0.05,54258100.0,38110988.39,17094663.84,5424558.1,-11164895.82
P0049,Energy,Large,5,0.66,201318389.88,0.3,0.81,2,0.02,0.08,88167116.46,63079755.08,11383261.35,8239514.46,3353336.8
P0049,Energy,Large,5,0.66,201318389.88,0.3,0.81,3,0.08,0.11,103414881.08,74426954.76,2818839.82,10749755.63,14022813.95
P0049,Energy,Large,5,0.66,201318389.88,0.3,0.81,4,0.05,0.07,101764244.25,72756975.76,2987231.29,10299542.31,18094544.9
P0049,Energy,Large,5,0.66,201318389.88,0.3,0.81,5,0.09,0.09,114245445.45,79352384.18,3232702.07,12412928.92,19776842.78
P0050,Infrastructure,Large,8,0.5,280608451.05,0.22,0.51,1,0.05,0.08,50320695.82,39886549.9,28987190.61,4559921.67,-25501910.92
P0050,Infrastructure,Large,8,0.5,280608451.05,0.22,0.51,2,0.05,0.09,75844545.39,64598886.34,11557959.58,6595030.45,-4930350.84
P0050,Infrastructure,Large,8,0.5,280608451.05,0.22,0.51,3,0.05,0.04,87994965.22,68226280.1,9658464.67,7620700.14,4643037.64
P0050,Infrastructure,Large,8,0.5,280608451.05,0.22,0.51,4,0.06,0.08,97287261.96,75375854.0,7135148.44,8528111.82,8756710.9
P0050,Infrastructure,Large,8,0.5,280608451.05,0.22,0.51,5,0.06,0.02,90408691.67,68993191.91,9946691.78,8568820.38,6579706.44
P0050,Infrastructure,Large,8,0.5,280608451.05,0.22,0.51,6,0.05,0.09,126997954.24,87153978.83,6074717.63,10942767.48,22219738.47
P0050,Infrastructure,Large,8,0.5,280608451.05,0.22,0.51,7,0.07,0.05,116991565.32,88372033.06,15047808.69,9848462.0,8272531.78
P0050,Infrastructure,Large,8,0.5,280608451.05,0.22,0.51,8,0.05,0.08,103221739.58,76095866.51,3592501.68,8103921.85,19808169.8
P0051,Technology,Large,8,0.56,52600253.19,0.28,0.71,1,0.07,0.05,12358510.03,8606608.62,5154630.21,706961.47,-3013660.75
P0051,Technology,Large,8,0.56,52600253.19,0.28,0.71,2,0.08,0.03,18505123.8,13776632.64,987251.14,935476.36,2202862.7
P0051,Technology,Large,8,0.56,52600253.19,0.28,0.71,3,0.04,0.03,25670930.54,16176648.95,2487240.17,1419563.31,3785403.95
P0051,Technology,Large,8,0.56,52600253.19,0.28,0.71,4,0.03,0.08,24353355.39,18392327.0,3215437.78,1254158.8,1227517.49
P0051,Technology,Large,8,0.56,52600253.19,0.28,0.71,5,0.03,0.08,30025838.77,20163526.7,1316839.69,1693174.62,5199431.97
P0051,Technology,Large,8,0.56,52600253.19,0.28,0.71,6,0.08,0.08,28118866.46,20081644.08,2738406.74,1444277.39,3205158.64
P0051,Technology,Large,8,0.56,52600253.19,0.28,0.71,7,0.07,0.06,25033343.95,19253890.9,2604651.99,1266819.32,1715785.85
P0051,Technology,Large,8,0.56,52600253.19,0.28,0.71,8,0.08,0.05,24908124.75,19355434.58,823332.25,1450876.29,2993661.69
P0052,Technology,Small,10,0.34,38868963.01,0.31,0.41,1,0.08,0.1,21864144.67,12617600.44,3362198.19,1954163.88,1009595.27
P0052,Technology,Small,10,0.34,38868963.01,0.31,0.41,2,0.04,0.09,23690976.25,13633958.54,1401303.61,2253627.95,4951534.96
P0052,Technology,Small,10,0.34,38868963.01,0.31,0.41,3,0.08,0.04,32270651.65,19598646.01,1968373.33,2863924.68,6332872.97
P0052,Technology,Small,10,0.34,38868963.01,0.31,0.41,4,0.05,0.07,29765626.51,17331318.1,413485.22,2758509.38,8310397.99
P0052,Technology,Small,10,0.34,38868963.01,0.31,0.41,5,0.04,0.06,38384605.44,22320567.86,1530282.15,3021341.9,9161226.81
P0052,Technology,Small,10,0.34,38868963.01,0.31,0.41,6,0.03,0.05,32412739.01,18801142.51,445386.69,2919790.6,9486185.48
P0052,Technology,Small,10,0.34,38868963.01,0.31,0.41,7,0.05,0.12,36528582.69,20732008.95,460165.53,2853997.8,9379094.91
P0052,Technology,Small,10,0.34,38868963.01,0.31,0.41,8,0.08,0.1,37979458.93,22236085.24,1414736.59,3533800.91,8459334.58
P0052,Technology,Small,10,0.34,38868963.01,0.31,0.41,9,0.08,0.14,32335574.37,20498955.58,1891263.28,3093406.42,6578712.66
P0052,Technology,Small,10,0.34,38868963.01,0.31,0.41,10,0.06,0.01,36918711.06,21147995.55,370046.75,3589233.88,9708887.5
P0053,Real Estate,Small,10,0.33,93031162.48,0.26,0.38,1,0.05,0.05,21525575.91,10080017.89,10907752.6,1928531.66,-4177200.78
P0053,Real Estate,Small,10,0.33,93031162.48,0.26,0.38,2,0.07,0.05,38243093.38,17113866.37,2486689.16,3280704.72,12312926.52
P0053,Real Estate,Small,10,0.33,93031162.48,0.26,0.38,3,0.04,0.07,53137470.01,24876933.72,5077056.45,5054365.37,13714920.37
P0053,Real Estate,Small,10,0.33,93031162.48,0.26,0.38,4,0.07,0.13,59603927.47,27709360.69,1826602.26,5922985.4,19805169.5
P0053,Real Estate,Small,10,0.33,93031162.48,0.26,0.38,5,0.05,0.09,50343035.25,23393181.88,1230580.53,4226053.61,20934579.79
P0053,Real Estate,Small,10,0.33,93031162.48,0.26,0.38,6,0.06,0.06,56228425.48,25799928.58,4646914.2,4896584.22,15925223.02
P0053,Real Estate,Small,10,0.33,93031162.48,0.26,0.38,7,0.04,0.07,63739568.59,30973371.33,5495666.88,6441190.48,18251584.01
P0053,Real Estate,Small,10,0.33,93031162.48,0.26,0.38,8,0.07,0.08,55577985.43,27288882.94,3718764.56,4374017.57,20385236.28
P0053,Real Estate,Small,10,0.33,93031162.48,0.26,0.38,9,0.05,0.07,67696108.77,29840073.17,4417429.6,6282355.68,22689944.4
P0053,Real Estate,Small,10,0.33,93031162.48,0.26,0.38,10,0.03,0.05,64046523.18,30569317.64,1557126.98,6436895.35,22544244.57
P0054,Infrastructure,Medium,6,0.56,199898360.38,0.32,0.57,1,0.04,0.01,31692324.3,21092202.09,23157943.59,3869668.91,-19044106.23
P0054,Infrastructure,Medium,6,0.56,199898360.38,0.32,0.57,2,0.06,0.07,60690870.05,40239294.99,6869159.81,6823701.16,3954684.7
P0054,Infrastructure,Medium,6,0.56,199898360.38,0.32,0.57,3,0.05,0.04,63822857.47,41725346.51,4546148.76,8644676.88,8919519.32
P0054,Infrastructure,Medium,6,0.56,199898360.38,0.32,0.57,4,0.04,0.05,73141644.69,50376511.21,2745704.22,9804815.97,11768855.3
P0054,Infrastructure,Medium,6,0.56,199898360.38,0.32,0.57,5,0.05,0.07,71396406.03,46685177.08,7463222.34,9179484.44,9799734.13
P0054,Infrastructure,Medium,6,0.56,199898360.38,0.32,0.57,6,0.07,0.0,56320851.42,42021040.83,3137204.47,7247470.43,8808495.07
P0055,Manufacturing,Small,10,0.26,40711408.2,0.26,0.77,1,0.07,-0.01,20514558.9,14736541.47,3722843.1,1370789.08,-839285.4
P0055,Manufacturing,Small,10,0.26,40711408.2,0.26,0.77,2,0.08,0.07,27417989.76,20225170.69,1997706.46,1727016.25,2937796.26
P0055,Manufacturing,Small,10,0.26,40711408.2,0.26,0.77,3,0.08,-0.02,28560898.69,20899186.65,1866338.25,1824477.18,3779973.28
P0055,Manufacturing,Small,10,0.26,40711408.2,0.26,0.77,4,0.07,0.05,35306061.87,25265315.47,1699868.93,2387277.75,5019348.48
P0055,Manufacturing,Small,10,0.26,40711408.2,0.26,0.77,5,0.06,0.1,38309141.97,27825481.76,1314112.34,2551546.66,6451928.4
P0055,Manufacturing,Small,10,0.26,40711408.2,0.26,0.77,6,0.05,0.05,41714270.59,30390878.63,1592491.98,2874570.18,6448906.91
P0055,Manufacturing,Small,10,0.26,40711408.2,0.26,0.77,7,0.03,0.05,37511929.64,24344148.67,2069183.81,2177297.53,8408587.21
P0055,Manufacturing,Small,10,0.26,40711408.2,0.26,0.77,8,0.05,0.08,34401188.99,23757654.21,671491.64,2190164.48,7032872.08
P0055,Manufacturing,Small,10,0.26,40711408.2,0.26,0.77,9,0.05,0.15,44232976.13,31946245.93,1350600.56,2693161.11,7405505.97
P0055,Manufacturing,Small,10,0.26,40711408.2,0.26,0.77,10,0.05,0.04,38206594.07,27656602.01,455152.28,2639117.35,7387811.79
P0056,Energy,Small,8,0.59,78504825.78,0.26,0.54,1,0.05,0.06,33745966.29,22960048.81,6497722.6,2648212.85,-1248794.83
P0056,Energy,Small,8,0.59,78504825.78,0.26,0.54,2,0.05,0.05,45211398.64,31649081.31,2703218.8,4008594.58,5974343.32
P0056,Energy,Small,8,0.59,78504825.78,0.26,0.54,3,0.05,0.07,60556797.32,40816631.48,1719676.19,4895352.76,11741439.96
P0056,Energy,Small,8,0.59,78504825.78,0.26,0.54,4,0.05,0.02,54478296.91,37737202.79,2896721.68,4374431.66,10287280.43
P0056,Energy,Small,8,0.59,78504825.78,0.26,0.54,5,0.07,0.08,58569855.34,37192060.44,1469125.08,4798722.0,13924159.83
P0056,Energy,Small,8,0.59,78504825.78,0.26,0.54,6,0.05,0.02,50546373.39,30588336.54,3935943.05,4299033.09,10966163.48
P0056,Energy,Small,8,0.59,78504825.78,0.26,0.54,7,0.07,0.05,57723091.69,38345171.85,4713479.39,4657148.41,9545923.67
P0056,Energy,Small,8,0.59,78504825.78,0.26,0.54,8,0.05,0.09,63018980.83,43573073.13,719069.43,5981385.12,12202243.1
P0057,Energy,Small,4,0.73,144917504.75,0.24,0.31,1,0.03,0.07,40522959.57,24015782.04,17436337.36,2343708.96,-7238758.26
P0057,Energy,Small,4,0.73,144917504.75,0.24,0.31,2,0.09,0.03,55183032.09,36694919.22,6525147.01,3277812.76,6595081.95
P0057,Energy,Small,4,0.73,144917504.75,0.24,0.31,3,0.05,0.08,74068300.5,46885056.64,8912668.51,3998027.6,10665620.73
P0057,Energy,Small,4,0.73,144917504.75,0.24,0.31,4,0.09,0.05,71079514.31,43863226.93,3500998.71,3703128.88,17672386.11
P0058,Real Estate,Medium,10,0.7,149196842.48,0.3,0.5,1,0.05,0.07,44652444.97,26293775.49,15069496.27,3727117.39,-5874854.49
P0058,Real Estate,Medium,10,0.7,149196842.48,0.3,0.5,2,0.05,0.05,57044344.75,30795019.95,9161019.62,4508446.95,8271587.69
P0058,Real Estate,Medium,10,0.7,149196842.48,0.3,0.5,3,0.04,0.11,82373442.67,48700687.27,6976992.07,6425931.47,14433919.22
P0058,Real Estate,Medium,10,0.7,149196842.48,0.3,0.5,4,0.02,0.01,90990346.9,56676082.83,5484763.38,7052898.75,18519946.46
P0058,Real Estate,Medium,10,0.7,149196842.48,0.3,0.5,5,0.06,0.14,91406716.94,58302854.54,3903056.78,7335521.57,18204840.98
P0058,Real Estate,Medium,10,0.7,149196842.48,0.3,0.5,6,0.03,0.08,93253429.77,49839018.25,2350633.31,7954251.38,27883366.04
P0058,Real Estate,Medium,10,0.7,149196842.48,0.3,0.5,7,0.08,0.05,87733018.05,50476276.89,4411981.05,6667489.26,23379578.84
P0058,Real Estate,Medium,10,0.7,149196842.48,0.3,0.5,8,0.04,0.04,74711995.47,44528825.95,6964065.32,6675409.71,14384624.56
P0058,Real Estate,Medium,10,0.7,149196842.48,0.3,0.5,9,0.07,0.07,88740182.25,51491195.22,3189464.31,6742369.72,22502255.14
P0058,Real Estate,Medium,10,0.7,149196842.48,0.3,0.5,10,0.05,0.02,97240671.7,57583010.84,3653254.9,7361441.07,23294912.49
P0059,Real Estate,Small,10,0.95,99100231.78,0.17,0.46,1,0.02,0.07,13792336.78,7547448.56,12643542.44,846156.81,-9121770.7
P0059,Real Estate,Small,10,0.95,99100231.78,0.17,0.46,2,0.05,-0.01,17852039.37,10299272.87,4629267.48,1222758.36,1185563.36
P0059,Real Estate,Small,10,0.95,99100231.78,0.17,0.46,3,0.03,0.04,20105526.5,11133587.05,1693642.4,1320486.74,5696250.55
P0059,Real Estate,Small,10,0.95,99100231.78,0.17,0.46,4,0.03,0.07,23477818.86,12382732.66,5449632.13,1592470.0,3367615.78
P0059,Real Estate,Small,10,0.95,99100231.78,0.17,0.46,5,0.02,0.09,23487646.08,12192105.9,6175449.41,1422441.76,3356964.37
P0059,Real Estate,Small,10,0.95,99100231.78,0.17,0.46,6,0.07,0.06,22605568.36,11240607.96,6574880.55,1330587.04,2916161.53
P0059,Real Estate,Small,10,0.95,99100231.78,0.17,0.46,7,0.06,0.1,25724118.34,14614190.24,3573923.85,1589383.41,5411182.23
P0059,Real Estate,Small,10,0.95,99100231.78,0.17,0.46,8,0.06,0.04,23977621.24,13533257.73,1872328.91,1497194.92,7183888.0
P0059,Real Estate,Small,10,0.95,99100231.78,0.17,0.46,9,0.07,0.02,20293163.56,11914118.18,4548284.38,1078625.13,2786110.46
P0059,Real Estate,Small,10,0.95,99100231.78,0.17,0.46,10,0.06,0.07,23320752.79,12153097.1,2011649.23,1345657.53,6724965.5
P0060,Technology,Medium,3,0.26,29327276.99,0.19,0.28,1,0.02,0.04,14955018.4,7030191.65,2016120.39,1395881.91,2956581.81
P0060,Technology,Medium,3,0.26,29327276.99,0.19,0.28,2,0.07,0.01,25679817.63,12896230.71,842381.37,2575079.64,7943223.91
P0060,Technology,Medium,3,0.26,29327276.99,0.19,0.28,3,0.02,0.07,32869907.97,17218549.88,320095.31,3326961.55,12370141.11
P0061,Manufacturing,Large,5,0.6,109560720.51,0.16,0.25,1,0.11,0.06,33057181.13,19868705.88,11910760.13,2259677.59,-3236618.51
P0061,Manufacturing,Large,5,0.6,109560720.51,0.16,0.25,2,0.06,0.04,63132260.32,38806055.52,4180811.57,4921974.56,13717235.3
P0061,Manufacturing,Large,5,0.6,109560720.51,0.16,0.25,3,0.05,0.1,80576042.21,46157269.58,5521268.31,5832850.35,21397711.37
P0061,Manufacturing,Large,5,0.6,109560720.51,0.16,0.25,4,0.04,0.06,55957405.01,33955940.71,3251137.61,4170452.83,16822272.01
P0061,Manufacturing,Large,5,0.6,109560720.51,0.16,0.25,5,0.05,0.05,84514114.02,52351745.14,543904.69,6726466.25,23596467.17
P0062,Healthcare,Small,9,0.57,9208766.26,0.26,0.64,1,0.06,0.04,3761652.08,2023639.97,1200398.64,403892.94,-300009.77
P0062,Healthcare,Small,9,0.57,9208766.26,0.26,0.64,2,0.07,0.05,4945261.65,2670624.34,212649.44,520448.06,1337071.12
P0062,Healthcare,Small,9,0.57,9208766.26,0.26,0.64,3,0.08,0.03,7161371.54,4293349.75,506444.45,791362.02,1335269.49
P0062,Healthcare,Small,9,0.57,9208766.26,0.26,0.64,4,0.05,0.06,7229213.6,3752774.7,336754.51,811709.05,2075690.73
P0062,Healthcare,Small,9,0.57,9208766.26,0.26,0.64,5,0.05,0.03,7422653.15,4336867.78,460053.19,768329.61,1926137.46
P0062,Healthcare,Small,9,0.57,9208766.26,0.26,0.64,6,0.03,0.02,5695601.69,3405379.92,179027.39,493869.92,1696537.48
P0062,Healthcare,Small,9,0.57,9208766.26,0.26,0.64,7,0.05,0.05,6325671.84,3517967.47,334568.87,637314.95,1653054.77
P0062,Healthcare,Small,9,0.57,9208766.26,0.26,0.64,8,0.04,0.02,7032275.83,3828540.49,234354.6,753077.51,2111249.69
P0062,Healthcare,Small,9,0.57,9208766.26,0.26,0.64,9,0.07,0.03,8275294.58,4450404.05,46146.12,854024.33,2616623.09
P0063,Infrastructure,Medium,4,0.7,59040677.62,0.27,0.43,1,0.06,0.07,9412597.15,6213427.87,5260222.03,524409.25,-3567096.94
P0063,Infrastructure,Medium,4,0.7,59040677.62,0.27,0.43,2,0.04,0.1,11344777.62,7510458.76,978166.66,605779.67,1710771.33
P0063,Infrastructure,Medium,4,0.7,59040677.62,0.27,0.43,3,0.09,0.01,13272672.59,9595873.47,3174353.41,674293.86,-539700.84
P0063,Infrastructure,Medium,4,0.7,59040677.62,0.27,0.43,4,0.08,0.09,12929831.48,8920729.23,619185.47,673426.33,2434834.98
P0064,Manufacturing,Small,3,0.19,57677960.77,0.19,0.27,1,0.04,0.02,21197331.12,16196023.85,3074873.97,1520592.67,-560329.48
P0064,Manufacturing,Small,3,0.19,57677960.77,0.19,0.27,2,0.02,0.07,27630606.6,21975997.46,1001220.06,1970968.38,3143337.23
P0064,Manufacturing,Small,3,0.19,57677960.77,0.19,0.27,3,0.02,0.06,34434534.68,26862678.95,842107.92,2582691.48,4515960.05
P0065,Healthcare,Large,9,0.59,17306394.55,0.3,0.7,1,0.06,0.06,4026363.95,2552628.81,1554568.41,591128.59,-1076279.26
P0065,Healthcare,Large,9,0.59,17306394.55,0.3,0.7,2,0.05,0.07,5340645.35,3166740.03,1076874.97,671005.13,365949.67
P0065,Healthcare,Large,9,0.59,17306394.55,0.3,0.7,3,0.05,0.05,7189007.55,4212721.21,856242.5,883620.91,973991.37
P0065,Healthcare,Large,9,0.59,17306394.55,0.3,0.7,4,0.08,0.03,6147594.78,3493147.94,426274.36,723521.01,1605708.6
P0065,Healthcare,Large,9,0.59,17306394.55,0.3,0.7,5,0.06,0.07,7096859.69,4419245.51,643264.04,938757.17,971244.95
P0065,Healthcare,Large,9,0.59,17306394.55,0.3,0.7,6,0.06,0.11,6821655.38,4444411.52,472536.99,903625.62,1211406.05
P0065,Healthcare,Large,9,0.59,17306394.55,0.3,0.7,7,0.08,0.05,7007431.03,4380056.01,869477.43,821964.75,1089349.8
P0065,Healthcare,Large,9,0.59,17306394.55,0.3,0.7,8,0.06,0.05,6855007.91,3973286.73,298465.08,902991.15,1651616.2
P0065,Healthcare,Large,9,0.59,17306394.55,0.3,0.7,9,0.03,0.08,8579417.41,4635693.08,256224.97,1103653.0,2292964.08
P0066,Manufacturing,Medium,3,0.79,28193104.36,0.22,0.52,1,0.03,0.05,10092301.04,7909367.24,3978860.55,699006.97,-2910156.1
P0066,Manufacturing,Medium,3,0.79,28193104.36,0.22,0.52,2,0.05,0.08,12202365.08,10094898.36,1870897.43,849478.22,-390983.66
P0066,Manufacturing,Medium,3,0.79,28193104.36,0.22,0.52,3,0.03,-0.0,13176374.84,10688170.14,201799.76,892721.36,1667618.4
P0067,Healthcare,Small,8,0.49,51067613.48,0.32,0.64,1,0.05,0.08,10315747.57,6235461.22,3066309.82,1257484.43,-1407951.21
P0067,Healthcare,Small,8,0.49,51067613.48,0.32,0.64,2,0.07,0.04,16173324.21,9318699.91,1292790.99,2188729.66,2638102.66
P0067,Healthcare,Small,8,0.49,51067613.48,0.32,0.64,3,0.05,0.09,23495751.22,12673087.16,1351410.69,2711896.16,5829577.99
P0067,Healthcare,Small,8,0.49,51067613.48,0.32,0.64,4,0.05,-0.01,24141215.09,13553104.78,2178491.23,3268868.02,4595404.87
P0067,Healthcare,Small,8,0.49,51067613.48,0.32,0.64,5,0.05,0.07,23406341.84,12719405.77,1251814.75,2984480.69,6592587.56
P0067,Healthcare,Small,8,0.49,51067613.48,0.32,0.64,6,0.03,0.11,23326643.71,12335078.39,1845176.11,3173760.24,5413019.95
P0067,Healthcare,Small,8,0.49,51067613.48,0.32,0.64,7,0.02,-0.0,25968915.48,14155962.12,1595358.32,3228395.58,6750984.38
P0067,Healthcare,Small,8,0.49,51067613.48,0.32,0.64,8,0.06,0.07,30629915.58,17856922.68,1164738.21,4188538.65,6686059.1
P0068,Manufacturing,Small,7,0.53,15654360.75,0.29,0.17,1,0.05,0.05,4491382.34,3149134.96,1411335.27,300855.98,-739713.76
P0068,Manufacturing,Small,7,0.53,15654360.75,0.29,0.17,2,0.05,0.13,6273905.36,4598477.11,619217.33,492567.88,377595.77
P0068,Manufacturing,Small,7,0.53,15654360.75,0.29,0.17,3,0.06,-0.01,7096710.05,4722325.33,389943.46,523905.14,1217066.33
P0068,Manufacturing,Small,7,0.53,15654360.75,0.29,0.17,4,0.04,0.1,9599857.47,6627375.19,681808.73,733892.68,1206387.13
P0068,Manufacturing,Small,7,0.53,15654360.75,0.29,0.17,5,0.04,0.08,8686598.08,6273322.45,708235.06,656267.17,1097838.97
P0068,Manufacturing,Small,7,0.53,15654360.75,0.29,0.17,6,0.07,-0.0,8874517.22,7029196.86,862985.1,678846.34,399019.12
P0068,Manufacturing,Small,7,0.53,15654360.75,0.29,0.17,7,0.05,0.07,9727711.95,7363307.57,137879.11,720989.08,1535069.42
P0069,Infrastructure,Medium,10,0.63,86282563.67,0.26,0.47,1,0.05,0.02,18973807.74,12734217.68,8968065.42,1180885.63,-5818239.92
P0069,Infrastructure,Medium,10,0.63,86282563.67,0.26,0.47,2,0.08,0.08,34103310.07,23133866.99,2419186.28,2120433.81,5135965.62
P0069,Infrastructure,Medium,10,0.63,86282563.67,0.26,0.47,3,0.04,0.02,34495410.02,23742666.67,1548172.17,2124949.74,6282332.44
P0069,Infrastructure,Medium,10,0.63,86282563.67,0.26,0.47,4,0.08,0.15,35443863.52,24221406.52,3584927.06,2123046.91,4979658.88
P0069,Infrastructure,Medium,10,0.63,86282563.67,0.26,0.47,5,0.08,0.05,36197970.23,23353825.17,4257731.22,1854412.18,5318974.31
P0069,Infrastructure,Medium,10,0.63,86282563.67,0.26,0.47,6,0.05,0.08,37825036.82,25689345.89,4259741.95,2083849.75,4572585.4
P0069,Infrastructure,Medium,10,0.63,86282563.67,0.26,0.47,7,0.06,0.08,43410262.21,28005172.42,4406935.74,2737051.02,6141911.16
P0069,Infrastructure,Medium,10,0.63,86282563.67,0.26,0.47,8,0.04,0.04,37984119.15,27055803.47,4719388.2,2339480.15,3929591.24
P0069,Infrastructure,Medium,10,0.63,86282563.67,0.26,0.47,9,0.07,0.09,36998397.61,25770372.82,3508455.63,2277382.13,4935909.61
P0069,Infrastructure,Medium,10,0.63,86282563.67,0.26,0.47,10,0.06,0.05,39912848.02,26493363.61,1317485.8,2398121.08,8393250.96
P0070,Energy,Small,10,0.28,161038953.43,0.24,0.69,1,0.05,0.01,29276965.65,21835295.37,14429305.09,1648550.06,-9949308.94
P0070,Energy,Small,10,0.28,161038953.43,0.24,0.69,2,0.04,0.04,53995268.9,38120906.61,4147645.72,2932216.24,6397099.29
P0070,Energy,Small,10,0.28,161038953.43,0.24,0.69,3,0.09,0.01,70752946.86,60611114.47,6279106.1,4128205.64,257310.63
P0070,Energy,Small,10,0.28,161038953.43,0.24,0.69,4,0.06,0.0,71846341.71,50964901.44,6958560.74,4232970.96,8759955.2
P0070,Energy,Small,10,0.28,161038953.43,0.24,0.69,5,0.03,0.05,74696999.41,56643475.38,3423002.03,3770974.9,10968387.46
P0070,Energy,Small,10,0.28,161038953.43,0.24,0.69,6,0.04,0.01,58114983.45,43043061.86,10015940.64,3352667.08,1874224.14
P0070,Energy,Small,10,0.28,161038953.43,0.24,0.69,7,0.07,0.0,68545535.33,53134401.51,6307382.85,3713716.98,5037501.29
P0070,Energy,Small,10,0.28,161038953.43,0.24,0.69,8,0.05,0.06,66327979.91,48534343.02,5314720.15,3662380.34,8193382.13
P0070,Energy,Small,10,0.28,161038953.43,0.24,0.69,9,0.06,0.01,60049485.27,46203182.96,2601020.06,3245788.98,8425870.37
P0070,Energy,Small,10,0.28,161038953.43,0.24,0.69,10,0.07,0.02,66733121.46,52638118.74,2458975.11,3659165.12,7953634.25
P0071,Infrastructure,Medium,7,0.9,119518886.45,0.25,0.87,1,0.1,0.07,24970007.05,12420371.11,8386416.11,1812027.65,-817685.02
P0071,Infrastructure,Medium,7,0.9,119518886.45,0.25,0.87,2,0.05,0.05,31238965.16,15826973.77,7512990.6,2187907.2,3822485.86
P0071,Infrastructure,Medium,7,0.9,119518886.45,0.25,0.87,3,0.05,0.06,50150623.8,24137112.51,5966383.69,3790448.51,11614643.15
P0071,Infrastructure,Medium,7,0.9,119518886.45,0.25,0.87,4,0.07,0.06,43856631.22,22311398.31,4733692.95,2866099.67,12337565.98
P0071,Infrastructure,Medium,7,0.9,119518886.45,0.25,0.87,5,0.07,0.03,47564740.31,20689024.78,3936668.46,3511068.11,15416679.43
P0071,Infrastructure,Medium,7,0.9,119518886.45,0.25,0.87,6,0.02,0.08,53351996.29,25320194.63,1613584.91,3976247.97,18076500.84
P0071,Infrastructure,Medium,7,0.9,119518886.45,0.25,0.87,7,0.1,0.13,55369987.74,29448696.84,519826.75,4277016.45,19275206.35
P0072,Manufacturing,Medium,5,0.61,49746564.3,0.26,0.5,1,0.06,0.02,19125050.08,14052304.92,5687725.83,1561018.7,-3241774.32
P0072,Manufacturing,Medium,5,0.61,49746564.3,0.26,0.5,2,0.09,0.13,27127008.27,20305427.26,2275734.11,2582409.54,1695931.08
P0072,Manufacturing,Medium,5,0.61,49746564.3,0.26,0.5,3,0.05,0.06,34195020.47,24045889.15,2017543.94,3437546.3,4318258.38
P0072,Manufacturing,Medium,5,0.61,49746564.3,0.26,0.5,4,0.05,0.05,34678123.37,26012658.2,1696082.55,3369541.15,4789099.03
P0072,Manufacturing,Medium,5,0.61,49746564.3,0.26,0.5,5,0.08,0.07,32152862.36,22741268.88,706046.61,2992278.87,6452199.08
P0073,Real Estate,Medium,4,0.35,105343881.52,0.24,0.42,1,0.06,0.08,24899319.89,10539789.16,6422289.11,2760385.61,1801789.67
P0073,Real Estate,Medium,4,0.35,105343881.52,0.24,0.42,2,0.04,0.03,46418657.39,21019914.78,2877621.03,4998206.33,14052013.89
P0073,Real Estate,Medium,4,0.35,105343881.52,0.24,0.42,3,0.06,0.1,53030893.69,24660433.8,1865760.54,5639944.77,19254235.01
P0073,Real Estate,Medium,4,0.35,105343881.52,0.24,0.42,4,0.04,0.05,54393398.93,23493290.41,1193227.53,5416468.89,23632094.94
P0074,Manufacturing,Medium,4,0.61,70456809.8,0.24,0.43,1,0.03,0.13,31176060.9,26448484.39,5622797.43,1717861.28,-3668766.8
P0074,Manufacturing,Medium,4,0.61,70456809.8,0.24,0.43,2,0.03,0.07,47528637.31,38926979.05,1121734.55,2388503.32,4559118.88
P0074,Manufacturing,Medium,4,0.61,70456809.8,0.24,0.43,3,0.06,0.08,71685490.09,64756168.15,1076934.52,3827446.8,2954591.67
P0074,Manufacturing,Medium,4,0.61,70456809.8,0.24,0.43,4,0.03,0.06,68947865.1,60332262.95,1201360.22,3611262.96,5503021.8
P0075,Technology,Medium,5,0.74,24836153.39,0.25,0.29,1,0.05,0.05,7436683.59,2986391.13,1594012.42,363492.62,1310256.95
P0075,Technology,Medium,5,0.74,24836153.39,0.25,0.29,2,0.03,0.06,11885973.56,4478748.4,520394.59,596758.39,4698125.52
P0075,Technology,Medium,5,0.74,24836153.39,0.25,0.29,3,0.07,-0.01,13813357.73,5522900.4,1367770.66,706833.64,4666739.32
P0075,Technology,Medium,5,0.74,24836153.39,0.25,0.29,4,0.08,0.04,13703835.66,5558442.08,1026160.3,713722.48,5110433.77
P0075,Technology,Medium,5,0.74,24836153.39,0.25,0.29,5,0.06,0.04,15044160.07,5930145.06,428180.47,758114.19,6574027.95
P0076,Real Estate,Medium,7,0.57,113649520.65,0.25,0.6,1,0.06,0.06,49653333.2,21777561.54,9550796.6,3172849.76,8096659.96
P0076,Real Estate,Medium,7,0.57,113649520.65,0.25,0.6,2,0.07,0.09,64407210.1,28713733.15,4957087.41,3907235.8,20620020.99
P0076,Real Estate,Medium,7,0.57,113649520.65,0.25,0.6,3,0.04,0.07,76549718.85,35630037.5,6445869.07,5414805.44,24154625.72
P0076,Real Estate,Medium,7,0.57,113649520.65,0.25,0.6,4,0.02,0.06,85059012.37,40811132.07,2867740.23,5709577.18,27747213.25
P0076,Real Estate,Medium,7,0.57,113649520.65,0.25,0.6,5,0.04,0.02,78728425.6,35705545.89,2117697.32,5115587.06,30522673.5
P0076,Real Estate,Medium,7,0.57,113649520.65,0.25,0.6,6,0.06,0.08,111818906.77,48975004.44,3852250.53,7051984.01,40090814.9
P0076,Real Estate,Medium,7,0.57,113649520.65,0.25,0.6,7,0.09,0.04,98969957.73,46029868.37,1309092.83,6395585.56,39182657.5
P0077,Energy,Small,9,0.4,29815972.42,0.29,0.62,1,0.04,0.01,10784689.14,5688512.53,2220783.09,956513.22,429057.84
P0077,Energy,Small,9,0.4,29815972.42,0.29,0.62,2,0.06,0.08,19417404.37,10446887.18,1141304.75,1845991.59,4261398.07
P0077,Energy,Small,9,0.4,29815972.42,0.29,0.62,3,0.05,0.07,20790377.5,11007456.35,588641.05,1781330.89,6423696.08
P0077,Energy,Small,9,0.4,29815972.42,0.29,0.62,4,0.03,-0.0,18193535.82,9002065.91,924787.22,1740262.86,5102579.34
P0077,Energy,Small,9,0.4,29815972.42,0.29,0.62,5,0.05,0.07,23531310.52,11638300.14,1443373.96,2156572.69,6503281.66
P0077,Energy,Small,9,0.4,29815972.42,0.29,0.62,6,0.02,0.04,23132315.53,11526636.43,1273120.65,2427343.55,6715518.81
P0077,Energy,Small,9,0.4,29815972.42,0.29,0.62,7,0.03,0.03,19168349.88,9188845.99,1467977.72,1855445.85,6297685.31
P0077,Energy,Small,9,0.4,29815972.42,0.29,0.62,8,0.08,0.04,20850422.73,9801230.03,1122449.21,1855036.78,6578125.69
P0077,Energy,Small,9,0.4,29815972.42,0.29,0.62,9,0.05,0.07,20621417.75,9870359.68,600073.42,1818934.92,7341483.71
P0078,Technology,Small,5,0.72,41471649.33,0.24,0.17,1,0.06,0.05,17589435.8,8956632.46,1892781.68,1666583.56,3025032.4
P0078,Technology,Small,5,0.72,41471649.33,0.24,0.17,2,0.06,0.06,21876232.03,12364389.69,1486535.22,2044752.98,5394359.52
P0078,Technology,Small,5,0.72,41471649.33,0.24,0.17,3,0.03,0.02,24809988.98,13019891.24,397489.25,2012999.67,8629401.42
P0078,Technology,Small,5,0.72,41471649.33,0.24,0.17,4,0.09,0.04,23321109.96,13259893.4,2182871.01,2305487.86,5209642.72
P0078,Technology,Small,5,0.72,41471649.33,0.24,0.17,5,0.07,0.04,23653979.34,12638543.67,801817.88,2097807.42,8072953.38
P0079,Infrastructure,Small,5,0.42,245903496.58,0.15,0.23,1,0.06,0.05,67663824.48,30085671.58,23794914.51,9083530.69,-992323.52
P0079,Infrastructure,Small,5,0.42,245903496.58,0.15,0.23,2,0.03,0.04,92621227.24,47564149.94,3263084.02,12142592.77,33272421.89
P0079,Infrastructure,Small,5,0.42,245903496.58,0.15,0.23,3,0.06,0.04,99535089.4,50382244.21,15815144.32,11617882.56,26245299.38
P0079,Infrastructure,Small,5,0.42,245903496.58,0.15,0.23,4,0.06,0.06,110052346.53,58138984.76,10290726.74,13378879.95,30667638.59
P0079,Infrastructure,Small,5,0.42,245903496.58,0.15,0.23,5,0.05,-0.0,100909676.06,51364372.62,3105839.59,12483936.24,40879541.44
P0080,Infrastructure,Small,9,0.63,137095440.86,0.24,0.22,1,0.03,-0.01,10804576.63,6780543.74,7240566.5,954464.12,-5272720.59
P0080,Infrastructure,Small,9,0.63,137095440.86,0.24,0.22,2,0.08,0.09,23035791.18,15546283.11,7559774.92,1957272.22,-2803075.94
P0080,Infrastructure,Small,9,0.63,137095440.86,0.24,0.22,3,0.09,-0.0,23479301.26,13986840.67,3183364.89,2099065.84,3751373.51
P0080,Infrastructure,Small,9,0.63,137095440.86,0.24,0.22,4,0.09,0.05,27153081.67,16771263.38,5362004.57,2204634.99,2490387.93
P0080,Infrastructure,Small,9,0.63,137095440.86,0.24,0.22,5,0.05,0.01,24903623.16,14793593.17,5910986.34,2139755.34,1960025.46
P0080,Infrastructure,Small,9,0.63,137095440.86,0.24,0.22,6,0.06,0.11,32339854.19,19566555.9,5388905.84,2739245.07,3838087.14
P0080,Infrastructure,Small,9,0.63,137095440.86,0.24,0.22,7,0.07,0.09,29342330.37,17510511.31,3400010.44,2454938.76,6016843.74
P0080,Infrastructure,Small,9,0.63,137095440.86,0.24,0.22,8,0.08,0.05,27539694.62,15748256.26,6675666.11,2326601.17,2481604.74
P0080,Infrastructure,Small,9,0.63,137095440.86,0.24,0.22,9,0.07,0.04,26633786.51,15785741.47,2864000.99,2567622.86,5217559.81
P0081,Healthcare,Medium,4,0.67,118804630.3,0.29,0.38,1,0.07,0.01,27969707.55,18203935.36,12832088.61,2390170.19,-7910523.2
P0081,Healthcare,Medium,4,0.67,118804630.3,0.29,0.38,2,0.02,0.05,35862372.3,23275277.5,1965527.86,2764128.79,6915812.89
P0081,Healthcare,Medium,4,0.67,118804630.3,0.29,0.38,3,0.08,0.09,47258870.8,26899100.09,2008573.42,3968727.36,11252325.6
P0081,Healthcare,Medium,4,0.67,118804630.3,0.29,0.38,4,0.03,0.05,38208884.99,25221388.0,1711670.68,2967120.47,8670749.34
P0082,Real Estate,Large,7,0.79,106076931.01,0.31,0.47,1,0.08,0.05,27941499.52,21585961.7,6312762.46,3017047.45,-4982176.11
P0082,Real Estate,Large,7,0.79,106076931.01,0.31,0.47,2,0.08,0.03,34621941.67,26998196.77,3019441.57,4008376.51,1280431.47
P0082,Real Estate,Large,7,0.79,106076931.01,0.31,0.47,3,0.07,-0.01,48866636.24,36782828.04,1904301.02,4853376.46,5871019.78
P0082,Real Estate,Large,7,0.79,106076931.01,0.31,0.47,4,0.1,0.07,44138303.62,36352306.79,4737344.96,4892523.3,659518.32
P0082,Real Estate,Large,7,0.79,106076931.01,0.31,0.47,5,0.05,0.03,44515975.1,33605427.66,7382088.36,4872720.18,218080.89
P0082,Real Estate,Large,7,0.79,106076931.01,0.31,0.47,6,0.04,0.07,56731803.22,41652518.58,3742890.58,6477927.39,5253803.59
P0082,Real Estate,Large,7,0.79,106076931.01,0.31,0.47,7,0.09,-0.0,44672553.8,34725607.51,2018307.95,4617889.63,6767935.12
P0083,Real Estate,Medium,9,0.83,183278651.99,0.21,0.44,1,0.05,0.04,28873947.64,21599203.8,10220435.53,3449724.07,-8185490.49
P0083,Real Estate,Medium,9,0.83,183278651.99,0.21,0.44,2,0.08,0.09,52106829.36,37736932.49,9157109.88,5669208.21,-54645.52
P0083,Real Estate,Medium,9,0.83,183278651.99,0.21,0.44,3,0.02,0.09,57396875.82,36166580.02,5706987.81,6333660.19,10090601.97
P0083,Real Estate,Medium,9,0.83,183278651.99,0.21,0.44,4,0.05,0.06,56149099.03,37130838.2,7888848.76,5851542.06,7259456.67
P0083,Real Estate,Medium,9,0.83,183278651.99,0.21,0.44,5,0.06,0.11,60225925.97,40676293.05,4172973.33,6910000.26,10691855.15
P0083,Real Estate,Medium,9,0.83,183278651.99,0.21,0.44,6,0.06,0.04,62223928.44,43820904.97,9231604.17,7109145.65,5167501.82
P0083,Real Estate,Medium,9,0.83,183278651.99,0.21,0.44,7,0.07,0.09,53969422.79,34751738.52,8336633.96,6183733.08,7509977.9
P0083,Real Estate,Medium,9,0.83,183278651.99,0.21,0.44,8,0.06,0.0,51592549.11,36121495.12,2774212.87,6148362.51,9767564.16
P0083,Real Estate,Medium,9,0.83,183278651.99,0.21,0.44,9,0.06,0.04,55456609.68,37580056.74,3724522.71,5994573.65,9834363.88
P0084,Real Estate,Small,3,0.66,72545145.56,0.3,0.4,1,0.05,0.01,23297731.95,14902429.24,9089694.64,1158181.9,-4368071.34
P0084,Real Estate,Small,3,0.66,72545145.56,0.3,0.4,2,0.06,0.11,34476671.91,23628047.39,4219181.07,1832933.74,2788536.74
P0084,Real Estate,Small,3,0.66,72545145.56,0.3,0.4,3,0.04,0.03,37553081.64,23944595.17,1565500.45,2072398.13,7838998.73
P0085,Energy,Large,4,0.6,230388489.92,0.24,0.47,1,0.07,0.11,54080093.27,36883625.08,25688563.1,5238326.36,-16629152.9
P0085,Energy,Large,4,0.6,230388489.92,0.24,0.47,2,0.03,0.05,58900355.45,43685537.93,4823798.75,5988625.88,5787842.53
P0085,Energy,Large,4,0.6,230388489.92,0.24,0.47,3,0.05,0.12,69733827.89,51115140.15,8867346.42,6963313.03,4208487.96
P0085,Energy,Large,4,0.6,230388489.92,0.24,0.47,4,0.07,0.1,73121703.26,54676912.32,4471614.49,7141931.98,9356819.72
P0086,Healthcare,Medium,5,0.67,94549034.84,0.27,0.57,1,0.03,0.04,42577712.14,25373034.16,13644440.9,3097652.82,-4322837.04
P0086,Healthcare,Medium,5,0.67,94549034.84,0.27,0.57,2,0.05,0.06,42825109.18,30141945.62,4869477.61,2928843.87,4507418.95
P0086,Healthcare,Medium,5,0.67,94549034.84,0.27,0.57,3,0.08,0.15,73677510.22,52452638.94,3652442.15,5090758.92,9909794.7
P0086,Healthcare,Medium,5,0.67,94549034.84,0.27,0.57,4,0.03,0.03,74715638.58,46278849.09,4673296.07,4551236.88,16534045.95
P0086,Healthcare,Medium,5,0.67,94549034.84,0.27,0.57,5,0.03,0.05,66814638.56,45740273.45,1357806.55,4584010.53,13480515.9
P0087,Healthcare,Medium,9,0.5,47464987.52,0.21,0.36,1,0.08,0.06,8336047.78,6384834.01,5182201.98,450293.37,-3855040.54
P0087,Healthcare,Medium,9,0.5,47464987.52,0.21,0.36,2,0.03,0.06,9360633.49,7168968.8,2240659.97,575427.94,-630727.16
P0087,Healthcare,Medium,9,0.5,47464987.52,0.21,0.36,3,0.04,0.05,11821643.31,8272871.63,1522102.53,666809.2,1183539.18
P0087,Healthcare,Medium,9,0.5,47464987.52,0.21,0.36,4,0.07,0.06,15208129.66,10176638.76,1962273.08,836166.05,1815011.64
P0087,Healthcare,Medium,9,0.5,47464987.52,0.21,0.36,5,0.09,0.11,12732394.13,9912834.31,1851220.2,772120.43,435791.07
P0087,Healthcare,Medium,9,0.5,47464987.52,0.21,0.36,6,0.07,-0.02,12424647.15,9604440.86,1359431.34,737013.19,885501.26
P0087,Healthcare,Medium,9,0.5,47464987.52,0.21,0.36,7,0.05,0.04,12976738.21,9435155.54,1125919.35,761792.08,1659120.63
P0087,Healthcare,Medium,9,0.5,47464987.52,0.21,0.36,8,0.04,0.03,14389500.3,10452918.93,812078.17,1018082.96,1998029.31
P0087,Healthcare,Medium,9,0.5,47464987.52,0.21,0.36,9,0.02,-0.01,12520076.82,9809282.48,536528.97,740502.56,1897224.49
P0088,Technology,Medium,6,0.39,39695773.22,0.26,0.49,1,0.03,0.08,23031110.81,12577275.36,4849931.11,1865850.34,1002037.28
P0088,Technology,Medium,6,0.39,39695773.22,0.26,0.49,2,0.05,0.04,34222452.22,17336407.98,1968573.53,2725885.95,9372768.61
P0088,Technology,Medium,6,0.39,39695773.22,0.26,0.49,3,0.05,0.02,37402167.54,18495647.82,1721168.4,2864170.04,12716292.49
P0088,Technology,Medium,6,0.39,39695773.22,0.26,0.49,4,0.03,0.02,33308219.15,19111167.35,994048.05,2780306.22,9790539.43
P0088,Technology,Medium,6,0.39,39695773.22,0.26,0.49,5,0.06,0.02,38460022.78,19286633.05,1225628.12,3249438.15,11931130.03
P0088,Technology,Medium,6,0.39,39695773.22,0.26,0.49,6,0.03,0.02,34833800.59,18817315.44,215507.43,2875180.7,12378602.68
P0089,Infrastructure,Small,4,0.68,115301015.22,0.22,0.47,1,0.06,0.02,13028027.66,9453570.58,12565679.27,1758348.56,-12079617.99
P0089,Infrastructure,Small,4,0.68,115301015.22,0.22,0.47,2,0.07,0.03,24910279.92,18054734.53,2199801.89,3453984.65,1352983.78
P0089,Infrastructure,Small,4,0.68,115301015.22,0.22,0.47,3,0.09,0.04,24314181.44,18071438.03,4518979.23,3260330.13,506835.95
P0089,Infrastructure,Small,4,0.68,115301015.22,0.22,0.47,4,0.05,0.0,26136810.54,18129609.83,1279035.89,3307024.16,4816165.47
P0090,Manufacturing,Small,7,0.6,76210056.84,0.26,0.34,1,0.05,-0.01,21939959.44,16258862.29,10379447.73,2242306.27,-7811831.17
P0090,Manufacturing,Small,7,0.6,76210056.84,0.26,0.34,2,0.04,0.01,33426246.11,24518416.72,1964865.06,3890645.03,3029086.99
P0090,Manufacturing,Small,7,0.6,76210056.84,0.26,0.34,3,0.04,0.11,33769417.7,25836047.6,2760562.74,3596788.88,3351003.39
P0090,Manufacturing,Small,7,0.6,76210056.84,0.26,0.34,4,0.05,0.07,51780770.48,38547154.75,4423311.61,5190805.66,3832982.42
P0090,Manufacturing,Small,7,0.6,76210056.84,0.26,0.34,5,0.03,0.01,45548404.18,36292525.5,4332695.67,5673206.98,2081795.1
P0090,Manufacturing,Small,7,0.6,76210056.84,0.26,0.34,6,0.04,0.03,43500458.08,33959926.53,1873289.16,4514920.88,6260717.85
P0090,Manufacturing,Small,7,0.6,76210056.84,0.26,0.34,7,0.07,0.09,46035605.0,35807847.2,647725.89,4899581.32,5954989.27
P0091,Real Estate,Medium,6,0.62,160760930.73,0.2,0.1,1,0.02,0.02,30933448.82,13354388.2,7926076.16,3726005.7,2395969.69
P0091,Real Estate,Medium,6,0.62,160760930.73,0.2,0.1,2,0.07,0.11,56498768.91,26398918.4,6084335.82,6657470.05,14996670.55
P0091,Real Estate,Medium,6,0.62,160760930.73,0.2,0.1,3,0.07,0.06,65160106.99,31198444.44,2101197.9,7241563.09,24277644.95
P0091,Real Estate,Medium,6,0.62,160760930.73,0.2,0.1,4,0.08,0.05,69561752.53,35867005.94,8927479.58,8378867.38,17185077.79
P0091,Real Estate,Medium,6,0.62,160760930.73,0.2,0.1,5,0.08,0.1,67412375.66,34584443.88,9698727.09,8269931.83,17667560.74
P0091,Real Estate,Medium,6,0.62,160760930.73,0.2,0.1,6,0.07,0.07,68580586.17,34224492.32,2115997.53,7767004.79,26576555.99
P0092,Infrastructure,Small,9,0.91,180207712.94,0.22,0.29,1,0.06,0.06,11833183.98,8087307.11,10587427.53,1099520.58,-8643539.39
P0092,Infrastructure,Small,9,0.91,180207712.94,0.22,0.29,2,0.04,0.08,19637081.93,12781880.36,8534836.48,1883297.28,-4174584.09
P0092,Infrastructure,Small,9,0.91,180207712.94,0.22,0.29,3,0.08,0.09,22188147.72,15452561.27,2564206.33,2213536.44,2376241.16
P0092,Infrastructure,Small,9,0.91,180207712.94,0.22,0.29,4,0.06,0.05,28051698.26,18908646.73,9217712.66,2776560.26,-2518136.52
P0092,Infrastructure,Small,9,0.91,180207712.94,0.22,0.29,5,0.02,0.06,27120617.03,19020068.25,4505724.99,2725229.57,1877270.05
P0092,Infrastructure,Small,9,0.91,180207712.94,0.22,0.29,6,0.05,0.06,23455410.11,16671092.98,3185794.24,2333047.87,2569553.6
P0092,Infrastructure,Small,9,0.91,180207712.94,0.22,0.29,7,0.07,0.08,29558521.33,20481244.58,9522757.06,3027712.81,-3052136.57
P0092,Infrastructure,Small,9,0.91,180207712.94,0.22,0.29,8,0.08,0.08,30261002.51,21908010.57,8681326.17,2753392.87,-1756651.2
P0092,Infrastructure,Small,9,0.91,180207712.94,0.22,0.29,9,0.07,0.02,26108412.04,16816922.74,3324041.93,2431861.13,4473726.17
P0093,Manufacturing,Small,10,0.88,60638607.41,0.2,0.2,1,0.08,0.01,15605418.49,10191680.24,3084064.7,743102.49,559602.71
P0093,Manufacturing,Small,10,0.88,60638607.41,0.2,0.2,2,0.05,0.04,25735102.06,16499810.22,2220239.18,1418534.24,4244152.8
P0093,Manufacturing,Small,10,0.88,60638607.41,0.2,0.2,3,0.04,0.06,30102484.13,21201224.86,2304935.48,1734603.23,4382171.18
P0093,Manufacturing,Small,10,0.88,60638607.41,0.2,0.2,4,0.09,0.13,24083872.03,16680229.34,2028557.48,1167216.13,4423203.36
P0093,Manufacturing,Small,10,0.88,60638607.41,0.2,0.2,5,0.02,0.07,34923454.98,22800301.76,1660237.92,1852706.51,7069185.94
P0093,Manufacturing,Small,10,0.88,60638607.41,0.2,0.2,6,0.07,0.0,30222988.26,21161331.28,4317022.81,1595634.89,3224506.06
P0093,Manufacturing,Small,10,0.88,60638607.41,0.2,0.2,7,0.06,0.09,31281182.51,19543064.36,1412822.41,1616339.62,8130417.19
P0093,Manufacturing,Small,10,0.88,60638607.41,0.2,0.2,8,0.06,0.08,30129406.87,21071643.71,4170424.14,1608438.13,2933732.18
P0093,Manufacturing,Small,10,0.88,60638607.41,0.2,0.2,9,0.05,0.09,26530668.21,16584308.83,2868218.4,1424004.56,5394682.99
P0093,Manufacturing,Small,10,0.88,60638607.41,0.2,0.2,10,0.05,0.05,28534455.83,18743423.06,316192.59,1766484.36,6845560.61
P0094,Real Estate,Medium,10,0.23,35267469.02,0.23,0.59,1,0.05,0.04,5069166.87,2737419.48,2794054.27,619461.27,-1514042.25
P0094,Real Estate,Medium,10,0.23,35267469.02,0.23,0.59,2,0.06,0.03,8813512.9,4536527.18,596783.89,1072870.8,2211381.71
P0094,Real Estate,Medium,10,0.23,35267469.02,0.23,0.59,3,0.07,0.07,10697595.58,5582077.77,612438.74,1176911.36,3247004.44
P0094,Real Estate,Medium,10,0.23,35267469.02,0.23,0.59,4,0.06,0.08,11310925.65,6260284.15,1648901.68,1422921.09,2057039.07
P0094,Real Estate,Medium,10,0.23,35267469.02,0.23,0.59,5,0.05,0.08,10228999.44,5238889.47,1047906.67,1287070.48,2879486.17
P0094,Real Estate,Medium,10,0.23,35267469.02,0.23,0.59,6,0.05,0.07,12405546.24,6323374.87,514245.54,1565419.96,3823415.2
P0094,Real Estate,Medium,10,0.23,35267469.02,0.23,0.59,7,0.06,0.07,10842200.56,6297986.15,960058.2,1365490.83,2856226.5
P0094,Real Estate,Medium,10,0.23,35267469.02,0.23,0.59,8,0.06,0.05,10834709.74,5503869.7,562270.1,1288083.86,3667425.82
P0094,Real Estate,Medium,10,0.23,35267469.02,0.23,0.59,9,0.06,0.07,12181536.16,6434108.89,1057963.81,1692007.7,2882791.31
P0094,Real Estate,Medium,10,0.23,35267469.02,0.23,0.59,10,0.07,0.08,12776687.51,6933573.12,471062.88,1646650.48,4053734.52
P0095,Energy,Large,7,0.65,130157182.8,0.27,0.64,1,0.03,0.08,34712362.61,18896216.43,11887836.66,4123724.21,-4615600.67
P0095,Energy,Large,7,0.65,130157182.8,0.27,0.64,2,0.05,0.05,46675526.33,21829318.18,3103274.06,6513775.19,12346516.97
P0095,Energy,Large,7,0.65,130157182.8,0.27,0.64,3,0.02,0.06,67484687.0,35937398.93,6928177.13,8079667.6,14424831.78
P0095,Energy,Large,7,0.65,130157182.8,0.27,0.64,4,0.07,0.1,56289164.73,30848405.75,3733848.52,6568941.76,16387608.57
P0095,Energy,Large,7,0.65,130157182.8,0.27,0.64,5,0.04,0.01,62653453.13,35403289.2,6365104.04,7756854.36,12708171.37
P0095,Energy,Large,7,0.65,130157182.8,0.27,0.64,6,0.08,0.07,74791594.75,40149643.2,3775223.93,9140879.75,20993800.58
P0095,Energy,Large,7,0.65,130157182.8,0.27,0.64,7,0.05,0.06,69950288.57,35290957.53,1835371.84,8539157.46,25376576.06
P0096,Infrastructure,Medium,3,0.29,234857867.12,0.22,0.58,1,0.07,0.03,30258762.15,15403966.15,18479910.63,1449834.29,-8310763.52
P0096,Infrastructure,Medium,3,0.29,234857867.12,0.22,0.58,2,0.05,0.1,34890406.78,17925346.47,7114846.64,1689523.07,6026153.73
P0096,Infrastructure,Medium,3,0.29,234857867.12,0.22,0.58,3,0.09,0.03,42671418.03,22273963.01,2031480.67,2178818.84,13667084.19
P0097,Infrastructure,Small,9,0.44,38493358.54,0.23,0.76,1,0.06,0.04,11809207.54,9347536.45,4426849.27,681190.73,-3126306.79
P0097,Infrastructure,Small,9,0.44,38493358.54,0.23,0.76,2,0.06,0.06,15565429.51,11189336.47,1287173.05,912979.76,1851751.7
P0097,Infrastructure,Small,9,0.44,38493358.54,0.23,0.76,3,0.1,0.07,15061806.54,10936482.59,2553005.15,1025167.12,509972.63
P0097,Infrastructure,Small,9,0.44,38493358.54,0.23,0.76,4,0.06,-0.01,17856246.63,13022135.82,1646751.73,1108656.51,1860469.47
P0097,Infrastructure,Small,9,0.44,38493358.54,0.23,0.76,5,0.04,0.0,18110910.96,13950931.39,496585.09,1105015.49,2989908.16
P0097,Infrastructure,Small,9,0.44,38493358.54,0.23,0.76,6,0.04,0.02,17539398.31,13251146.97,2128787.96,1004920.29,1247806.72
P0097,Infrastructure,Small,9,0.44,38493358.54,0.23,0.76,7,0.07,0.13,20118548.78,14518024.47,1872006.31,1217659.98,2390949.31
P0097,Infrastructure,Small,9,0.44,38493358.54,0.23,0.76,8,0.06,0.01,19581654.92,14150834.36,1354446.88,1122685.98,2851119.4
P0097,Infrastructure,Small,9,0.44,38493358.54,0.23,0.76,9,0.07,0.09,20770727.35,16307134.32,310474.51,1328984.39,2808793.6
P0098,Energy,Small,8,0.45,67519337.71,0.3,0.43,1,0.05,0.06,20499196.79,12570943.93,4350616.62,966112.9,198552.67
P0098,Energy,Small,8,0.45,67519337.71,0.3,0.43,2,0.07,0.06,27021170.55,16550959.68,2944543.52,1148346.26,4142277.75
P0098,Energy,Small,8,0.45,67519337.71,0.3,0.43,3,0.02,0.09,30893268.87,18060992.49,1592670.07,1343715.86,7113579.05
P0098,Energy,Small,8,0.45,67519337.71,0.3,0.43,4,0.05,0.04,30903638.36,18667813.91,3118026.21,1252707.98,5381075.41
P0098,Energy,Small,8,0.45,67519337.71,0.3,0.43,5,0.05,0.09,33639317.93,21430767.65,2620797.98,1493143.16,5547775.68
P0098,Energy,Small,8,0.45,67519337.71,0.3,0.43,6,0.1,0.04,35475133.59,22915515.09,1937980.8,1570320.44,6503401.98
P0098,Energy,Small,8,0.45,67519337.71,0.3,0.43,7,0.03,0.09,40392672.42,23374492.24,1874872.09,1778628.77,9688747.89
P0098,Energy,Small,8,0.45,67519337.71,0.3,0.43,8,0.03,-0.0,36155923.74,21252031.05,965537.34,1650060.18,9575024.1
P0099,Technology,Large,5,0.48,27591044.53,0.24,0.15,1,0.06,0.01,14658272.99,6378974.57,1722261.05,1179365.44,3310069.2
P0099,Technology,Large,5,0.48,27591044.53,0.24,0.15,2,0.06,0.09,17397841.19,7479155.69,1110956.13,1474277.6,5646762.65
P0099,Technology,Large,5,0.48,27591044.53,0.24,0.15,3,0.06,0.05,23195668.43,9875300.74,1554013.07,1900172.97,8279097.73
P0099,Technology,Large,5,0.48,27591044.53,0.24,0.15,4,0.05,0.12,21441474.96,9536743.18,1087842.35,1741606.78,8065463.56
P0099,Technology,Large,5,0.48,27591044.53,0.24,0.15,5,0.06,0.07,24898719.72,10619058.97,258958.31,1938529.38,10926001.38
P0100,Real Estate,Small,4,0.64,141694049.55,0.28,0.23,1,0.04,0.03,41405591.49,27675327.92,11500994.69,3307654.25,-5035969.51
P0100,Real Estate,Small,4,0.64,141694049.55,0.28,0.23,2,0.07,0.03,65630985.69,41108356.89,2707715.42,5273495.42,13606016.59
P0100,Real Estate,Small,4,0.64,141694049.55,0.28,0.23,3,0.03,0.02,78426014.16,49619576.42,8352779.4,6002083.33,11448662.87
P0100,Real Estate,Small,4,0.64,141694049.55,0.28,0.23,4,0.05,0.08,103049184.62,67723917.44,3123031.62,7946774.75,20187981.79
P0101,Healthcare,Small,6,0.66,82943891.73,0.26,0.19,1,0.04,0.05,40011675.55,29859026.44,5953787.57,3197109.74,-1630559.55
P0101,Healthcare,Small,6,0.66,82943891.73,0.26,0.19,2,0.05,0.01,54033603.35,36262841.96,1437925.07,4245183.54,10535072.54
P0101,Healthcare,Small,6,0.66,82943891.73,0.26,0.19,3,0.09,0.06,60036398.69,43052326.12,1246942.14,4326989.7,11254188.3
P0101,Healthcare,Small,6,0.66,82943891.73,0.26,0.19,4,0.07,0.12,66773102.06,49153791.77,2110593.03,5586735.1,9678911.26
P0101,Healthcare,Small,6,0.66,82943891.73,0.26,0.19,5,0.08,0.06,60826733.11,43367877.41,3112005.63,5159574.19,9935543.8
P0101,Healthcare,Small,6,0.66,82943891.73,0.26,0.19,6,0.07,0.01,68075769.89,54400428.97,641830.0,5121768.11,9582854.59
P0102,Infrastructure,Medium,4,0.35,163319979.13,0.26,0.61,1,0.06,0.04,49800985.97,35105883.65,14562535.09,3460790.9,-6829685.01
P0102,Infrastructure,Medium,4,0.35,163319979.13,0.26,0.61,2,0.05,0.05,71865404.71,48934716.73,6935793.75,5298525.5,8465820.2
P0102,Infrastructure,Medium,4,0.35,163319979.13,0.26,0.61,3,0.05,0.0,68695081.11,50373366.36,3684838.09,4529345.57,10968426.03
P0102,Infrastructure,Medium,4,0.35,163319979.13,0.26,0.61,4,0.03,0.02,80661384.63,56874730.25,2402325.32,6046553.68,13291571.28
P0103,Real Estate,Small,8,0.49,82958639.57,0.25,0.2,1,0.07,0.11,20296637.96,12713487.48,9822082.1,1796356.16,-6121773.21
P0103,Real Estate,Small,8,0.49,82958639.57,0.25,0.2,2,0.05,0.02,29611171.71,17281599.19,1683445.05,2668827.93,7017128.64
P0103,Real Estate,Small,8,0.49,82958639.57,0.25,0.2,3,0.06,0.03,44370401.81,27133973.16,3388447.61,3742706.34,8405402.35
P0103,Real Estate,Small,8,0.49,82958639.57,0.25,0.2,4,0.06,0.07,34223026.09,20234635.07,5491556.76,2809732.91,6148056.01
P0103,Real Estate,Small,8,0.49,82958639.57,0.25,0.2,5,0.06,0.06,34209375.45,22335250.75,2152442.74,3144081.82,6338205.18
P0103,Real Estate,Small,8,0.49,82958639.57,0.25,0.2,6,0.06,0.05,45170068.77,26511952.69,3827648.04,4318552.93,8431750.6
P0103,Real Estate,Small,8,0.49,82958639.57,0.25,0.2,7,0.06,0.04,38158257.13,23822600.03,3779754.87,3484461.24,8043869.28
P0103,Real Estate,Small,8,0.49,82958639.57,0.25,0.2,8,0.05,0.07,34258240.85,18334196.43,1513366.71,2700888.61,11640275.66
P0104,Infrastructure,Small,10,0.26,180960137.93,0.23,0.59,1,0.05,0.01,38742304.25,24643001.91,13753060.35,3690500.41,-6901837.51
P0104,Infrastructure,Small,10,0.26,180960137.93,0.23,0.59,2,0.04,0.05,40665028.41,24597175.14,6341811.51,3792985.98,5735934.68
P0104,Infrastructure,Small,10,0.26,180960137.93,0.23,0.59,3,0.07,0.08,60535635.32,41101137.42,6734440.24,5608279.03,6226015.12
P0104,Infrastructure,Small,10,0.26,180960137.93,0.23,0.59,4,0.07,0.04,55448412.28,38449725.08,2964832.43,4506705.12,11022611.2
P0104,Infrastructure,Small,10,0.26,180960137.93,0.23,0.59,5,0.05,0.12,70274555.88,44170892.68,4209600.36,6050215.34,14143874.77
P0104,Infrastructure,Small,10,0.26,180960137.93,0.23,0.59,6,0.08,0.07,64441030.01,44357917.36,5215669.45,6570186.64,9979516.27
P0104,Infrastructure,Small,10,0.26,180960137.93,0.23,0.59,7,0.04,0.02,55269259.57,36650158.56,3831895.53,5010735.89,11746928.21
P0104,Infrastructure,Small,10,0.26,180960137.93,0.23,0.59,8,0.06,0.05,65172412.24,40305231.6,8614637.37,6121917.05,9732583.49
P0104,Infrastructure,Small,10,0.26,180960137.93,0.23,0.59,9,0.07,0.11,65071463.57,39252750.93,6008289.3,6335464.2,14009598.88
P0104,Infrastructure,Small,10,0.26,180960137.93,0.23,0.59,10,0.03,0.02,54006970.69,34568524.89,4929380.02,4654390.82,12410189.95
P0105,Technology,Small,8,0.31,37514100.98,0.26,0.65,1,0.06,-0.0,21801063.65,12411300.62,3496013.35,2738379.04,709796.53
P0105,Technology,Small,8,0.31,37514100.98,0.26,0.65,2,0.06,0.09,32852510.2,20712788.33,633774.42,3941882.62,6681111.93
P0105,Technology,Small,8,0.31,37514100.98,0.26,0.65,3,0.02,0.08,43157274.3,26470538.22,1880357.96,5314078.61,9124386.56
P0105,Technology,Small,8,0.31,37514100.98,0.26,0.65,4,0.06,0.0,37832813.16,22334217.16,1217826.96,5021137.91,10887116.73
P0105,Technology,Small,8,0.31,37514100.98,0.26,0.65,5,0.04,0.03,42858039.54,22549255.28,870221.94,5418759.05,13644301.34
P0105,Technology,Small,8,0.31,37514100.98,0.26,0.65,6,0.05,0.12,45740240.64,27709051.11,1134154.74,5070873.06,12220335.16
P0105,Technology,Small,8,0.31,37514100.98,0.26,0.65,7,0.08,0.03,40625483.82,25431816.19,1018855.83,5074478.55,10814365.06
P0105,Technology,Small,8,0.31,37514100.98,0.26,0.65,8,0.04,0.02,47742735.01,27125349.33,848810.56,5894163.78,13474359.62
P0106,Manufacturing,Medium,7,0.52,99549648.66,0.28,0.65,1,0.06,0.08,35121419.03,26582457.19,9277124.82,4064659.96,-7042125.83
P0106,Manufacturing,Medium,7,0.52,99549648.66,0.28,0.65,2,0.06,0.06,39536349.87,23787744.18,6499490.49,5328263.4,3529517.09
P0106,Manufacturing,Medium,7,0.52,99549648.66,0.28,0.65,3,0.06,0.01,54248801.33,38301600.98,5689153.2,6466167.97,4740661.62
P0106,Manufacturing,Medium,7,0.52,99549648.66,0.28,0.65,4,0.04,0.01,50911529.45,32421256.28,4568239.48,6810593.36,8320729.92
P0106,Manufacturing,Medium,7,0.52,99549648.66,0.28,0.65,5,0.07,0.1,63709109.56,45931029.55,3736541.67,8008086.55,7819711.64
P0106,Manufacturing,Medium,7,0.52,99549648.66,0.28,0.65,6,0.06,0.09,62129785.57,45896569.08,5444170.06,7632668.72,6918910.14
P0106,Manufacturing,Medium,7,0.52,99549648.66,0.28,0.65,7,0.05,0.01,55360606.82,40141719.17,1829396.47,7147929.63,8828675.3
P0107,Technology,Large,8,0.46,42222292.91,0.23,0.42,1,0.06,0.06,18995341.69,10194364.66,5821746.34,1407615.72,-452438.66
P0107,Technology,Large,8,0.46,42222292.91,0.23,0.42,2,0.05,0.03,28641538.55,15724570.95,1161658.22,2149541.43,7873126.95
P0107,Technology,Large,8,0.46,42222292.91,0.23,0.42,3,0.05,0.13,35468043.08,18857954.41,1043049.49,2661835.27,12001871.2
P0107,Technology,Large,8,0.46,42222292.91,0.23,0.42,4,0.05,0.08,41535090.54,22362005.93,2258917.65,2984842.6,11698833.74
P0107,Technology,Large,8,0.46,42222292.91,0.23,0.42,5,0.04,0.04,35672156.15,20634660.71,539131.52,2566588.36,11348991.37
P0107,Technology,Large,8,0.46,42222292.91,0.23,0.42,6,0.08,0.02,36135558.58,20978835.78,2276464.53,2840537.11,9869016.65
P0107,Technology,Large,8,0.46,42222292.91,0.23,0.42,7,0.05,0.04,36661915.85,21270155.14,1219688.22,2745823.43,10763413.0
P0107,Technology,Large,8,0.46,42222292.91,0.23,0.42,8,0.04,0.1,42536159.97,20319964.22,324616.7,3047908.04,15701232.16
P0108,Infrastructure,Large,8,0.61,340901418.22,0.29,0.46,1,0.06,0.01,68448915.02,52199940.71,17498934.81,7709558.86,-12822815.12
P0108,Infrastructure,Large,8,0.61,340901418.22,0.29,0.46,2,0.04,0.1,122886858.58,107757601.12,17898818.85,13789369.88,-13086696.2
P0108,Infrastructure,Large,8,0.61,340901418.22,0.29,0.46,3,0.06,0.02,122451192.76,97415570.59,17473890.93,15188708.93,-1050540.02
P0108,Infrastructure,Large,8,0.61,340901418.22,0.29,0.46,4,0.05,-0.02,151616078.46,123792977.87,17098270.25,17512198.84,404877.48
P0108,Infrastructure,Large,8,0.61,340901418.22,0.29,0.46,5,0.04,0.08,145586435.63,108988941.03,19101636.86,17290989.74,7073282.77
P0108,Infrastructure,Large,8,0.61,340901418.22,0.29,0.46,6,0.06,0.05,134024156.99,98831607.66,11942237.88,15296040.41,14840524.98
P0108,Infrastructure,Large,8,0.61,340901418.22,0.29,0.46,7,0.06,0.12,155961782.84,126915148.28,6528687.64,18197439.44,11226911.94
P0108,Infrastructure,Large,8,0.61,340901418.22,0.29,0.46,8,0.02,0.05,170411984.55,140094439.17,3209238.9,19888021.04,16715324.0
P0109,Energy,Small,3,0.38,65204129.09,0.24,0.34,1,0.08,0.07,16448604.51,8384112.61,2800049.76,1439414.1,1971808.58
P0109,Energy,Small,3,0.38,65204129.09,0.24,0.34,2,0.08,0.08,23057620.28,10735961.26,2985971.93,1879691.06,5714020.41
P0109,Energy,Small,3,0.38,65204129.09,0.24,0.34,3,0.04,0.11,34389750.95,14757216.65,1580335.68,2574201.33,12811295.0
P0110,Real Estate,Medium,3,0.74,74372882.38,0.21,0.32,1,0.06,0.04,18677855.12,9597312.14,8402221.9,1577854.84,-2873966.19
P0110,Real Estate,Medium,3,0.74,74372882.38,0.21,0.32,2,0.06,0.1,30963218.06,16568539.34,1344703.92,2942228.31,8958065.31
P0110,Real Estate,Medium,3,0.74,74372882.38,0.21,0.32,3,0.08,0.06,37565980.95,19960400.64,1663356.01,3625330.79,12086098.81
P0111,Infrastructure,Medium,6,0.55,50308265.63,0.21,0.63,1,0.06,0.01,8099070.76,6281395.73,6947484.69,842947.06,-6319639.11
P0111,Infrastructure,Medium,6,0.55,50308265.63,0.21,0.63,2,0.05,0.07,10338894.29,7671418.62,1109913.6,1198835.82,684182.92
P0111,Infrastructure,Medium,6,0.55,50308265.63,0.21,0.63,3,0.06,0.09,13829704.96,10541503.05,2679373.18,1410647.78,-294359.6
P0111,Infrastructure,Medium,6,0.55,50308265.63,0.21,0.63,4,0.05,0.02,16726640.45,12447475.22,1798635.25,1832498.99,1038703.79
P0111,Infrastructure,Medium,6,0.55,50308265.63,0.21,0.63,5,0.1,0.06,16358110.3,13310160.4,915931.86,1789342.79,1615224.17
P0111,Infrastructure,Medium,6,0.55,50308265.63,0.21,0.63,6,0.04,0.03,15594442.14,11598727.15,336295.1,1623313.45,3014455.59
P0112,Manufacturing,Medium,7,0.27,86502315.03,0.24,0.62,1,0.04,0.06,44973830.83,33231068.84,12789303.18,5726624.18,-9533763.05
P0112,Manufacturing,Medium,7,0.27,86502315.03,0.24,0.62,2,0.04,0.03,47048430.45,32424234.1,2058689.48,5383119.83,9601331.63
P0112,Manufacturing,Medium,7,0.27,86502315.03,0.24,0.62,3,0.05,0.04,56126764.03,41366609.33,1872695.39,6113069.84,8207618.28
P0112,Manufacturing,Medium,7,0.27,86502315.03,0.24,0.62,4,0.05,0.02,60636102.19,44543699.62,4779013.31,7171845.62,6421352.84
P0112,Manufacturing,Medium,7,0.27,86502315.03,0.24,0.62,5,0.06,0.12,65536203.89,49557199.48,1561714.05,7494145.5,10712067.18
P0112,Manufacturing,Medium,7,0.27,86502315.03,0.24,0.62,6,0.05,0.08,76358640.97,53419884.23,5443154.73,9751747.87,9780297.64
P0112,Manufacturing,Medium,7,0.27,86502315.03,0.24,0.62,7,0.11,0.03,72838859.79,52695233.4,1977242.31,8646894.21,15072223.69
P0113,Technology,Small,5,0.14,12571181.27,0.21,0.23,1,0.07,0.11,3729747.59,1689151.86,642697.1,385330.59,589079.07
P0113,Technology,Small,5,0.14,12571181.27,0.21,0.23,2,0.04,0.03,6175147.8,2558148.98,236821.83,620001.08,2371043.87
P0113,Technology,Small,5,0.14,12571181.27,0.21,0.23,3,0.04,0.04,7195685.21,3002164.97,561714.83,761371.0,2467392.59
P0113,Technology,Small,5,0.14,12571181.27,0.21,0.23,4,0.07,0.09,7352224.41,3638837.55,491629.68,693571.48,2652141.05
P0113,Technology,Small,5,0.14,12571181.27,0.21,0.23,5,0.09,0.03,8054062.57,3400282.46,147818.59,852485.21,3409164.72
P0114,Energy,Small,10,0.35,27391800.23,0.25,0.58,1,0.05,0.04,5488743.1,2260075.7,3681569.27,651718.39,-1922442.85
P0114,Energy,Small,10,0.35,27391800.23,0.25,0.58,2,0.05,0.03,8567153.81,3893859.53,701565.74,1185384.22,2302450.85
P0114,Energy,Small,10,0.35,27391800.23,0.25,0.58,3,0.08,0.06,10001181.06,4552709.18,1196890.79,1314884.6,2770787.55
P0114,Energy,Small,10,0.35,27391800.23,0.25,0.58,4,0.08,0.04,9140646.2,3729002.0,868262.11,1230763.45,3366215.23
P0114,Energy,Small,10,0.35,27391800.23,0.25,0.58,5,0.04,0.03,12417772.08,5824160.0,1151151.23,1582392.89,3382319.03
P0114,Energy,Small,10,0.35,27391800.23,0.25,0.58,6,0.05,0.01,11251821.89,5246373.61,459942.31,1622320.76,3772487.58
P0114,Energy,Small,10,0.35,27391800.23,0.25,0.58,7,0.03,0.03,10276140.8,4425583.28,951028.87,1393626.79,3826841.42
P0114,Energy,Small,10,0.35,27391800.23,0.25,0.58,8,0.06,-0.04,10331116.52,4585673.92,773849.48,1373611.1,3605920.79
P0114,Energy,Small,10,0.35,27391800.23,0.25,0.58,9,0.04,0.05,8955046.47,3724855.43,1536932.92,1033713.02,2596970.38
P0114,Energy,Small,10,0.35,27391800.23,0.25,0.58,10,0.06,0.11,12729847.8,5652945.01,322754.99,1719041.7,4044514.27
P0115,Manufacturing,Small,10,0.69,47285652.16,0.18,0.64,1,0.05,0.06,17200729.54,11449365.05,3566881.81,858052.94,259285.58
P0115,Manufacturing,Small,10,0.69,47285652.16,0.18,0.64,2,0.06,0.05,28595096.34,20130928.91,1813537.63,1572309.17,4292433.28
P0115,Manufacturing,Small,10,0.69,47285652.16,0.18,0.64,3,0.03,-0.01,34406931.48,22637446.0,1066725.25,1689869.59,8384897.31
P0115,Manufacturing,Small,10,0.69,47285652.16,0.18,0.64,4,0.05,0.01,40204734.75,27977232.48,1166237.65,2041264.67,8718236.59
P0115,Manufacturing,Small,10,0.69,47285652.16,0.18,0.64,5,0.04,0.11,48488608.53,32632584.14,1680850.62,2737040.57,10249042.29
P0115,Manufacturing,Small,10,0.69,47285652.16,0.18,0.64,6,0.07,0.04,41892093.44,26887627.68,1270440.28,2270900.92,11228202.62
P0115,Manufacturing,Small,10,0.69,47285652.16,0.18,0.64,7,0.04,0.06,44127045.01,28514935.38,2325924.56,2095904.79,10180155.67
P0115,Manufacturing,Small,10,0.69,47285652.16,0.18,0.64,8,0.07,0.06,41044914.39,26369139.51,3044454.58,1909577.51,8835798.19
P0115,Manufacturing,Small,10,0.69,47285652.16,0.18,0.64,9,0.06,0.11,50201901.76,31112448.87,1228306.6,2507875.69,14066559.4
P0115,Manufacturing,Small,10,0.69,47285652.16,0.18,0.64,10,0.05,0.08,44782747.64,31257352.7,801325.76,2433970.72,10249828.14
P0116,Manufacturing,Medium,7,0.22,67625122.35,0.29,0.52,1,0.03,0.09,28075455.52,17070471.87,9165650.65,1372377.6,-2597501.02
P0116,Manufacturing,Medium,7,0.22,67625122.35,0.29,0.52,2,0.08,0.05,36206418.13,22229329.48,1384693.27,1860267.96,7654296.07
P0116,Manufacturing,Medium,7,0.22,67625122.35,0.29,0.52,3,0.02,0.02,44779176.0,26574530.95,2270935.75,2261617.85,10247170.83
P0116,Manufacturing,Medium,7,0.22,67625122.35,0.29,0.52,4,0.06,0.05,46921867.92,34102743.89,935894.1,2461895.06,7782070.74
P0116,Manufacturing,Medium,7,0.22,67625122.35,0.29,0.52,5,0.06,0.01,50214442.77,32843505.26,2161939.36,2604072.65,9903634.5
P0116,Manufacturing,Medium,7,0.22,67625122.35,0.29,0.52,6,0.07,0.09,58922176.26,37710526.51,2284763.37,3006598.06,12079538.45
P0116,Manufacturing,Medium,7,0.22,67625122.35,0.29,0.52,7,0.06,0.06,48274191.59,31898638.96,1193189.6,2399838.54,11162569.23
P0117,Infrastructure,Medium,4,0.39,163614357.57,0.24,0.5,1,0.05,0.04,35958249.82,20683080.27,14267430.26,3652241.89,-6303992.4
P0117,Infrastructure,Medium,4,0.39,163614357.57,0.24,0.5,2,0.06,0.03,55269644.07,33142731.72,5001443.45,5494413.94,10538705.98
P0117,Infrastructure,Medium,4,0.39,163614357.57,0.24,0.5,3,0.09,0.09,82047549.78,46449529.19,3823191.92,8202095.66,21122427.53
P0117,Infrastructure,Medium,4,0.39,163614357.57,0.24,0.5,4,0.08,0.04,71563640.26,37083218.44,1348954.77,7495481.47,25084391.0
P0118,Real Estate,Large,7,0.75,213046028.9,0.28,0.33,1,0.06,0.06,101596201.19,64856692.94,25486465.76,11939221.22,-11199438.9
P0118,Real Estate,Large,7,0.75,213046028.9,0.28,0.33,2,0.07,0.04,102206550.0,65487602.73,6006466.16,12800418.19,19857584.0
P0118,Real Estate,Large,7,0.75,213046028.9,0.28,0.33,3,0.02,0.03,170580337.52,109607087.14,7104957.46,21035677.59,27476691.15
P0118,Real Estate,Large,7,0.75,213046028.9,0.28,0.33,4,0.07,0.02,152115012.74,95558163.58,7937571.01,16957422.87,35775350.67
P0118,Real Estate,Large,7,0.75,213046028.9,0.28,0.33,5,0.04,0.0,166451600.37,106375976.71,5722587.57,22115822.51,31030133.97
P0118,Real Estate,Large,7,0.75,213046028.9,0.28,0.33,6,0.06,0.06,152287779.36,95651039.64,5236873.01,16765421.01,42434709.97
P0118,Real Estate,Large,7,0.75,213046028.9,0.28,0.33,7,0.07,0.02,137302946.69,78489978.24,4367240.93,14995457.68,39757558.9
P0119,Energy,Medium,4,0.68,106225304.19,0.26,0.62,1,0.06,0.12,40478519.39,29722447.44,11677690.05,4189634.86,-7852175.37
P0119,Energy,Medium,4,0.68,106225304.19,0.26,0.62,2,0.03,0.07,62580952.87,44598159.65,4624758.95,7156951.78,5629000.3
P0119,Energy,Medium,4,0.68,106225304.19,0.26,0.62,3,0.04,0.03,64264595.8,44364333.17,4375983.36,7739440.58,9583514.34
P0119,Energy,Medium,4,0.68,106225304.19,0.26,0.62,4,0.05,0.08,74431561.58,52830344.52,815279.38,7993067.89,15315714.61
P0120,Infrastructure,Small,3,0.32,107051209.54,0.32,0.8,1,0.04,0.06,18738665.92,10099342.46,10425431.13,1960177.86,-6320826.25
P0120,Infrastructure,Small,3,0.32,107051209.54,0.32,0.8,2,0.07,0.05,27457796.86,15714909.37,2236776.12,3098657.36,4366233.09
P0120,Infrastructure,Small,3,0.32,107051209.54,0.32,0.8,3,0.04,0.03,32989142.79,15920155.74,1320223.86,3717415.54,9501739.66
P0121,Manufacturing,Small,7,0.59,49306284.4,0.27,0.3,1,0.04,0.01,12045114.53,9061724.54,5434512.72,558651.54,-3771742.71
P0121,Manufacturing,Small,7,0.59,49306284.4,0.27,0.3,2,0.04,0.04,19233400.84,15333912.05,1112203.21,1012189.98,1332439.84
P0121,Manufacturing,Small,7,0.59,49306284.4,0.27,0.3,3,0.06,0.06,23953932.28,16779551.14,1569598.92,1151581.49,3574239.76
P0121,Manufacturing,Small,7,0.59,49306284.4,0.27,0.3,4,0.06,0.01,27596381.62,19790922.9,2131070.13,1404518.74,3251850.71
P0121,Manufacturing,Small,7,0.59,49306284.4,0.27,0.3,5,0.05,0.01,26563694.82,20732218.95,2191294.58,1260688.31,2315296.0
P0121,Manufacturing,Small,7,0.59,49306284.4,0.27,0.3,6,0.04,0.03,27377803.15,20556571.06,1985339.71,1421986.24,2695350.21
P0121,Manufacturing,Small,7,0.59,49306284.4,0.27,0.3,7,0.07,0.05,22975046.57,18905271.99,809836.86,1066180.89,2382179.67
P0122,Energy,Small,3,0.87,187855052.28,0.25,0.66,1,0.05,0.06,45099647.71,31803948.95,23821153.66,2514769.73,-15490811.37
P0122,Energy,Small,3,0.87,187855052.28,0.25,0.66,2,0.07,0.05,54552984.8,45063612.66,6031420.17,2826092.7,815702.0
P0122,Energy,Small,3,0.87,187855052.28,0.25,0.66,3,0.03,0.06,63669994.57,48165279.48,2954751.91,3769520.75,7593955.86
P0123,Infrastructure,Medium,7,0.52,123688798.3,0.2,0.37,1,0.05,0.05,30457473.52,16966926.82,16234698.67,3095777.07,-8293112.28
P0123,Infrastructure,Medium,7,0.52,123688798.3,0.2,0.37,2,0.08,0.09,42409070.49,24783452.9,2733608.71,3884495.02,10244706.72
P0123,Infrastructure,Medium,7,0.52,123688798.3,0.2,0.37,3,0.06,0.03,57461368.34,32878923.57,4240859.9,5615932.46,13770310.16
P0123,Infrastructure,Medium,7,0.52,123688798.3,0.2,0.37,4,0.07,0.08,57495008.27,33350387.48,6872271.39,5366126.44,13425177.64
P0123,Infrastructure,Medium,7,0.52,123688798.3,0.2,0.37,5,0.09,0.09,53572300.68,30581935.94,4928773.11,4611542.28,14791173.56
P0123,Infrastructure,Medium,7,0.52,123688798.3,0.2,0.37,6,0.09,0.1,61196765.7,35687852.0,6031067.9,5684106.95,13819083.82
P0123,Infrastructure,Medium,7,0.52,123688798.3,0.2,0.37,7,0.08,0.03,60116197.03,36460123.76,2906649.11,5775451.74,17223577.88
P0124,Infrastructure,Large,8,0.53,325768405.39,0.29,0.68,1,0.05,0.0,43918190.6,23526794.42,23622131.6,4444736.88,-13255728.63
P0124,Infrastructure,Large,8,0.53,325768405.39,0.29,0.68,2,0.06,0.06,80460768.29,42357739.03,8592872.63,8047897.15,14562394.37
P0124,Infrastructure,Large,8,0.53,325768405.39,0.29,0.68,3,0.04,0.08,85175187.55,42511940.86,17786831.62,9118639.89,11426240.76
P0124,Infrastructure,Large,8,0.53,325768405.39,0.29,0.68,4,0.08,0.08,85649705.16,46409027.87,19617198.44,8714199.31,8375199.0
P0124,Infrastructure,Large,8,0.53,325768405.39,0.29,0.68,5,0.07,0.03,100141959.2,55020595.27,18712147.38,9904282.09,13250223.59
P0124,Infrastructure,Large,8,0.53,325768405.39,0.29,0.68,6,0.06,0.04,97442583.77,49762156.57,12510772.55,10289583.05,20876089.88
P0124,Infrastructure,Large,8,0.53,325768405.39,0.29,0.68,7,0.06,0.07,101959940.0,54369202.21,8361518.9,10841171.3,23231608.53
P0124,Infrastructure,Large,8,0.53,325768405.39,0.29,0.68,8,0.02,0.09,96151933.58,49010463.39,1991049.62,9022491.41,31917057.5
P0125,Technology,Medium,7,0.61,36181578.74,0.3,0.57,1,0.06,0.05,9403441.64,6019116.21,3575831.04,871373.57,-2094842.37
P0125,Technology,Medium,7,0.61,36181578.74,0.3,0.57,2,0.04,-0.0,20107010.45,12938166.74,1518166.2,1708666.72,2549904.14
P0125,Technology,Medium,7,0.61,36181578.74,0.3,0.57,3,0.05,0.06,21980839.08,14392398.96,1152972.09,2364087.58,3552087.53
P0125,Technology,Medium,7,0.61,36181578.74,0.3,0.57,4,0.07,0.04,21064322.16,13420698.03,1136672.25,2191489.49,4482317.54
P0125,Technology,Medium,7,0.61,36181578.74,0.3,0.57,5,0.02,0.11,20501887.2,13140953.6,779850.02,2111797.09,4502084.58
P0125,Technology,Medium,7,0.61,36181578.74,0.3,0.57,6,0.04,0.05,27665107.99,17848525.88,593697.31,3234548.32,5441766.5
P0125,Technology,Medium,7,0.61,36181578.74,0.3,0.57,7,0.02,0.05,24661889.35,15374117.14,750570.49,2670668.18,6293105.27
P0126,Energy,Large,9,0.49,262573439.66,0.24,0.54,1,0.04,-0.03,41050582.94,33946962.33,39846425.74,2480331.95,-39042044.14
P0126,Energy,Large,9,0.49,262573439.66,0.24,0.54,2,0.05,0.03,76739946.69,56513931.98,5005597.65,4526203.31,7815085.38
P0126,Energy,Large,9,0.49,262573439.66,0.24,0.54,3,0.06,0.05,99742001.32,80008182.25,9909051.72,6733174.18,2765006.41
P0126,Energy,Large,9,0.49,262573439.66,0.24,0.54,4,0.05,0.05,93449365.93,71849949.88,3884658.71,6459951.84,13688799.39
P0126,Energy,Large,9,0.49,262573439.66,0.24,0.54,5,0.08,0.01,102312526.78,74662192.05,11365442.9,6814348.51,9332244.34
P0126,Energy,Large,9,0.49,262573439.66,0.24,0.54,6,0.06,0.06,108777989.77,82100748.46,14868174.46,6961641.68,5224627.45
P0126,Energy,Large,9,0.49,262573439.66,0.24,0.54,7,0.05,0.03,93944458.12,67347905.29,3561763.81,5920749.65,16399390.56
P0126,Energy,Large,9,0.49,262573439.66,0.24,0.54,8,0.07,0.05,90686299.61,71877544.79,7027353.58,5850955.51,7195702.0
P0126,Energy,Large,9,0.49,262573439.66,0.24,0.54,9,0.04,0.02,85434890.83,67563489.37,2010082.56,5084536.55,12634735.98
P0127,Infrastructure,Small,6,0.61,73570329.94,0.26,0.43,1,0.06,0.06,16242323.96,10425812.04,4164314.71,1331849.62,-1202834.41
P0127,Infrastructure,Small,6,0.61,73570329.94,0.26,0.43,2,0.05,0.01,14724228.63,9488605.4,1574827.0,1404801.2,2274613.94
P0127,Infrastructure,Small,6,0.61,73570329.94,0.26,0.43,3,0.06,0.02,27045984.74,19397782.47,1255669.86,2685629.67,3099383.41
P0127,Infrastructure,Small,6,0.61,73570329.94,0.26,0.43,4,0.06,0.04,25036996.71,17673833.9,2104612.39,2154481.51,4049989.61
P0127,Infrastructure,Small,6,0.61,73570329.94,0.26,0.43,5,0.05,0.05,20171403.97,13638827.37,1733794.25,1682102.93,3512720.94
P0127,Infrastructure,Small,6,0.61,73570329.94,0.26,0.43,6,0.05,0.05,27739513.01,20350203.52,701841.87,2410016.93,3748493.31
P0128,Energy,Small,4,0.34,162030279.64,0.18,0.12,1,0.07,0.02,34063493.03,18146537.35,19733791.15,2812077.75,-9880462.38
P0128,Energy,Small,4,0.34,162030279.64,0.18,0.12,2,0.05,0.02,39967790.55,21871477.18,7285688.31,3557381.92,6669905.84
P0128,Energy,Small,4,0.34,162030279.64,0.18,0.12,3,0.07,0.06,53864657.68,28897800.33,2280767.73,4759473.99,17104449.68
P0128,Energy,Small,4,0.34,162030279.64,0.18,0.12,4,0.06,0.05,57977409.57,28926953.56,2801075.89,4895963.88,21984952.06
P0129,Infrastructure,Medium,7,0.1,76153774.2,0.31,0.57,1,0.08,0.12,10254150.07,7253739.57,8751387.07,725545.09,-6801411.98
P0129,Infrastructure,Medium,7,0.1,76153774.2,0.31,0.57,2,0.05,0.12,13134614.76,8386741.8,2303945.5,929995.11,782208.47
P0129,Infrastructure,Medium,7,0.1,76153774.2,0.31,0.57,3,0.06,0.06,16146705.17,11197938.15,3236955.48,1106796.18,-9063.04
P0129,Infrastructure,Medium,7,0.1,76153774.2,0.31,0.57,4,0.05,0.06,18821208.33,11618037.22,1427038.76,1389238.6,3225183.11
P0129,Infrastructure,Medium,7,0.1,76153774.2,0.31,0.57,5,0.04,0.09,16981690.48,11125855.78,1175926.54,1284053.7,3157717.86
P0129,Infrastructure,Medium,7,0.1,76153774.2,0.31,0.57,6,0.06,0.08,18925964.81,12509495.57,3227997.05,1420994.9,1042830.35
P0129,Infrastructure,Medium,7,0.1,76153774.2,0.31,0.57,7,0.05,0.1,18629542.28,11053700.84,577050.82,1391413.6,4741887.88
P0130,Healthcare,Large,10,0.39,106096488.45,0.31,0.44,1,0.05,0.06,25798737.96,14247668.76,6879821.45,1469041.66,-351755.69
P0130,Healthcare,Large,10,0.39,106096488.45,0.31,0.44,2,0.06,0.07,36930598.29,21674501.62,5172376.69,2540580.95,4233209.04
P0130,Healthcare,Large,10,0.39,106096488.45,0.31,0.44,3,0.04,0.08,53853879.27,29753158.18,2322323.97,3625834.77,13048592.0
P0130,Healthcare,Large,10,0.39,106096488.45,0.31,0.44,4,0.05,0.07,58530599.41,31740157.92,6242728.29,3720766.59,12110979.93
P0130,Healthcare,Large,10,0.39,106096488.45,0.31,0.44,5,0.02,0.02,52128175.47,28987047.13,2788923.25,3136488.36,14126512.7
P0130,Healthcare,Large,10,0.39,106096488.45,0.31,0.44,6,0.06,0.05,57545090.23,32250097.16,4268470.85,3598728.2,12771077.38
P0130,Healthcare,Large,10,0.39,106096488.45,0.31,0.44,7,0.03,-0.01,48763427.84,27436287.93,2379475.43,3268605.95,12434093.72
P0130,Healthcare,Large,10,0.39,106096488.45,0.31,0.44,8,0.06,0.06,62799577.38,35140968.24,1606506.94,4400641.9,15723726.95
P0130,Healthcare,Large,10,0.39,106096488.45,0.31,0.44,9,0.07,0.03,57419462.87,35133033.33,5517236.71,4224963.99,10345339.35
P0130,Healthcare,Large,10,0.39,106096488.45,0.31,0.44,10,0.03,0.0,58981481.22,30729610.28,1620152.39,3888860.29,19565313.11
P0131,Energy,Medium,10,0.87,100209147.49,0.26,0.48,1,0.05,0.02,30385204.0,13894799.35,7854231.22,2923841.67,1543117.75
P0131,Energy,Medium,10,0.87,100209147.49,0.26,0.48,2,0.05,0.09,36104354.18,16421047.41,3981665.41,3495807.12,9930621.38
P0131,Energy,Medium,10,0.87,100209147.49,0.26,0.48,3,0.06,0.01,39794014.3,18242123.58,1545857.5,3432073.91,14538584.51
P0131,Energy,Medium,10,0.87,100209147.49,0.26,0.48,4,0.09,0.03,48762407.09,23222518.88,4401174.99,4046374.84,13999757.0
P0131,Energy,Medium,10,0.87,100209147.49,0.26,0.48,5,0.07,0.05,52430895.53,24360070.28,5680429.58,4406102.28,14733582.2
P0131,Energy,Medium,10,0.87,100209147.49,0.26,0.48,6,0.06,0.11,54480409.36,24914089.03,4775121.47,5184665.42,16368793.83
P0131,Energy,Medium,10,0.87,100209147.49,0.26,0.48,7,0.07,-0.01,57131712.48,26207592.33,2114384.64,5189566.76,21106329.9
P0131,Energy,Medium,10,0.87,100209147.49,0.26,0.48,8,0.06,0.09,59688211.39,27806035.0,3284627.72,5320087.45,20466075.03
P0131,Energy,Medium,10,0.87,100209147.49,0.26,0.48,9,0.06,0.05,52749764.75,20870344.35,4001110.94,4621703.63,19642959.81
P0131,Energy,Medium,10,0.87,100209147.49,0.26,0.48,10,0.05,0.03,53097337.69,26878699.03,2141519.2,4783079.09,17293109.56
P0132,Infrastructure,Medium,7,0.42,166910064.16,0.24,0.67,1,0.03,0.04,39850277.02,24353437.53,11342820.64,4918436.5,-4235724.73
P0132,Infrastructure,Medium,7,0.42,166910064.16,0.24,0.67,2,0.05,0.07,54769018.37,35801683.03,7551634.9,7137335.81,4948574.18
P0132,Infrastructure,Medium,7,0.42,166910064.16,0.24,0.67,3,0.06,0.14,83613872.67,56317650.82,9324099.3,11033393.45,7343619.24
P0132,Infrastructure,Medium,7,0.42,166910064.16,0.24,0.67,4,0.05,-0.02,65100961.26,39142186.2,10115686.44,8728574.46,11415978.65
P0132,Infrastructure,Medium,7,0.42,166910064.16,0.24,0.67,5,0.07,0.08,73287711.7,43194400.03,4309200.25,8961221.61,17991902.17
P0132,Infrastructure,Medium,7,0.42,166910064.16,0.24,0.67,6,0.04,0.05,85379527.28,51287448.74,6414682.08,10743953.95,17360665.72
P0132,Infrastructure,Medium,7,0.42,166910064.16,0.24,0.67,7,0.09,-0.01,68590857.12,46948744.24,2621504.85,8637375.27,17066717.73
P0133,Manufacturing,Medium,4,0.6,73187776.24,0.26,0.5,1,0.02,0.04,17962226.21,13377140.13,6904882.51,1993849.01,-5533668.18
P0133,Manufacturing,Medium,4,0.6,73187776.24,0.26,0.5,2,0.04,0.06,22566326.28,17737372.2,1858157.56,2552250.95,1103197.82
P0133,Manufacturing,Medium,4,0.6,73187776.24,0.26,0.5,3,0.04,0.05,31947894.18,26214417.23,3849028.57,3937889.18,-991036.65
P0133,Manufacturing,Medium,4,0.6,73187776.24,0.26,0.5,4,0.04,0.05,38623282.38,29867655.33,446118.71,4052335.92,6103834.24
P0134,Manufacturing,Large,5,0.37,109621041.91,0.25,0.24,1,0.06,0.1,30988407.16,23869786.54,14314617.11,1363512.97,-9962674.79
P0134,Manufacturing,Large,5,0.37,109621041.91,0.25,0.24,2,0.03,0.03,40355012.93,26511818.71,3630084.71,1862233.3,6262167.69
P0134,Manufacturing,Large,5,0.37,109621041.91,0.25,0.24,3,0.06,0.02,55817013.09,46530733.61,1820905.18,2365972.04,4622849.85
P0134,Manufacturing,Large,5,0.37,109621041.91,0.25,0.24,4,0.1,0.04,60267446.13,47785217.82,1257030.51,2487542.74,8490466.77
P0134,Manufacturing,Large,5,0.37,109621041.91,0.25,0.24,5,0.07,0.06,53425782.9,39592732.96,2015813.15,2154383.65,8264944.04
P0135,Infrastructure,Small,4,0.48,45743068.15,0.25,0.4,1,0.05,-0.01,4410907.29,3176998.25,6014168.76,549802.22,-5566756.67
P0135,Infrastructure,Small,4,0.48,45743068.15,0.25,0.4,2,0.02,0.03,6507155.54,4469138.33,2843118.03,750766.23,-1549626.27
P0135,Infrastructure,Small,4,0.48,45743068.15,0.25,0.4,3,0.06,0.06,8732094.67,6258050.72,865561.77,1222401.77,528378.77
P0135,Infrastructure,Small,4,0.48,45743068.15,0.25,0.4,4,0.02,0.09,10423187.14,7310542.27,583047.68,1291066.1,1728957.7
P0136,Manufacturing,Medium,10,0.21,40055785.71,0.25,0.15,1,0.03,0.11,21970549.21,16899893.0,2830776.1,1519804.63,-555925.71
P0136,Manufacturing,Medium,10,0.21,40055785.71,0.25,0.15,2,0.06,0.04,35374989.75,30500601.96,938622.45,2462837.96,1723505.33
P0136,Manufacturing,Medium,10,0.21,40055785.71,0.25,0.15,3,0.03,0.03,29034421.99,22517505.67,1922373.85,2029896.37,3446050.29
P0136,Manufacturing,Medium,10,0.21,40055785.71,0.25,0.15,4,0.06,0.06,36983010.49,27390377.36,1635731.31,2360206.86,5278385.82
P0136,Manufacturing,Medium,10,0.21,40055785.71,0.25,0.15,5,0.07,-0.01,34631046.29,25330134.09,722115.76,2509618.3,5956724.1
P0136,Manufacturing,Medium,10,0.21,40055785.71,0.25,0.15,6,0.05,0.04,37285959.59,28051674.68,695150.87,2342765.07,6619739.57
P0136,Manufacturing,Medium,10,0.21,40055785.71,0.25,0.15,7,0.05,0.06,44155058.88,34728134.55,1191843.07,3165939.06,5126590.78
P0136,Manufacturing,Medium,10,0.21,40055785.71,0.25,0.15,8,0.08,0.08,35579388.45,27758662.48,741369.32,2245529.33,6464618.39
P0136,Manufacturing,Medium,10,0.21,40055785.71,0.25,0.15,9,0.04,0.12,33740272.62,26791679.81,1187672.66,2386317.57,3726874.6
P0136,Manufacturing,Medium,10,0.21,40055785.71,0.25,0.15,10,0.04,0.03,35504086.72,27663559.25,249111.25,2478097.74,5629265.26
P0137,Energy,Large,9,0.59,279912000.71,0.21,0.67,1,0.09,0.06,52418097.39,29441898.87,22137110.6,6172349.63,-9999562.46
P0137,Energy,Large,9,0.59,279912000.71,0.21,0.67,2,0.05,0.04,73509457.85,44734970.51,8948880.87,9257611.11,10544837.01
P0137,Energy,Large,9,0.59,279912000.71,0.21,0.67,3,0.04,0.02,88589626.86,51072442.8,5882310.6,11440353.15,21593597.64
P0137,Energy,Large,9,0.59,279912000.71,0.21,0.67,4,0.04,0.03,105660005.72,57450420.09,9126147.24,11504045.01,30300160.98
P0137,Energy,Large,9,0.59,279912000.71,0.21,0.67,5,0.07,0.01,79617763.82,40782959.01,5675745.49,9950071.34,27531372.72
P0137,Energy,Large,9,0.59,279912000.71,0.21,0.67,6,0.03,0.05,97917174.23,52588946.18,7317339.81,12051329.09,25191595.51
P0137,Energy,Large,9,0.59,279912000.71,0.21,0.67,7,0.06,0.04,109414202.63,59699714.24,8641274.92,13063170.35,29666255.09
P0137,Energy,Large,9,0.59,279912000.71,0.21,0.67,8,0.07,0.03,91179340.3,52524691.82,6747024.97,11365116.94,26014875.94
P0137,Energy,Large,9,0.59,279912000.71,0.21,0.67,9,0.03,0.05,76818487.1,39355036.13,7099917.25,9074196.56,24143837.1
P0138,Infrastructure,Small,4,0.47,154871852.94,0.18,0.1,1,0.03,0.04,18925389.3,9369372.41,23038368.75,1242830.29,-16822577.59
P0138,Infrastructure,Small,4,0.47,154871852.94,0.18,0.1,2,0.07,0.03,26359453.41,13727415.35,2025268.65,1565072.73,8232952.32
P0138,Infrastructure,Small,4,0.47,154871852.94,0.18,0.1,3,0.07,0.08,34574810.07,17477975.24,6305353.07,2185166.86,6751190.91
P0138,Infrastructure,Small,4,0.47,154871852.94,0.18,0.1,4,0.05,0.05,33960447.56,16038864.25,2020543.34,2373401.76,12403367.39
P0139,Technology,Small,4,0.49,32220757.06,0.22,0.69,1,0.05,0.08,10026843.19,3487981.46,3888343.88,561921.61,670103.09
P0139,Technology,Small,4,0.49,32220757.06,0.22,0.69,2,0.08,0.03,8946474.42,3730865.09,613582.28,461992.67,3332829.48
P0139,Technology,Small,4,0.49,32220757.06,0.22,0.69,3,0.06,0.02,11778418.23,4558649.26,401399.81,594154.64,4921874.62
P0139,Technology,Small,4,0.49,32220757.06,0.22,0.69,4,0.07,0.05,12839676.55,5411734.82,290811.68,668526.93,5317027.79
P0140,Real Estate,Medium,5,0.57,189476994.21,0.31,0.47,1,0.05,0.11,76654827.29,43261795.22,17846440.31,8851550.56,-3684836.39
P0140,Real Estate,Medium,5,0.57,189476994.21,0.31,0.47,2,0.07,0.0,95405726.01,56641373.07,10619176.46,12612340.61,12015730.35
P0140,Real Estate,Medium,5,0.57,189476994.21,0.31,0.47,3,0.03,0.04,103819001.81,56661649.92,5947220.63,14592343.79,24581415.33
P0140,Real Estate,Medium,5,0.57,189476994.21,0.31,0.47,4,0.04,-0.0,129459616.22,76637050.24,11336143.33,17863873.14,22400021.64
P0140,Real Estate,Medium,5,0.57,189476994.21,0.31,0.47,5,0.02,0.03,117295219.65,55385920.55,4210118.61,15153750.23,41179521.82
P0141,Infrastructure,Large,3,0.32,118913080.26,0.21,0.51,1,0.06,0.09,32324308.33,15455225.53,13463472.64,2817478.13,-2975977.81
P0141,Infrastructure,Large,3,0.32,118913080.26,0.21,0.51,2,0.05,0.02,42097990.48,19306859.52,2535713.65,3627621.68,14348712.25
P0141,Infrastructure,Large,3,0.32,118913080.26,0.21,0.51,3,0.06,0.08,53088456.02,25311600.88,2651631.74,4321919.87,18537820.67
P0142,Manufacturing,Small,6,0.73,42066436.33,0.31,0.71,1,0.08,0.09,13609817.26,10045097.6,3966820.44,1258348.02,-2724800.34
P0142,Manufacturing,Small,6,0.73,42066436.33,0.31,0.71,2,0.04,0.02,17763133.32,11586579.25,1893088.79,1671970.5,1949835.27
P0142,Manufacturing,Small,6,0.73,42066436.33,0.31,0.71,3,0.07,0.01,20969348.91,13497415.53,1880000.82,1810851.99,3224147.06
P0142,Manufacturing,Small,6,0.73,42066436.33,0.31,0.71,4,0.04,-0.0,21850948.43,14174222.98,809131.62,2215433.81,3872727.23
P0142,Manufacturing,Small,6,0.73,42066436.33,0.31,0.71,5,0.04,0.08,21503847.72,15166344.55,1604810.8,1897983.0,3093939.76
P0142,Manufacturing,Small,6,0.73,42066436.33,0.31,0.71,6,0.05,-0.0,22347157.6,15658277.98,723539.84,2144631.51,3501188.73
P0143,Energy,Small,4,0.39,107643873.99,0.23,0.52,1,0.04,0.07,19266971.25,13357555.12,5671502.12,2373845.15,-3413014.55
P0143,Energy,Small,4,0.39,107643873.99,0.23,0.52,2,0.08,0.06,24964974.25,18819508.97,1402852.47,3160961.87,2592143.0
P0143,Energy,Small,4,0.39,107643873.99,0.23,0.52,3,0.04,0.08,36097738.36,23954813.81,2392966.98,4486578.97,5627432.4
P0143,Energy,Small,4,0.39,107643873.99,0.23,0.52,4,0.03,0.01,32201525.29,22932881.63,1989672.66,4568094.33,5302865.46
P0144,Infrastructure,Medium,7,0.51,288062428.96,0.25,0.51,1,0.03,0.0,63423438.74,31053151.38,23860940.4,5294145.56,-4520644.84
P0144,Infrastructure,Medium,7,0.51,288062428.96,0.25,0.51,2,0.03,0.03,74670558.9,35369401.36,12421049.61,5741695.63,18326813.52
P0144,Infrastructure,Medium,7,0.51,288062428.96,0.25,0.51,3,0.04,0.12,117232264.53,59827919.52,5964860.36,9778549.61,33741391.21
P0144,Infrastructure,Medium,7,0.51,288062428.96,0.25,0.51,4,0.05,0.0,81932045.88,40935155.08,4399313.18,6384957.26,29417325.15
P0144,Infrastructure,Medium,7,0.51,288062428.96,0.25,0.51,5,0.09,0.05,102991620.18,53900479.5,13437407.95,7672347.58,22149826.76
P0144,Infrastructure,Medium,7,0.51,288062428.96,0.25,0.51,6,0.07,0.08,107742324.15,50806583.71,12141662.45,8211252.55,29507234.95
P0144,Infrastructure,Medium,7,0.51,288062428.96,0.25,0.51,7,0.05,0.06,122806486.8,64343044.97,5973521.02,8506726.61,38831593.35
P0145,Manufacturing,Large,6,0.61,42273198.75,0.2,0.61,1,0.03,0.05,7405586.32,5036798.02,3838094.64,366853.88,-2381867.74
P0145,Manufacturing,Large,6,0.61,42273198.75,0.2,0.61,2,0.06,0.1,15622296.46,11185555.91,920802.26,681004.58,2360647.08
P0145,Manufacturing,Large,6,0.61,42273198.75,0.2,0.61,3,0.07,0.02,14758140.19,10411106.56,695175.31,750825.08,2638838.87
P0145,Manufacturing,Large,6,0.61,42273198.75,0.2,0.61,4,0.08,0.08,22154456.82,15130759.99,1787855.22,1021456.33,3256332.35
P0145,Manufacturing,Large,6,0.61,42273198.75,0.2,0.61,5,0.06,-0.02,17302624.35,10816232.03,1477968.24,840889.34,3830804.97
P0145,Manufacturing,Large,6,0.61,42273198.75,0.2,0.61,6,0.03,0.02,21232019.31,14997796.13,523938.6,998325.14,4266429.75
P0146,Infrastructure,Large,3,0.71,192590462.13,0.3,0.59,1,0.03,0.1,37579311.95,22462368.51,31360462.67,4670298.24,-23444328.52
P0146,Infrastructure,Large,3,0.71,192590462.13,0.3,0.59,2,0.06,0.03,44032636.82,27808060.25,5077901.48,5454213.58,5817266.84
P0146,Infrastructure,Large,3,0.71,192590462.13,0.3,0.59,3,0.06,0.06,71317195.33,44879346.76,3382093.17,8548504.91,12998645.64
P0147,Technology,Large,4,0.62,18505605.57,0.18,0.1,1,0.07,0.06,8657199.06,4942451.42,1197306.1,1088549.21,741232.45
P0147,Technology,Large,4,0.62,18505605.57,0.18,0.1,2,0.06,0.05,9009354.21,4684136.01,418193.33,1031591.04,3143646.44
P0147,Technology,Large,4,0.62,18505605.57,0.18,0.1,3,0.04,0.03,12324401.47,6523741.9,851575.9,1571147.53,3253640.73
P0147,Technology,Large,4,0.62,18505605.57,0.18,0.1,4,0.08,0.07,13441229.86,7356621.26,183289.44,1424525.3,5037899.37
P0148,Healthcare,Small,5,0.8,74881855.08,0.34,0.41,1,0.06,0.05,19592065.22,12305075.38,8730676.92,1874174.44,-5690582.47
P0148,Healthcare,Small,5,0.8,74881855.08,0.34,0.41,2,0.06,0.01,27367895.26,19083090.3,1346635.18,2904034.39,3088851.55
P0148,Healthcare,Small,5,0.8,74881855.08,0.34,0.41,3,0.08,0.04,44475460.78,31066876.76,3143867.59,4633079.62,3964836.01
P0148,Healthcare,Small,5,0.8,74881855.08,0.34,0.41,4,0.1,0.04,41263563.31,27789815.24,1226937.22,4309939.09,8029361.28
P0148,Healthcare,Small,5,0.8,74881855.08,0.34,0.41,5,0.06,-0.0,41332436.99,28226085.67,742207.37,4009550.67,8075010.56
P0149,Healthcare,Large,4,0.37,145536780.6,0.25,0.48,1,0.07,-0.02,65502371.0,44244565.41,20016650.28,5998073.8,-10156160.94
P0149,Healthcare,Large,4,0.37,145536780.6,0.25,0.48,2,0.06,0.06,77514327.04,46055143.62,5795172.94,6628258.98,16865995.01
P0149,Healthcare,Large,4,0.37,145536780.6,0.25,0.48,3,0.06,0.03,111162330.84,69215659.14,1381757.81,8721240.82,27449659.56
P0149,Healthcare,Large,4,0.37,145536780.6,0.25,0.48,4,0.08,0.02,114674725.03,73260155.61,3530163.64,9937295.06,25985496.46
P0150,Real Estate,Medium,3,0.56,90726930.48,0.25,0.45,1,0.07,0.06,33921254.88,23631559.98,12502878.71,2672249.0,-6998439.62
P0150,Real Estate,Medium,3,0.56,90726930.48,0.25,0.45,2,0.05,0.02,47141273.6,29298410.21,2767492.18,4474969.17,8944154.75
P0150,Real Estate,Medium,3,0.56,90726930.48,0.25,0.45,3,0.07,0.09,59841188.7,38592890.09,683995.86,5908988.76,13909829.08
P0151,Manufacturing,Small,10,0.36,49121468.38,0.23,0.7,1,0.04,0.04,11354729.73,8171694.98,6360436.11,778065.07,-4451369.44
P0151,Manufacturing,Small,10,0.36,49121468.38,0.23,0.7,2,0.06,0.11,20043775.66,14134045.26,1224563.59,1143011.76,2921718.17
P0151,Manufacturing,Small,10,0.36,49121468.38,0.23,0.7,3,0.03,0.06,23590198.16,18054347.03,1099738.54,1340278.35,3111019.69
P0151,Manufacturing,Small,10,0.36,49121468.38,0.23,0.7,4,0.04,0.11,25783300.91,20829361.03,2319955.66,1585393.28,1233960.07
P0151,Manufacturing,Small,10,0.36,49121468.38,0.23,0.7,5,0.05,0.11,29052432.83,21230963.69,1401831.82,2000347.2,4317321.13
P0151,Manufacturing,Small,10,0.36,49121468.38,0.23,0.7,6,0.04,0.06,24721889.81,19779322.72,2132574.98,1582615.28,2092021.48
P0151,Manufacturing,Small,10,0.36,49121468.38,0.23,0.7,7,0.04,0.01,23162345.38,16502677.47,2211217.85,1518354.72,3064348.79
P0151,Manufacturing,Small,10,0.36,49121468.38,0.23,0.7,8,0.07,0.02,28097356.3,20196095.64,1544166.48,1871881.57,4253590.48
P0151,Manufacturing,Small,10,0.36,49121468.38,0.23,0.7,9,0.04,0.04,22507075.93,16450110.62,964058.15,1459080.68,4242597.58
P0151,Manufacturing,Small,10,0.36,49121468.38,0.23,0.7,10,0.06,0.07,27682787.02,20537829.69,770060.85,1681804.55,4646830.95
P0152,Technology,Small,10,0.59,5337797.26,0.26,0.63,1,0.05,0.1,2710481.86,1210699.63,662924.02,201848.58,249037.2
P0152,Technology,Small,10,0.59,5337797.26,0.26,0.63,2,0.08,0.1,3684558.63,1715978.52,70398.23,286081.85,1304059.78
P0152,Technology,Small,10,0.59,5337797.26,0.26,0.63,3,0.07,0.05,4319734.14,2004222.49,308360.46,321371.7,1405328.9
P0152,Technology,Small,10,0.59,5337797.26,0.26,0.63,4,0.06,0.13,6122954.92,2467024.72,152766.69,510420.85,2366044.51
P0152,Technology,Small,10,0.59,5337797.26,0.26,0.63,5,0.04,0.05,4445708.1,1905415.3,232702.83,313090.83,1725429.14
P0152,Technology,Small,10,0.59,5337797.26,0.26,0.63,6,0.06,0.08,6152918.65,2912852.72,320125.19,412256.4,1811268.06
P0152,Technology,Small,10,0.59,5337797.26,0.26,0.63,7,0.05,0.08,4634739.77,2010195.82,201689.01,364725.7,1744644.76
P0152,Technology,Small,10,0.59,5337797.26,0.26,0.63,8,0.05,0.08,4423241.41,1868538.12,171035.87,314119.63,1839914.55
P0152,Technology,Small,10,0.59,5337797.26,0.26,0.63,9,0.09,0.04,5595529.41,2707259.06,97133.45,394948.39,1940254.41
P0152,Technology,Small,10,0.59,5337797.26,0.26,0.63,10,0.04,0.05,5605438.61,2447615.39,42672.5,412646.44,2218211.41
P0153,Energy,Medium,10,0.66,96545661.85,0.23,0.45,1,0.07,0.04,31206008.85,19684243.29,11460104.99,2233084.84,-4850221.71
P0153,Energy,Medium,10,0.66,96545661.85,0.23,0.45,2,0.06,-0.0,57243823.41,36236635.66,4628087.75,3974486.6,10090298.17
P0153,Energy,Medium,10,0.66,96545661.85,0.23,0.45,3,0.06,0.01,58920807.97,35341675.18,1583742.13,3942826.09,16877509.52
P0153,Energy,Medium,10,0.66,96545661.85,0.23,0.45,4,0.06,0.02,68263318.64,44700171.02,5392248.03,4684405.43,11386446.45
P0153,Energy,Medium,10,0.66,96545661.85,0.23,0.45,5,0.06,0.08,77647085.2,49777289.99,5314556.64,5631367.46,14806375.52
P0153,Energy,Medium,10,0.66,96545661.85,0.23,0.45,6,0.08,0.0,60955698.85,38359851.84,5564737.27,4445284.31,12226052.79
P0153,Energy,Medium,10,0.66,96545661.85,0.23,0.45,7,0.03,0.05,72864883.14,44088966.67,5885274.82,5109449.81,16992076.66
P0153,Energy,Medium,10,0.66,96545661.85,0.23,0.45,8,0.04,0.02,73811443.72,43413899.47,4962187.68,5270766.32,19153220.79
P0153,Energy,Medium,10,0.66,96545661.85,0.23,0.45,9,0.05,0.06,78242672.28,44953316.3,3252766.69,5793403.0,22333247.63
P0153,Energy,Medium,10,0.66,96545661.85,0.23,0.45,10,0.05,0.1,77293759.54,46870757.42,846169.13,5029725.27,22393245.83
P0154,Infrastructure,Medium,10,0.79,229945633.76,0.26,0.48,1,0.06,0.05,37546779.74,27150531.82,26628351.43,2938008.17,-21253859.94
P0154,Infrastructure,Medium,10,0.79,229945633.76,0.26,0.48,2,0.05,0.05,69140903.57,53176981.61,4720352.56,5147615.18,4723356.19
P0154,Infrastructure,Medium,10,0.79,229945633.76,0.26,0.48,3,0.04,-0.04,67102556.16,48854937.39,8595490.05,5417654.16,4768817.13
P0154,Infrastructure,Medium,10,0.79,229945633.76,0.26,0.48,4,0.05,-0.01,66784441.34,46345367.47,8638147.57,5224943.34,6358168.17
P0154,Infrastructure,Medium,10,0.79,229945633.76,0.26,0.48,5,0.04,0.04,71050793.58,49867611.6,6596446.07,5722301.83,8579021.18
P0154,Infrastructure,Medium,10,0.79,229945633.76,0.26,0.48,6,0.05,0.06,96520342.61,72747885.5,11670657.52,7360550.72,4299742.43
P0154,Infrastructure,Medium,10,0.79,229945633.76,0.26,0.48,7,0.06,0.04,69336805.22,53034913.43,4986926.68,5779519.22,8559449.49
P0154,Infrastructure,Medium,10,0.79,229945633.76,0.26,0.48,8,0.05,0.05,84708434.96,62733499.76,6281798.86,7725746.87,8157730.65
P0154,Infrastructure,Medium,10,0.79,229945633.76,0.26,0.48,9,0.03,0.06,70928692.92,49654124.31,6310314.13,5141553.52,12156153.92
P0154,Infrastructure,Medium,10,0.79,229945633.76,0.26,0.48,10,0.05,0.03,71855348.26,51446937.7,3195108.52,5616980.12,11070130.17
P0155,Technology,Large,7,0.7,34585600.96,0.22,0.49,1,0.06,0.06,8124153.16,5119325.79,3934094.68,470585.57,-1999046.55
P0155,Technology,Large,7,0.7,34585600.96,0.22,0.49,2,0.06,0.1,10150072.91,5439950.43,1709382.58,526388.2,1927288.01
P0155,Technology,Large,7,0.7,34585600.96,0.22,0.49,3,0.04,0.04,11559367.53,6359810.38,610865.62,659314.43,3192448.15
P0155,Technology,Large,7,0.7,34585600.96,0.22,0.49,4,0.06,0.09,14287419.06,8506851.29,1884271.48,834657.82,2259444.32
P0155,Technology,Large,7,0.7,34585600.96,0.22,0.49,5,0.05,0.06,11571045.03,7413998.72,1331903.76,580694.25,2189924.23
P0155,Technology,Large,7,0.7,34585600.96,0.22,0.49,6,0.04,0.06,16198901.04,9893141.45,819845.13,947112.99,3803062.68
P0155,Technology,Large,7,0.7,34585600.96,0.22,0.49,7,0.08,0.03,13301345.42,8104893.7,323816.28,658189.69,4093481.82
P0156,Energy,Small,4,0.67,24569888.23,0.28,0.43,1,0.07,0.04,5456670.75,3897766.66,1904079.21,417117.6,-1229792.02
P0156,Energy,Small,4,0.67,24569888.23,0.28,0.43,2,0.04,0.03,6049473.17,3929790.3,1302580.16,494559.18,136892.93
P0156,Energy,Small,4,0.67,24569888.23,0.28,0.43,3,0.02,0.02,9683212.62,5625779.53,1613731.47,773864.91,1024445.49
P0156,Energy,Small,4,0.67,24569888.23,0.28,0.43,4,0.07,0.06,12209803.64,8243872.91,419024.41,1043075.09,2141713.75
P0157,Healthcare,Medium,4,0.25,24229908.38,0.21,0.31,1,0.04,0.06,9593236.3,5291141.24,1540010.46,1062230.03,810334.56
P0157,Healthcare,Medium,4,0.25,24229908.38,0.21,0.31,2,0.04,0.12,10501525.93,5579896.46,1222330.3,1211802.92,2524200.22
P0157,Healthcare,Medium,4,0.25,24229908.38,0.21,0.31,3,0.07,0.09,14088015.98,7875796.98,528683.86,1508405.88,3987454.58
P0157,Healthcare,Medium,4,0.25,24229908.38,0.21,0.31,4,0.03,0.08,13100405.18,6912692.76,331384.09,1311418.56,4846671.38
P0158,Real Estate,Small,5,0.66,42815631.32,0.26,0.56,1,0.03,0.08,4663202.31,2650103.53,5551888.75,639521.8,-4635835.79
P0158,Real Estate,Small,5,0.66,42815631.32,0.26,0.56,2,0.05,0.02,7825705.34,4128972.69,1947440.78,1014160.86,393363.86
P0158,Real Estate,Small,5,0.66,42815631.32,0.26,0.56,3,0.05,0.11,11830536.6,6207522.76,959708.88,1546753.96,2485845.04
P0158,Real Estate,Small,5,0.66,42815631.32,0.26,0.56,4,0.09,0.1,12347947.72,6036176.44,938224.57,1744716.42,3414149.2
P0158,Real Estate,Small,5,0.66,42815631.32,0.26,0.56,5,0.05,0.1,11994243.31,6008288.31,445741.43,1598516.28,4168062.0
P0159,Technology,Large,8,0.16,31542783.64,0.25,0.51,1,0.06,0.06,22650703.98,14780434.13,3703454.01,1296703.96,892580.26
P0159,Technology,Large,8,0.16,31542783.64,0.25,0.51,2,0.09,0.04,25801802.4,15585502.13,1336281.23,1536942.96,5915930.36
P0159,Technology,Large,8,0.16,31542783.64,0.25,0.51,3,0.05,-0.01,30745593.57,21147087.99,744274.16,1623179.2,6149036.86
P0159,Technology,Large,8,0.16,31542783.64,0.25,0.51,4,0.08,0.08,32679751.75,19671030.23,1347974.56,1903397.45,8588671.15
P0159,Technology,Large,8,0.16,31542783.64,0.25,0.51,5,0.05,0.1,31611316.49,20614969.56,991094.5,1959232.51,7419833.52
P0159,Technology,Large,8,0.16,31542783.64,0.25,0.51,6,0.04,0.02,35745059.53,23150956.5,902618.81,1852355.14,8463553.98
P0159,Technology,Large,8,0.16,31542783.64,0.25,0.51,7,0.06,0.09,38664407.06,23870135.12,1415543.56,2222644.16,9808835.39
P0159,Technology,Large,8,0.16,31542783.64,0.25,0.51,8,0.04,0.06,36902513.36,22897942.0,269224.55,2040225.77,10836104.61
P0160,Technology,Medium,6,0.64,38562509.44,0.25,0.4,1,0.06,0.04,17218194.99,12118687.71,4729571.27,909427.2,-1948476.31
P0160,Technology,Medium,6,0.64,38562509.44,0.25,0.4,2,0.06,0.03,25453348.96,14984843.04,1490148.76,1461308.35,5578897.57
P0160,Technology,Medium,6,0.64,38562509.44,0.25,0.4,3,0.04,0.07,35332868.84,22872597.39,1570331.29,2012196.42,7073487.2
P0160,Technology,Medium,6,0.64,38562509.44,0.25,0.4,4,0.03,0.08,29558813.41,20010668.87,825059.87,1869594.91,6465085.09
P0160,Technology,Medium,6,0.64,38562509.44,0.25,0.4,5,0.03,0.07,34334730.89,23877069.95,1146127.44,2242983.52,6589448.93
P0160,Technology,Medium,6,0.64,38562509.44,0.25,0.4,6,0.07,0.06,31844618.03,21275454.36,491908.09,1968554.81,7893696.43
P0161,Infrastructure,Large,6,0.67,225581262.34,0.29,0.33,1,0.04,0.06,63926916.42,39953059.23,28366034.53,7518461.69,-18908902.3
P0161,Infrastructure,Large,6,0.67,225581262.34,0.29,0.33,2,0.06,-0.01,52665339.58,36984212.41,9298203.47,5522844.22,4101956.1
P0161,Infrastructure,Large,6,0.67,225581262.34,0.29,0.33,3,0.08,0.05,83851667.62,54088729.56,6624174.31,9202209.64,10459632.8
P0161,Infrastructure,Large,6,0.67,225581262.34,0.29,0.33,4,0.03,0.06,86164029.35,57665708.77,9081209.47,9317490.98,11731353.23
P0161,Infrastructure,Large,6,0.67,225581262.34,0.29,0.33,5,0.06,0.12,91375305.15,61195453.18,9637997.74,10407071.06,10607137.6
P0161,Infrastructure,Large,6,0.67,225581262.34,0.29,0.33,6,0.05,0.09,91667211.14,57405716.46,2720232.3,10614311.96,21841791.36
P0162,Healthcare,Small,5,0.45,93964188.1,0.21,0.6,1,0.08,0.08,17178423.42,12488484.23,5851842.85,1670089.52,-3606915.06
P0162,Healthcare,Small,5,0.45,93964188.1,0.21,0.6,2,0.04,0.08,27171370.6,16742572.55,998018.34,2509302.49,6244282.99
P0162,Healthcare,Small,5,0.45,93964188.1,0.21,0.6,3,0.04,0.09,34707406.6,21761392.09,2832903.69,3288752.56,6609566.25
P0162,Healthcare,Small,5,0.45,93964188.1,0.21,0.6,4,0.05,0.03,37463213.97,24544482.21,5294896.22,3870830.62,4653112.34
P0162,Healthcare,Small,5,0.45,93964188.1,0.21,0.6,5,0.08,0.03,44596577.15,27414192.62,508351.99,4398318.05,12409898.76
P0163,Real Estate,Medium,9,0.95,136067454.98,0.31,0.25,1,0.05,0.07,43191277.79,25070391.34,8574697.51,2122469.78,1721870.16
P0163,Real Estate,Medium,9,0.95,136067454.98,0.31,0.25,2,0.04,0.01,56113123.96,34243934.01,2628018.23,2658769.09,12317332.2
P0163,Real Estate,Medium,9,0.95,136067454.98,0.31,0.25,3,0.08,0.07,76998698.16,49495091.41,7578905.39,3817504.63,10116270.08
P0163,Real Estate,Medium,9,0.95,136067454.98,0.31,0.25,4,0.05,0.08,82459182.94,45661319.77,6908307.33,4082166.48,19401001.16
P0163,Real Estate,Medium,9,0.95,136067454.98,0.31,0.25,5,0.09,0.09,86666933.0,49442329.79,5732854.44,4439115.3,19031678.03
P0163,Real Estate,Medium,9,0.95,136067454.98,0.31,0.25,6,0.05,0.08,77532763.66,43558385.38,6054088.55,3959058.88,17570587.5
P0163,Real Estate,Medium,9,0.95,136067454.98,0.31,0.25,7,0.05,0.09,90533134.27,51292811.97,2689898.39,4233539.64,23982110.57
P0163,Real Estate,Medium,9,0.95,136067454.98,0.31,0.25,8,0.04,0.05,85807127.49,51950137.07,9124609.54,3805032.65,13883577.08
P0163,Real Estate,Medium,9,0.95,136067454.98,0.31,0.25,9,0.09,0.08,76331432.63,45913776.49,3245495.43,3600090.73,18492878.49
P0164,Technology,Small,5,0.63,41009578.38,0.31,0.47,1,0.04,0.07,19518487.65,13012312.11,3030312.22,1643779.64,-167190.67
P0164,Technology,Small,5,0.63,41009578.38,0.31,0.47,2,0.05,0.06,20016261.7,14234603.33,2216113.26,1658804.99,1711114.6
P0164,Technology,Small,5,0.63,41009578.38,0.31,0.47,3,0.09,0.06,30263899.27,20766809.51,1271878.19,2433862.16,4766046.04
P0164,Technology,Small,5,0.63,41009578.38,0.31,0.47,4,0.05,0.0,23705507.23,14976502.52,2318796.71,2047428.35,4176929.57
P0164,Technology,Small,5,0.63,41009578.38,0.31,0.47,5,0.06,0.07,31205583.92,22323749.66,880606.54,2789501.32,4821528.65
P0165,Technology,Small,4,0.36,10147844.97,0.31,0.58,1,0.03,0.08,5985290.65,2146116.25,1359373.04,389834.18,897151.95
P0165,Technology,Small,4,0.36,10147844.97,0.31,0.58,2,0.06,0.04,10159705.33,3666319.38,434613.5,654276.08,3467711.29
P0165,Technology,Small,4,0.36,10147844.97,0.31,0.58,3,0.07,0.08,13970225.12,5633551.24,438992.6,987531.51,5241050.9
P0165,Technology,Small,4,0.36,10147844.97,0.31,0.58,4,0.05,0.11,16472059.78,7032047.72,160134.72,1285077.64,6057326.71
P0166,Technology,Medium,3,0.26,28254018.29,0.26,0.34,1,0.09,0.08,13939743.96,6210740.33,3739646.4,1095033.55,876377.47
P0166,Technology,Medium,3,0.26,28254018.29,0.26,0.34,2,0.04,0.01,15161374.78,7307609.39,1089960.55,1192099.05,4747897.5
P0166,Technology,Medium,3,0.26,28254018.29,0.26,0.34,3,0.06,0.03,17446034.46,8610044.19,402053.89,1361266.45,5752479.53
P0167,Infrastructure,Large,7,0.81,301595014.38,0.24,0.54,1,0.03,0.02,44223697.09,30853263.49,41252070.41,3611627.9,-36691343.94
P0167,Infrastructure,Large,7,0.81,301595014.38,0.24,0.54,2,0.05,0.07,49771195.38,32600829.0,9306757.06,3551183.55,3593928.73
P0167,Infrastructure,Large,7,0.81,301595014.38,0.24,0.54,3,0.06,0.01,60521522.42,41099013.15,17660336.21,4561030.22,-4023303.58
P0167,Infrastructure,Large,7,0.81,301595014.38,0.24,0.54,4,0.06,0.03,64311234.85,42676688.34,14349002.71,5120202.17,1418939.71
P0167,Infrastructure,Large,7,0.81,301595014.38,0.24,0.54,5,0.03,0.01,54568795.3,35291062.8,7844438.42,4063963.43,7436950.1
P0167,Infrastructure,Large,7,0.81,301595014.38,0.24,0.54,6,0.07,0.05,73210360.91,53740321.34,13215270.96,5154359.51,400509.66
P0167,Infrastructure,Large,7,0.81,301595014.38,0.24,0.54,7,0.05,0.06,65674613.23,44673417.43,4120157.45,4789261.45,12120601.36
P0168,Infrastructure,Medium,10,0.3,155873848.67,0.28,0.22,1,0.05,0.09,41043772.75,26211689.92,21646038.77,3523486.36,-14148832.72
P0168,Infrastructure,Medium,10,0.3,155873848.67,0.28,0.22,2,0.07,0.08,58128185.85,34283512.4,6098495.63,4711348.28,10093199.61
P0168,Infrastructure,Medium,10,0.3,155873848.67,0.28,0.22,3,0.04,0.03,57156823.61,36590106.54,2966452.07,5173872.48,10725110.13
P0168,Infrastructure,Medium,10,0.3,155873848.67,0.28,0.22,4,0.07,0.03,62599915.61,46168556.07,3310496.08,5317139.88,8008458.74
P0168,Infrastructure,Medium,10,0.3,155873848.67,0.28,0.22,5,0.08,0.07,63684631.92,43792428.07,7010212.5,5455527.46,7017196.99
P0168,Infrastructure,Medium,10,0.3,155873848.67,0.28,0.22,6,0.05,0.12,87198577.3,56678301.45,7931721.09,7967349.52,11788297.49
P0168,Infrastructure,Medium,10,0.3,155873848.67,0.28,0.22,7,0.04,0.04,75462321.1,52563247.84,5359465.79,6962675.23,13060814.1
P0168,Infrastructure,Medium,10,0.3,155873848.67,0.28,0.22,8,0.08,-0.0,70389394.09,45159116.35,3923907.14,5766394.78,15450770.16
P0168,Infrastructure,Medium,10,0.3,155873848.67,0.28,0.22,9,0.04,0.05,63031809.87,35115655.97,6011453.41,5215851.97,14847016.13
P0168,Infrastructure,Medium,10,0.3,155873848.67,0.28,0.22,10,0.04,0.01,66698644.8,41319252.53,3302821.43,5622039.67,14385911.55
P0169,Technology,Medium,7,0.69,59968205.01,0.22,0.53,1,0.03,0.06,31698139.67,11382680.37,3918048.74,2839258.92,8879623.79
P0169,Technology,Medium,7,0.69,59968205.01,0.22,0.53,2,0.05,0.0,36627261.98,13984700.72,1099778.46,3440897.7,15024342.75
P0169,Technology,Medium,7,0.69,59968205.01,0.22,0.53,3,0.07,0.07,49664306.52,18944940.59,3741456.57,4381736.65,19079672.41
P0169,Technology,Medium,7,0.69,59968205.01,0.22,0.53,4,0.07,0.06,56852067.54,22887247.06,2863793.64,4922874.79,22427674.63
P0169,Technology,Medium,7,0.69,59968205.01,0.22,0.53,5,0.07,0.09,62105602.75,24796371.07,3486641.52,5235502.46,24457005.02
P0169,Technology,Medium,7,0.69,59968205.01,0.22,0.53,6,0.04,0.1,64711493.16,25033601.87,3360526.34,6472001.1,26385301.21
P0169,Technology,Medium,7,0.69,59968205.01,0.22,0.53,7,0.03,0.06,62830231.95,24029178.36,443474.8,5648002.39,30708451.15
P0170,Manufacturing,Small,7,0.64,39836606.88,0.3,0.68,1,0.07,0.15,7117459.42,5291094.52,3317986.01,781655.63,-2929249.35
P0170,Manufacturing,Small,7,0.64,39836606.88,0.3,0.68,2,0.04,0.05,9769570.32,7357030.6,553741.94,1020191.21,917390.63
P0170,Manufacturing,Small,7,0.64,39836606.88,0.3,0.68,3,0.07,0.07,11201825.52,9015463.52,2577699.67,1257943.99,-1336854.7
P0170,Manufacturing,Small,7,0.64,39836606.88,0.3,0.68,4,0.07,0.04,12949902.28,9672352.95,2260686.98,1514470.89,-224825.13
P0170,Manufacturing,Small,7,0.64,39836606.88,0.3,0.68,5,0.05,0.1,13912452.27,9804148.46,1290182.83,1573268.52,1547624.64
P0170,Manufacturing,Small,7,0.64,39836606.88,0.3,0.68,6,0.07,0.03,13506092.51,10739819.65,718943.94,1466369.02,1298664.36
P0170,Manufacturing,Small,7,0.64,39836606.88,0.3,0.68,7,0.05,0.04,13243035.94,11506320.94,509057.28,1350644.18,776288.25
P0171,Energy,Medium,3,0.35,210670773.05,0.2,0.63,1,0.06,0.0,29809725.12,20010698.04,21068167.36,2203575.12,-14521791.9
P0171,Energy,Medium,3,0.35,210670773.05,0.2,0.63,2,0.07,0.11,59003473.46,36997377.63,9314375.3,4571613.24,6234608.45
P0171,Energy,Medium,3,0.35,210670773.05,0.2,0.63,3,0.07,0.02,75506817.6,48306787.58,3117991.73,5257705.87,18072131.22
P0172,Real Estate,Small,6,0.82,122686801.53,0.2,0.45,1,0.07,0.07,26234888.08,18500381.98,7962479.43,2668813.33,-4406559.83
P0172,Real Estate,Small,6,0.82,122686801.53,0.2,0.45,2,0.06,0.06,40260660.63,27433821.9,2762071.26,3791456.11,5940027.16
P0172,Real Estate,Small,6,0.82,122686801.53,0.2,0.45,3,0.07,0.12,51900423.74,35419663.85,5137797.1,5018876.11,6700085.16
P0172,Real Estate,Small,6,0.82,122686801.53,0.2,0.45,4,0.02,0.01,45296675.24,30637243.63,4935429.76,4899095.0,7242571.3
P0172,Real Estate,Small,6,0.82,122686801.53,0.2,0.45,5,0.08,0.04,42616698.44,31673769.56,3216856.86,4288702.32,6189534.54
P0172,Real Estate,Small,6,0.82,122686801.53,0.2,0.45,6,0.07,0.03,41060874.04,30368806.5,2181487.02,4353883.43,6264292.59
P0173,Technology,Small,10,0.48,5138673.95,0.21,0.56,1,0.04,0.14,2239658.42,1326839.42,632703.35,96299.03,-7483.02
P0173,Technology,Small,10,0.48,5138673.95,0.21,0.56,2,0.04,0.07,3310256.32,1811537.1,100682.05,141932.17,1024880.32
P0173,Technology,Small,10,0.48,5138673.95,0.21,0.56,3,0.06,0.07,3475318.56,2016656.9,110512.1,149364.32,1056937.1
P0173,Technology,Small,10,0.48,5138673.95,0.21,0.56,4,0.05,-0.02,3544868.56,1866086.41,213882.35,155431.83,1110735.27
P0173,Technology,Small,10,0.48,5138673.95,0.21,0.56,5,0.06,0.06,3639700.4,1977078.21,63491.07,143381.25,1263100.98
P0173,Technology,Small,10,0.48,5138673.95,0.21,0.56,6,0.06,0.05,4418637.78,2382073.76,202575.01,214540.63,1280901.97
P0173,Technology,Small,10,0.48,5138673.95,0.21,0.56,7,0.07,0.1,4191922.88,2281815.89,269739.97,179261.36,1261047.82
P0173,Technology,Small,10,0.48,5138673.95,0.21,0.56,8,0.05,0.04,3678261.43,2124255.75,242492.3,159387.94,1012407.24
P0173,Technology,Small,10,0.48,5138673.95,0.21,0.56,9,0.05,0.07,3258295.34,1877942.94,226028.32,146202.66,894524.12
P0173,Technology,Small,10,0.48,5138673.95,0.21,0.56,10,0.05,0.07,4062410.32,2149124.35,35820.1,169598.27,1438477.85
P0174,Manufacturing,Medium,6,0.52,29280072.13,0.32,0.45,1,0.05,0.08,6091468.0,4790490.29,3568364.52,297519.16,-2984309.1
P0174,Manufacturing,Medium,6,0.52,29280072.13,0.32,0.45,2,0.08,0.07,10696104.44,7702472.32,456845.09,480391.31,1340055.26
P0174,Manufacturing,Medium,6,0.52,29280072.13,0.32,0.45,3,0.1,0.04,11783309.39,9354055.03,795371.01,577620.88,825711.92
P0174,Manufacturing,Medium,6,0.52,29280072.13,0.32,0.45,4,0.06,0.05,10931399.56,7810046.15,761544.44,501941.18,1375033.31
P0174,Manufacturing,Medium,6,0.52,29280072.13,0.32,0.45,5,0.07,0.05,12172418.39,9384369.81,1119199.66,625758.73,644571.96
P0174,Manufacturing,Medium,6,0.52,29280072.13,0.32,0.45,6,0.07,0.08,13437864.68,10325900.8,285650.63,750916.01,1709090.82
P0175,Manufacturing,Large,4,0.39,28573761.62,0.22,0.45,1,0.06,0.1,5398760.45,4522582.6,4091161.22,501574.93,-3838051.83
P0175,Manufacturing,Large,4,0.39,28573761.62,0.22,0.45,2,0.05,0.05,9718244.16,7292251.93,287716.4,838089.94,1226107.57
P0175,Manufacturing,Large,4,0.39,28573761.62,0.22,0.45,3,0.03,0.06,11587235.83,9425666.58,339225.89,964747.54,1236562.17
P0175,Manufacturing,Large,4,0.39,28573761.62,0.22,0.45,4,0.08,0.02,12751196.72,9760182.11,637976.62,1023414.39,1584130.47
P0176,Technology,Small,8,0.56,22110735.61,0.25,0.48,1,0.08,0.06,9971707.77,4703844.92,2442216.81,1001042.6,489630.16
P0176,Technology,Small,8,0.56,22110735.61,0.25,0.48,2,0.03,0.05,16906856.78,8069847.17,1066321.66,1879791.77,4959146.29
P0176,Technology,Small,8,0.56,22110735.61,0.25,0.48,3,0.05,0.05,24640101.51,10789762.7,605372.53,2598379.43,9517900.81
P0176,Technology,Small,8,0.56,22110735.61,0.25,0.48,4,0.08,0.06,24679020.11,11212348.82,1062538.28,2990345.24,8766789.3
P0176,Technology,Small,8,0.56,22110735.61,0.25,0.48,5,0.06,0.01,21540550.51,9788758.86,613769.03,2380771.48,9262594.63
P0176,Technology,Small,8,0.56,22110735.61,0.25,0.48,6,0.09,0.08,28041501.96,11645045.43,341526.42,2973419.89,11222008.86
P0176,Technology,Small,8,0.56,22110735.61,0.25,0.48,7,0.06,0.01,24684069.74,11401134.38,594149.97,2875615.16,9795981.58
P0176,Technology,Small,8,0.56,22110735.61,0.25,0.48,8,0.06,0.08,27013391.91,12204298.62,254729.11,2900479.83,11021031.27
P0177,Infrastructure,Small,4,0.55,64446415.72,0.27,0.62,1,0.03,0.03,12001392.28,6655516.37,6216300.21,935355.78,-3260597.3
P0177,Infrastructure,Small,4,0.55,64446415.72,0.27,0.62,2,0.06,0.04,19310611.34,10135743.0,1252644.8,1380795.03,4844101.98
P0177,Infrastructure,Small,4,0.55,64446415.72,0.27,0.62,3,0.03,0.08,22650615.05,13199189.35,1721806.33,1611137.13,5167735.49
P0177,Infrastructure,Small,4,0.55,64446415.72,0.27,0.62,4,0.03,-0.01,17418342.87,10204368.7,1302417.38,1289403.57,4333613.06
P0178,Manufacturing,Medium,9,0.72,53142008.11,0.23,0.55,1,0.03,0.05,13275910.21,7059353.6,4835675.27,942793.06,-964085.78
P0178,Manufacturing,Medium,9,0.72,53142008.11,0.23,0.55,2,0.05,0.12,23903682.02,14148074.68,2391149.34,1587124.99,4384788.94
P0178,Manufacturing,Medium,9,0.72,53142008.11,0.23,0.55,3,0.05,0.03,22986663.24,13086726.22,1864571.66,1448346.21,5672487.51
P0178,Manufacturing,Medium,9,0.72,53142008.11,0.23,0.55,4,0.05,0.09,25249407.28,14199492.98,2376547.65,1795066.21,6058477.74
P0178,Manufacturing,Medium,9,0.72,53142008.11,0.23,0.55,5,0.04,0.03,22583154.53,13643463.15,3534462.09,1489200.79,3944603.48
P0178,Manufacturing,Medium,9,0.72,53142008.11,0.23,0.55,6,0.04,0.05,31181707.29,18139882.41,2166082.85,2194063.46,6952629.9
P0178,Manufacturing,Medium,9,0.72,53142008.11,0.23,0.55,7,0.03,0.06,24233560.66,14265317.75,2838789.7,1788564.45,5608870.85
P0178,Manufacturing,Medium,9,0.72,53142008.11,0.23,0.55,8,0.05,-0.01,31139074.95,17773966.33,1834795.16,2021532.66,7868159.77
P0178,Manufacturing,Medium,9,0.72,53142008.11,0.23,0.55,9,0.07,0.05,27912532.02,15947320.62,316333.45,1734528.08,9501210.43
P0179,Real Estate,Large,6,0.82,78504227.78,0.19,0.1,1,0.05,0.09,20434718.82,11691959.34,12121677.59,2588841.86,-7754664.34
P0179,Real Estate,Large,6,0.82,78504227.78,0.19,0.1,2,0.07,0.05,26303459.3,14245568.38,4877408.6,3156379.89,4208563.52
P0179,Real Estate,Large,6,0.82,78504227.78,0.19,0.1,3,0.04,0.07,36680801.75,19757033.74,2804093.83,4485520.84,8801967.9
P0179,Real Estate,Large,6,0.82,78504227.78,0.19,0.1,4,0.08,0.02,38793309.51,22380523.94,2977245.27,4435908.87,10381645.81
P0179,Real Estate,Large,6,0.82,78504227.78,0.19,0.1,5,0.06,0.06,36821876.74,20238188.24,2179733.01,4133243.96,11986860.88
P0179,Real Estate,Large,6,0.82,78504227.78,0.19,0.1,6,0.02,0.03,37221745.89,20700984.35,682678.79,4557313.51,12359475.99
P0180,Real Estate,Medium,5,0.37,147895898.91,0.35,0.34,1,0.03,-0.0,68983205.08,31636412.05,7626302.38,5003360.13,12080233.99
P0180,Real Estate,Medium,5,0.37,147895898.91,0.35,0.34,2,0.05,0.04,80792908.33,35472976.12,4121025.5,6351821.08,25382651.43
P0180,Real Estate,Medium,5,0.37,147895898.91,0.35,0.34,3,0.08,0.13,110456873.81,52733432.33,2520942.35,9253205.23,30804945.67
P0180,Real Estate,Medium,5,0.37,147895898.91,0.35,0.34,4,0.06,0.03,105226516.84,50808961.0,5051619.04,8437037.27,30259981.12
P0180,Real Estate,Medium,5,0.37,147895898.91,0.35,0.34,5,0.06,0.05,130870693.07,55133058.04,2495806.16,9588022.57,44355088.47
P0181,Infrastructure,Small,3,0.34,123975905.8,0.24,0.16,1,0.06,0.09,24058896.28,16750004.76,8964745.86,1173823.36,-4380758.26
P0181,Infrastructure,Small,3,0.34,123975905.8,0.24,0.16,2,0.04,0.03,24705709.51,15348173.36,6898207.53,1112223.4,223509.25
P0181,Infrastructure,Small,3,0.34,123975905.8,0.24,0.16,3,0.02,0.06,36340025.17,23389007.6,982968.06,1619718.08,8195742.07
P0182,Manufacturing,Medium,9,0.58,41753717.58,0.27,0.57,1,0.06,0.05,14743900.05,13516202.15,5272800.05,1063607.6,-5335892.77
P0182,Manufacturing,Medium,9,0.58,41753717.58,0.27,0.57,2,0.06,0.07,20134134.16,17226824.18,1433878.08,1509753.11,251857.0
P0182,Manufacturing,Medium,9,0.58,41753717.58,0.27,0.57,3,0.08,0.07,28267408.15,27315699.53,2941411.7,1861888.55,-2479252.65
P0182,Manufacturing,Medium,9,0.58,41753717.58,0.27,0.57,4,0.02,0.08,25693122.91,22822104.84,1087656.12,1863976.8,1038286.73
P0182,Manufacturing,Medium,9,0.58,41753717.58,0.27,0.57,5,0.05,0.09,30099812.19,29194519.17,860838.68,2362291.28,-655810.26
P0182,Manufacturing,Medium,9,0.58,41753717.58,0.27,0.57,6,0.08,0.03,24789583.88,22434473.15,2302311.85,1703463.95,80990.93
P0182,Manufacturing,Medium,9,0.58,41753717.58,0.27,0.57,7,0.07,0.11,34317992.67,32553592.58,1024418.76,2477863.62,-486951.55
P0182,Manufacturing,Medium,9,0.58,41753717.58,0.27,0.57,8,0.04,0.09,31366031.18,27078666.32,1730727.4,2087053.83,1790923.75
P0182,Manufacturing,Medium,9,0.58,41753717.58,0.27,0.57,9,0.04,0.05,26680414.39,24056064.74,603726.41,1891647.26,1489042.66
P0183,Infrastructure,Medium,7,0.66,273627874.43,0.2,0.5,1,0.05,0.06,83088331.06,52114569.5,32580183.16,6787100.78,-13737531.74
P0183,Infrastructure,Medium,7,0.66,273627874.43,0.2,0.5,2,0.03,-0.03,101831769.37,59454015.19,13248141.03,7311280.73,22153548.37
P0183,Infrastructure,Medium,7,0.66,273627874.43,0.2,0.5,3,0.05,0.02,136002040.89,89722932.28,7915709.39,10406047.48,26635907.93
P0183,Infrastructure,Medium,7,0.66,273627874.43,0.2,0.5,4,0.07,0.1,145479026.51,79882138.98,11427335.09,12042588.45,39621318.56
P0183,Infrastructure,Medium,7,0.66,273627874.43,0.2,0.5,5,0.09,0.05,138100866.38,89930740.42,3761788.44,10578386.47,36405218.65
P0183,Infrastructure,Medium,7,0.66,273627874.43,0.2,0.5,6,0.02,0.07,151371927.4,90309825.89,5281520.64,12127013.29,40709013.22
P0183,Infrastructure,Medium,7,0.66,273627874.43,0.2,0.5,7,0.04,0.07,152380823.87,91511536.99,3284722.04,11899750.23,46523298.65
P0184,Healthcare,Small,8,0.52,74734572.87,0.29,0.78,1,0.03,-0.0,22756258.62,12734466.62,4088402.86,1702452.03,1392028.34
P0184,Healthcare,Small,8,0.52,74734572.87,0.29,0.78,2,0.07,0.04,30429775.59,17877093.95,1876101.87,2348380.75,6098976.43
P0184,Healthcare,Small,8,0.52,74734572.87,0.29,0.78,3,0.06,0.04,31966026.36,18639882.49,1992743.81,2430174.9,7619232.44
P0184,Healthcare,Small,8,0.52,74734572.87,0.29,0.78,4,0.05,0.06,38397879.91,22089371.74,2802488.48,2783659.84,8444312.48
P0184,Healthcare,Small,8,0.52,74734572.87,0.29,0.78,5,0.1,0.08,41096489.8,25056253.81,2396323.25,3066381.07,8715392.47
P0184,Healthcare,Small,8,0.52,74734572.87,0.29,0.78,6,0.04,0.09,34013774.22,20516152.69,4340335.5,2578962.33,5623024.91
P0184,Healthcare,Small,8,0.52,74734572.87,0.29,0.78,7,0.05,0.03,35467915.59,21306385.21,1225879.78,2652244.88,8839377.83
P0184,Healthcare,Small,8,0.52,74734572.87,0.29,0.78,8,0.02,0.01,29363202.33,17737409.19,1733171.72,2135383.96,7057559.2
P0185,Infrastructure,Medium,4,0.33,74789242.65,0.31,0.33,1,0.08,0.1,13087939.46,8213648.04,10645634.37,1304295.28,-9005973.55
P0185,Infrastructure,Medium,4,0.33,74789242.65,0.31,0.33,2,0.08,0.03,20427840.1,14675193.08,1462921.55,2173779.02,1534999.01
P0185,Infrastructure,Medium,4,0.33,74789242.65,0.31,0.33,3,0.08,0.06,24297286.59,17912230.48,3226367.1,2442265.45,951334.8
P0185,Infrastructure,Medium,4,0.33,74789242.65,0.31,0.33,4,0.06,0.02,25777237.09,17475855.87,1634465.65,2712371.18,3874241.51
P0186,Infrastructure,Medium,4,0.63,130099300.9,0.22,0.48,1,0.05,-0.01,24374730.68,12231591.87,16475054.08,1685879.41,-9118611.45
P0186,Infrastructure,Medium,4,0.63,130099300.9,0.22,0.48,2,0.07,-0.0,29238919.66,15690483.78,1661678.53,2091822.42,8754643.36
P0186,Infrastructure,Medium,4,0.63,130099300.9,0.22,0.48,3,0.06,0.07,40655735.07,22870839.36,1698781.37,2538546.7,11811693.91
P0186,Infrastructure,Medium,4,0.63,130099300.9,0.22,0.48,4,0.05,-0.0,42406889.53,25646970.02,1049248.17,2738491.04,11165776.78
P0187,Infrastructure,Small,5,0.95,83882660.14,0.28,0.55,1,0.06,0.05,14365596.03,10936672.38,12806105.85,1081816.09,-11082524.21
P0187,Infrastructure,Small,5,0.95,83882660.14,0.28,0.55,2,0.06,0.07,18650467.76,14476816.79,3014163.92,1363337.93,-327311.74
P0187,Infrastructure,Small,5,0.95,83882660.14,0.28,0.55,3,0.05,0.08,21945902.29,18424885.27,4547807.23,1643499.83,-2181908.05
P0187,Infrastructure,Small,5,0.95,83882660.14,0.28,0.55,4,0.05,0.07,21558878.85,16857645.51,5297605.06,1507586.1,-1881021.94
P0187,Infrastructure,Small,5,0.95,83882660.14,0.28,0.55,5,0.05,0.11,24963133.55,18259186.98,395469.42,2035952.05,3798912.64
P0188,Manufacturing,Small,10,0.3,20813323.43,0.16,0.17,1,0.03,0.03,10795859.43,7338950.89,1210655.75,1200884.2,480366.45
P0188,Manufacturing,Small,10,0.3,20813323.43,0.16,0.17,2,0.1,0.04,12901457.99,9408705.9,764378.49,1555847.15,1880876.53
P0188,Manufacturing,Small,10,0.3,20813323.43,0.16,0.17,3,0.06,0.06,22023711.91,15155633.14,710862.83,2317771.27,4442868.59
P0188,Manufacturing,Small,10,0.3,20813323.43,0.16,0.17,4,0.1,0.03,20355188.4,16341740.47,299342.44,2378869.96,3077039.83
P0188,Manufacturing,Small,10,0.3,20813323.43,0.16,0.17,5,0.05,0.01,20385994.51,14211499.91,932576.92,2073077.45,4488556.47
P0188,Manufacturing,Small,10,0.3,20813323.43,0.16,0.17,6,0.09,0.06,24956552.55,15695023.57,670270.68,2548425.37,6653088.62
P0188,Manufacturing,Small,10,0.3,20813323.43,0.16,0.17,7,0.05,0.05,17715781.36,12032736.6,1118952.16,1998412.98,4051796.59
P0188,Manufacturing,Small,10,0.3,20813323.43,0.16,0.17,8,0.05,0.08,16276508.75,11034517.16,352216.42,1798002.68,4372970.57
P0188,Manufacturing,Small,10,0.3,20813323.43,0.16,0.17,9,0.05,0.09,17255505.52,11893751.45,601308.58,2002653.86,3829259.98
P0188,Manufacturing,Small,10,0.3,20813323.43,0.16,0.17,10,0.05,0.02,21908864.22,15678680.98,318658.41,2477049.36,4755261.55
P0189,Real Estate,Large,9,0.62,113530830.54,0.21,0.64,1,0.04,0.09,34116879.94,23763097.39,17289489.93,2822240.23,-11516632.9
P0189,Real Estate,Large,9,0.62,113530830.54,0.21,0.64,2,0.05,0.11,45194710.56,30457997.58,6787118.02,3533936.79,3874307.36
P0189,Real Estate,Large,9,0.62,113530830.54,0.21,0.64,3,0.03,0.08,43336639.88,28840725.65,2927537.6,3400149.36,8241689.83
P0189,Real Estate,Large,9,0.62,113530830.54,0.21,0.64,4,0.05,0.07,50976841.91,36294959.3,1463470.17,4740517.94,8728665.42
P0189,Real Estate,Large,9,0.62,113530830.54,0.21,0.64,5,0.06,0.07,46472853.65,33187750.86,2332327.77,3748213.45,8990434.87
P0189,Real Estate,Large,9,0.62,113530830.54,0.21,0.64,6,0.07,0.07,49109934.82,33811613.14,2290746.46,4171682.31,8790821.34
P0189,Real Estate,Large,9,0.62,113530830.54,0.21,0.64,7,0.06,0.08,51241841.98,36293759.1,4381899.18,3925621.01,7133782.01
P0189,Real Estate,Large,9,0.62,113530830.54,0.21,0.64,8,0.07,0.08,52632159.42,33774557.03,5321904.23,4471582.92,9480407.34
P0189,Real Estate,Large,9,0.62,113530830.54,0.21,0.64,9,0.05,0.03,61623675.49,43715393.64,2591309.49,5034635.95,11188843.78
P0190,Infrastructure,Medium,10,0.65,174659886.72,0.2,0.4,1,0.06,0.02,46070174.91,29976583.79,12848709.34,5518494.01,-5786985.91
P0190,Infrastructure,Medium,10,0.65,174659886.72,0.2,0.4,2,0.03,0.13,63032903.11,44562491.64,4452152.54,7269322.9,8401297.89
P0190,Infrastructure,Medium,10,0.65,174659886.72,0.2,0.4,3,0.06,0.06,70127033.67,46696090.39,9136572.99,8777311.76,7982628.2
P0190,Infrastructure,Medium,10,0.65,174659886.72,0.2,0.4,4,0.06,0.05,76262038.49,49259347.49,8925124.83,8490143.19,12510025.2
P0190,Infrastructure,Medium,10,0.65,174659886.72,0.2,0.4,5,0.08,-0.0,73489575.05,50223980.11,10555374.65,9490026.78,7145359.57
P0190,Infrastructure,Medium,10,0.65,174659886.72,0.2,0.4,6,0.07,0.0,82394604.16,61498585.46,4237927.79,11397287.53,10502429.16
P0190,Infrastructure,Medium,10,0.65,174659886.72,0.2,0.4,7,0.05,0.06,80048356.91,52692779.3,3714209.76,10199265.94,18582883.12
P0190,Infrastructure,Medium,10,0.65,174659886.72,0.2,0.4,8,0.09,0.06,90858382.1,66393110.16,3236941.69,11001017.84,14632744.86
P0190,Infrastructure,Medium,10,0.65,174659886.72,0.2,0.4,9,0.05,0.1,101336157.71,64346230.4,7060853.99,12524433.28,20612183.04
P0190,Infrastructure,Medium,10,0.65,174659886.72,0.2,0.4,10,0.05,0.02,74873828.19,47817568.85,1371774.54,8414623.99,25322809.34
P0191,Technology,Large,6,0.57,14816027.62,0.22,0.56,1,0.05,0.1,6870520.47,3139764.9,2019090.42,424642.36,452264.41
P0191,Technology,Large,6,0.57,14816027.62,0.22,0.56,2,0.03,0.02,8091701.52,4055018.75,807828.21,432086.98,2393331.11
P0191,Technology,Large,6,0.57,14816027.62,0.22,0.56,3,0.09,0.03,12877117.97,6430624.04,341012.7,752207.76,4462976.97
P0191,Technology,Large,6,0.57,14816027.62,0.22,0.56,4,0.05,0.09,15121259.23,6311677.47,452499.93,844839.29,6298550.31
P0191,Technology,Large,6,0.57,14816027.62,0.22,0.56,5,0.06,0.05,14368970.8,6809139.51,188318.69,859519.12,5855342.01
P0191,Technology,Large,6,0.57,14816027.62,0.22,0.56,6,0.06,0.02,11874207.48,5903109.34,266611.79,644927.11,4461719.84
P0192,Energy,Small,4,0.78,88288173.5,0.32,0.32,1,0.03,0.08,13027337.79,9611371.92,8059197.27,1418684.83,-6861537.84
P0192,Energy,Small,4,0.78,88288173.5,0.32,0.32,2,0.05,0.04,15823054.74,11448000.46,4869731.13,1639519.06,-1928904.82
P0192,Energy,Small,4,0.78,88288173.5,0.32,0.32,3,0.06,-0.02,20171693.26,13606280.38,1610156.7,2181794.47,2311390.45
P0192,Energy,Small,4,0.78,88288173.5,0.32,0.32,4,0.08,0.11,22106299.51,15005566.64,1055105.17,2179960.3,3752802.59
P0193,Healthcare,Large,8,0.22,77021748.39,0.19,0.47,1,0.05,0.02,23224867.07,11441962.78,8105237.79,1117528.77,337302.67
P0193,Healthcare,Large,8,0.22,77021748.39,0.19,0.47,2,0.03,0.09,48264937.14,25066518.07,4155684.93,2372995.85,12857561.67
P0193,Healthcare,Large,8,0.22,77021748.39,0.19,0.47,3,0.05,0.04,50422481.96,24113646.95,4766888.21,2402731.46,16825954.62
P0193,Healthcare,Large,8,0.22,77021748.39,0.19,0.47,4,0.05,0.06,47287260.36,23219407.19,2324905.34,2140463.47,16930518.5
P0193,Healthcare,Large,8,0.22,77021748.39,0.19,0.47,5,0.05,0.05,54566477.69,28002242.73,1178171.52,2565076.55,20464434.86
P0193,Healthcare,Large,8,0.22,77021748.39,0.19,0.47,6,0.02,0.12,51855753.11,26911818.62,1839864.43,2212614.21,20229482.62
P0193,Healthcare,Large,8,0.22,77021748.39,0.19,0.47,7,0.03,0.05,53297409.04,27813712.91,2844518.84,2312382.99,17573320.05
P0193,Healthcare,Large,8,0.22,77021748.39,0.19,0.47,8,0.05,0.07,53696468.85,27762349.08,956701.06,2721737.96,18534538.19
P0194,Infrastructure,Medium,6,0.42,144648196.89,0.28,0.39,1,0.04,0.05,44555663.82,26096180.7,18700929.39,2337880.87,-7514286.1
P0194,Infrastructure,Medium,6,0.42,144648196.89,0.28,0.39,2,0.02,0.08,50147772.26,31944917.18,4550105.98,2744063.12,8524051.71
P0194,Infrastructure,Medium,6,0.42,144648196.89,0.28,0.39,3,0.08,0.06,66861059.79,44653879.2,8339943.81,2825315.39,7437367.91
P0194,Infrastructure,Medium,6,0.42,144648196.89,0.28,0.39,4,0.05,0.08,67626192.86,44375362.78,3347741.72,3256596.41,12362416.47
P0194,Infrastructure,Medium,6,0.42,144648196.89,0.28,0.39,5,0.09,0.09,63165820.91,41164207.05,5332340.45,3194453.08,9830350.94
P0194,Infrastructure,Medium,6,0.42,144648196.89,0.28,0.39,6,0.07,0.01,60907369.63,39847968.02,3998042.57,3030767.47,11362291.59
P0195,Technology,Small,3,0.73,28797412.03,0.28,0.52,1,0.02,0.07,8387425.36,5378590.67,1713262.74,710593.92,-261185.59
P0195,Technology,Small,3,0.73,28797412.03,0.28,0.52,2,0.07,0.08,13250691.84,8126993.72,1202107.6,1128375.61,2142195.98
P0195,Technology,Small,3,0.73,28797412.03,0.28,0.52,3,0.08,0.05,13500132.31,7844922.18,323702.0,1300119.59,3455114.55
P0196,Technology,Large,5,0.67,10940866.37,0.27,0.62,1,0.07,0.01,5036257.72,3058664.5,1393993.41,454292.67,-429401.27
P0196,Technology,Large,5,0.67,10940866.37,0.27,0.62,2,0.07,0.08,7635444.09,4940243.21,499335.95,613219.07,1343357.43
P0196,Technology,Large,5,0.67,10940866.37,0.27,0.62,3,0.04,0.13,10142641.76,6112390.52,343399.39,820383.56,2507164.24
P0196,Technology,Large,5,0.67,10940866.37,0.27,0.62,4,0.07,0.05,9320682.6,6415169.98,366785.51,798614.17,1845033.3
P0196,Technology,Large,5,0.67,10940866.37,0.27,0.62,5,0.02,0.07,10199872.12,6346976.49,276041.52,847525.78,2547459.28
P0197,Real Estate,Large,6,0.44,183888278.25,0.23,0.5,1,0.05,0.09,26346244.53,18618557.18,14408492.25,1579131.35,-10395650.79
P0197,Real Estate,Large,6,0.44,183888278.25,0.23,0.5,2,0.06,0.07,34516955.7,23726409.33,8513842.69,2213173.57,-808664.31
P0197,Real Estate,Large,6,0.44,183888278.25,0.23,0.5,3,0.05,0.05,45947049.08,36695815.47,1930737.56,2495453.69,4655181.44
P0197,Real Estate,Large,6,0.44,183888278.25,0.23,0.5,4,0.05,0.05,51834082.05,37458299.97,4908295.66,3407437.39,5022133.15
P0197,Real Estate,Large,6,0.44,183888278.25,0.23,0.5,5,0.06,0.05,51689610.82,37071807.5,6811717.86,3500702.15,4451210.84
P0197,Real Estate,Large,6,0.44,183888278.25,0.23,0.5,6,0.06,0.05,50275606.2,36444708.56,1981051.48,3118520.27,9136493.08
P0198,Manufacturing,Medium,3,0.16,15465214.25,0.28,0.14,1,0.08,0.04,9481819.13,7618842.51,1658802.73,457572.05,-791493.9
P0198,Manufacturing,Medium,3,0.16,15465214.25,0.28,0.14,2,0.03,0.1,12530279.58,10187791.98,586515.1,573773.37,1022357.84
P0198,Manufacturing,Medium,3,0.16,15465214.25,0.28,0.14,3,0.04,0.04,11985321.02,9785909.98,297641.09,545737.1,1397261.13
P0199,Technology,Small,9,0.55,13552858.29,0.28,0.86,1,0.04,0.12,10798210.98,3982866.25,931761.28,1457630.32,2353225.06
P0199,Technology,Small,9,0.55,13552858.29,0.28,0.86,2,0.03,0.03,11760990.6,4717051.89,597051.2,1570885.45,4302734.61
P0199,Technology,Small,9,0.55,13552858.29,0.28,0.86,3,0.04,0.07,15392381.91,5860143.77,745515.89,1902794.85,6082266.32
P0199,Technology,Small,9,0.55,13552858.29,0.28,0.86,4,0.06,0.04,13829897.37,5581280.99,514592.6,1809261.72,5577574.07
P0199,Technology,Small,9,0.55,13552858.29,0.28,0.86,5,0.05,0.08,15558208.77,5766732.09,317171.83,1962562.38,6804169.7
P0199,Technology,Small,9,0.55,13552858.29,0.28,0.86,6,0.08,0.08,14264473.24,5562414.29,868839.62,1598017.86,5695527.09
P0199,Technology,Small,9,0.55,13552858.29,0.28,0.86,7,0.02,0.06,14253470.79,5409296.65,494912.53,1935570.95,5542004.42
P0199,Technology,Small,9,0.55,13552858.29,0.28,0.86,8,0.06,0.04,17131001.25,6589816.74,523884.97,1737667.45,7032124.39
P0199,Technology,Small,9,0.55,13552858.29,0.28,0.86,9,0.1,0.07,11543185.87,4343636.01,76517.41,1401896.6,5320717.76
P0200,Infrastructure,Medium,9,0.6,263910530.43,0.19,0.65,1,0.05,0.12,54463497.33,28139405.4,30734994.3,6854207.42,-15977778.19
P0200,Infrastructure,Medium,9,0.6,263910530.43,0.19,0.65,2,0.03,0.09,76381443.63,44627338.06,8755220.07,9471676.67,14247984.24
P0200,Infrastructure,Medium,9,0.6,263910530.43,0.19,0.65,3,0.06,0.04,115140856.15,67946505.22,7758900.72,14364257.35,25334350.52
P0200,Infrastructure,Medium,9,0.6,263910530.43,0.19,0.65,4,0.08,0.09,130494011.67,74712515.79,14525949.83,15790102.45,29070401.5
P0200,Infrastructure,Medium,9,0.6,263910530.43,0.19,0.65,5,0.05,0.01,97438480.07,52448526.43,11746950.87,12342836.95,28123156.43
P0200,Infrastructure,Medium,9,0.6,263910530.43,0.19,0.65,6,0.06,0.14,123556291.22,68935368.83,14186091.67,15609939.52,26400309.47
P0200,Infrastructure,Medium,9,0.6,263910530.43,0.19,0.65,7,0.05,0.06,138643809.61,77778837.65,12716713.73,15930286.96,37630286.9
P0200,Infrastructure,Medium,9,0.6,263910530.43,0.19,0.65,8,0.05,0.14,130140553.59,80404926.91,9165588.54,16855159.57,30774005.22
P0200,Infrastructure,Medium,9,0.6,263910530.43,0.19,0.65,9,0.06,0.03,124612891.69,73973557.9,2349329.22,16302765.59,35976371.15
P0201,Real Estate,Medium,4,0.56,106717439.25,0.28,0.12,1,0.04,0.04,15137241.0,9432778.96,11333023.22,790267.72,-7848111.87
P0201,Real Estate,Medium,4,0.56,106717439.25,0.28,0.12,2,0.04,0.05,24393455.62,16945752.89,4741205.94,1343862.05,105986.67
P0201,Real Estate,Medium,4,0.56,106717439.25,0.28,0.12,3,0.07,-0.01,32533666.3,24328715.24,4928915.35,1675998.65,664473.88
P0201,Real Estate,Medium,4,0.56,106717439.25,0.28,0.12,4,0.05,0.05,36597848.0,26789828.62,920998.57,2030780.18,5905829.14
P0202,Energy,Large,7,0.37,143765189.94,0.15,0.72,1,0.04,0.06,20326479.94,12402646.63,8085438.94,1620963.72,-2949412.93
P0202,Energy,Large,7,0.37,143765189.94,0.15,0.72,2,0.06,0.09,39207165.15,21197240.16,3215335.25,3127055.48,10285146.39
P0202,Energy,Large,7,0.37,143765189.94,0.15,0.72,3,0.05,0.03,48873447.4,27904462.05,5254689.39,3726123.12,11530415.44
P0202,Energy,Large,7,0.37,143765189.94,0.15,0.72,4,0.05,0.06,51452073.37,29339882.7,5808867.94,3861972.84,13046371.33
P0202,Energy,Large,7,0.37,143765189.94,0.15,0.72,5,0.05,0.05,59952494.19,35351982.7,5952088.62,4371981.71,15052689.93
P0202,Energy,Large,7,0.37,143765189.94,0.15,0.72,6,0.07,0.04,51041305.43,32425840.33,6442837.52,3531321.38,9942539.11
P0202,Energy,Large,7,0.37,143765189.94,0.15,0.72,7,0.04,0.05,62303769.85,34175375.4,1590663.28,4963444.62,20753047.75
P0203,Real Estate,Large,9,0.62,31125550.56,0.32,0.6,1,0.09,0.12,10425174.78,5652719.1,3333274.29,1580973.07,-1750014.97
P0203,Real Estate,Large,9,0.62,31125550.56,0.32,0.6,2,0.05,0.03,14563002.77,7727599.58,1360131.19,1937611.67,2945774.58
P0203,Real Estate,Large,9,0.62,31125550.56,0.32,0.6,3,0.06,0.1,18616751.99,9356397.69,1715086.13,2352306.72,3874459.38
P0203,Real Estate,Large,9,0.62,31125550.56,0.32,0.6,4,0.05,0.06,19436045.16,9986795.45,818907.24,2385383.18,5489825.25
P0203,Real Estate,Large,9,0.62,31125550.56,0.32,0.6,5,0.07,0.07,20984981.54,11365315.35,814258.49,2566978.57,5109495.32
P0203,Real Estate,Large,9,0.62,31125550.56,0.32,0.6,6,0.04,0.08,18732481.5,8726515.96,681628.97,2326725.34,6183797.1
P0203,Real Estate,Large,9,0.62,31125550.56,0.32,0.6,7,0.08,0.09,17646820.39,9020666.37,1038257.42,2071554.1,5194186.51
P0203,Real Estate,Large,9,0.62,31125550.56,0.32,0.6,8,0.05,0.08,17241263.95,8553989.11,1754956.09,2273248.71,3749520.81
P0203,Real Estate,Large,9,0.62,31125550.56,0.32,0.6,9,0.06,0.01,20180560.07,9561227.52,610460.39,3004684.01,5944620.84
P0204,Technology,Medium,6,0.41,39029312.8,0.25,0.4,1,0.06,-0.03,10238422.5,6047719.19,2615374.5,903714.82,-372664.27
P0204,Technology,Medium,6,0.41,39029312.8,0.25,0.4,2,0.07,0.05,18640415.38,12482193.88,1117753.05,1674405.24,2793717.58
P0204,Technology,Medium,6,0.41,39029312.8,0.25,0.4,3,0.07,0.02,19892192.68,13590466.43,701665.34,1788337.02,4107208.87
P0204,Technology,Medium,6,0.41,39029312.8,0.25,0.4,4,0.06,-0.0,19616289.22,12471155.71,1317770.99,1929987.72,3987308.2
P0204,Technology,Medium,6,0.41,39029312.8,0.25,0.4,5,0.08,0.09,24198247.54,15957674.74,1756660.84,2050931.05,4343427.57
P0204,Technology,Medium,6,0.41,39029312.8,0.25,0.4,6,0.05,0.05,21283149.86,12911677.43,195326.07,1761555.71,6286248.05
P0205,Manufacturing,Medium,3,0.6,31020315.76,0.24,0.21,1,0.04,0.0,9104020.18,6496809.14,3243075.57,1038521.84,-2335583.42
P0205,Manufacturing,Medium,3,0.6,31020315.76,0.24,0.21,2,0.05,0.06,13152446.42,9629771.7,1445512.81,1426448.38,844637.64
P0205,Manufacturing,Medium,3,0.6,31020315.76,0.24,0.21,3,0.06,0.06,12726903.49,10153165.36,801406.44,1389560.73,1135467.58
P0206,Infrastructure,Small,5,0.71,195583627.27,0.27,0.55,1,0.04,0.02,50438559.24,33806450.96,23196216.83,3942806.8,-15192098.83
P0206,Infrastructure,Small,5,0.71,195583627.27,0.27,0.55,2,0.05,0.05,69927660.13,53578311.86,6018679.43,5536867.67,4308640.25
P0206,Infrastructure,Small,5,0.71,195583627.27,0.27,0.55,3,0.06,0.02,89462915.1,62749503.85,11670022.55,7815471.02,5672761.65
P0206,Infrastructure,Small,5,0.71,195583627.27,0.27,0.55,4,0.06,0.05,89842149.79,65859204.25,7858025.22,7338126.25,9917597.79
P0206,Infrastructure,Small,5,0.71,195583627.27,0.27,0.55,5,0.04,0.06,98525957.46,72874936.15,5475586.81,7172485.39,12967658.09
P0207,Technology,Large,8,0.51,8952739.59,0.27,0.36,1,0.03,0.14,2386053.65,950422.13,623723.48,154322.66,289166.0
P0207,Technology,Large,8,0.51,8952739.59,0.27,0.36,2,0.03,0.09,4510986.63,1904572.63,468913.55,307778.1,1308046.57
P0207,Technology,Large,8,0.51,8952739.59,0.27,0.36,3,0.08,0.1,6300769.19,2475024.84,147103.48,392807.89,2535250.73
P0207,Technology,Large,8,0.51,8952739.59,0.27,0.36,4,0.05,0.07,6441464.89,2474280.82,467178.03,453698.02,2432425.83
P0207,Technology,Large,8,0.51,8952739.59,0.27,0.36,5,0.08,0.07,6777260.16,2667303.25,278781.15,457089.79,2734454.38
P0207,Technology,Large,8,0.51,8952739.59,0.27,0.36,6,0.02,0.05,5855138.78,2266219.33,517601.97,398921.26,2203203.39
P0207,Technology,Large,8,0.51,8952739.59,0.27,0.36,7,0.07,0.06,5045540.27,2072147.8,148974.28,339958.42,2160271.52
P0207,Technology,Large,8,0.51,8952739.59,0.27,0.36,8,0.03,0.05,6480016.57,2638746.68,75159.39,398876.42,2699126.93
P0208,Infrastructure,Large,10,0.61,320219448.8,0.29,0.37,1,0.04,0.01,58448554.23,41035286.86,43753512.21,6659996.4,-37617387.65
P0208,Infrastructure,Large,10,0.61,320219448.8,0.29,0.37,2,0.08,0.06,97418777.08,62838498.31,8800214.52,11046607.02,11467167.66
P0208,Infrastructure,Large,10,0.61,320219448.8,0.29,0.37,3,0.03,0.04,125132726.86,76911684.12,6210937.78,14626591.18,24830500.15
P0208,Infrastructure,Large,10,0.61,320219448.8,0.29,0.37,4,0.08,0.09,151264638.88,92365197.84,15802882.18,18118437.83,22088221.09
P0208,Infrastructure,Large,10,0.61,320219448.8,0.29,0.37,5,0.07,0.05,121850376.75,71197327.77,14092704.61,13429113.14,26806702.94
P0208,Infrastructure,Large,10,0.61,320219448.8,0.29,0.37,6,0.06,0.04,132573584.28,84671483.39,7149398.89,15791266.92,24931956.39
P0208,Infrastructure,Large,10,0.61,320219448.8,0.29,0.37,7,0.06,0.07,129446763.14,77599817.08,20210512.24,13694963.08,19139794.38
P0208,Infrastructure,Large,10,0.61,320219448.8,0.29,0.37,8,0.04,0.01,126511971.72,80966982.85,4878663.72,15658698.17,24934021.89
P0208,Infrastructure,Large,10,0.61,320219448.8,0.29,0.37,9,0.04,0.1,139191696.65,93150976.78,19121424.99,14841405.11,14577134.86
P0208,Infrastructure,Large,10,0.61,320219448.8,0.29,0.37,10,0.08,0.01,134503531.67,87305348.68,7902247.79,14917416.39,25922949.41
P0209,Energy,Large,10,0.61,203637981.96,0.27,0.84,1,0.05,0.08,82798009.82,43617781.07,22607159.01,5728806.6,327980.67
P0209,Energy,Large,10,0.61,203637981.96,0.27,0.84,2,0.04,0.06,90583705.21,43802220.42,9231185.49,6930673.74,24303632.36
P0209,Energy,Large,10,0.61,203637981.96,0.27,0.84,3,0.05,0.08,106484352.84,55759885.82,3077488.01,7512522.58,33197499.13
P0209,Energy,Large,10,0.61,203637981.96,0.27,0.84,4,0.05,-0.0,138623306.68,72167178.91,7163262.94,9411554.54,38602762.14
P0209,Energy,Large,10,0.61,203637981.96,0.27,0.84,5,0.06,0.07,136590814.01,62277341.22,2346956.06,9599952.09,49362389.88
P0209,Energy,Large,10,0.61,203637981.96,0.27,0.84,6,0.06,0.12,150394851.74,76195082.63,5987249.79,11439229.25,45327554.9
P0209,Energy,Large,10,0.61,203637981.96,0.27,0.84,7,0.03,-0.01,116536825.67,56251100.09,11864689.05,8520340.84,36126779.14
P0209,Energy,Large,10,0.61,203637981.96,0.27,0.84,8,0.04,0.02,112204160.29,55165807.77,5808324.7,8361930.96,36211167.45
P0209,Energy,Large,10,0.61,203637981.96,0.27,0.84,9,0.08,0.02,132055869.3,66052288.41,3814314.75,9061290.46,42410329.44
P0209,Energy,Large,10,0.61,203637981.96,0.27,0.84,10,0.06,0.07,122117946.09,66903015.82,1763231.23,7996390.85,38536739.31
P0210,Real Estate,Medium,7,0.48,75917753.31,0.18,0.66,1,0.06,0.07,16091136.49,9822150.72,10753348.69,1855152.21,-7255279.93
P0210,Real Estate,Medium,7,0.48,75917753.31,0.18,0.66,2,0.07,0.11,23999209.1,13784812.6,3322864.89,2490997.2,4351352.73
P0210,Real Estate,Medium,7,0.48,75917753.31,0.18,0.66,3,0.05,-0.01,29213915.41,15495599.49,1115237.88,3509017.26,8781304.48
P0210,Real Estate,Medium,7,0.48,75917753.31,0.18,0.66,4,0.04,0.06,34261389.49,18909887.53,2052974.05,4105870.64,10041818.11
P0210,Real Estate,Medium,7,0.48,75917753.31,0.18,0.66,5,0.06,0.11,33955636.56,17518971.7,1989572.93,4243357.68,11596443.26
P0210,Real Estate,Medium,7,0.48,75917753.31,0.18,0.66,6,0.07,0.02,27875108.31,16324460.67,3489567.55,3330896.63,7311221.59
P0210,Real Estate,Medium,7,0.48,75917753.31,0.18,0.66,7,0.06,0.03,32392983.65,18616810.39,337231.58,3263675.79,10433960.75
P0211,Healthcare,Small,4,0.35,71696404.99,0.3,0.74,1,0.08,0.08,23375577.51,13627951.65,11433931.03,1805347.64,-6317738.04
P0211,Healthcare,Small,4,0.35,71696404.99,0.3,0.74,2,0.04,0.03,45324007.56,24910690.12,1591806.17,3302305.93,11110918.43
P0211,Healthcare,Small,4,0.35,71696404.99,0.3,0.74,3,0.04,0.03,62399425.2,34093129.4,4025178.31,5044562.02,14864002.35
P0211,Healthcare,Small,4,0.35,71696404.99,0.3,0.74,4,0.04,0.05,51745324.63,30372128.9,520822.94,4538769.92,16513010.43
P0212,Manufacturing,Large,10,0.26,78930069.72,0.26,0.5,1,0.06,0.06,32922549.15,28401636.75,10412015.37,1409461.65,-8456144.29
P0212,Manufacturing,Large,10,0.26,78930069.72,0.26,0.5,2,0.05,0.1,63565556.91,58192425.81,2623180.02,2878300.47,-147010.76
P0212,Manufacturing,Large,10,0.26,78930069.72,0.26,0.5,3,0.07,0.01,69246846.36,65374271.57,3628653.14,2947092.11,-828714.67
P0212,Manufacturing,Large,10,0.26,78930069.72,0.26,0.5,4,0.07,0.09,72093317.97,63308017.45,1362866.25,3230879.65,4522540.05
P0212,Manufacturing,Large,10,0.26,78930069.72,0.26,0.5,5,0.06,0.08,70448210.09,64469529.85,1793154.38,3239895.39,2490076.64
P0212,Manufacturing,Large,10,0.26,78930069.72,0.26,0.5,6,0.06,0.03,57976065.21,53025005.73,2391645.78,2734838.02,1762846.17
P0212,Manufacturing,Large,10,0.26,78930069.72,0.26,0.5,7,0.05,0.1,85067100.01,67167405.2,2693925.56,3587470.3,10105680.32
P0212,Manufacturing,Large,10,0.26,78930069.72,0.26,0.5,8,0.05,0.12,81987174.68,74101547.78,1815210.67,3607510.98,3918510.01
P0212,Manufacturing,Large,10,0.26,78930069.72,0.26,0.5,9,0.06,0.08,68471993.17,61701753.87,2227771.38,2692576.47,3414151.57
P0212,Manufacturing,Large,10,0.26,78930069.72,0.26,0.5,10,0.04,0.06,72367406.16,70824550.02,1309994.51,3432416.8,-862981.14
P0213,Real Estate,Large,10,0.77,111067208.11,0.24,0.1,1,0.06,0.1,50286069.41,31419336.32,7604014.87,3311028.78,3524367.51
P0213,Real Estate,Large,10,0.77,111067208.11,0.24,0.1,2,0.07,0.08,54287171.09,33656046.5,3184713.08,3716156.22,12787552.56
P0213,Real Estate,Large,10,0.77,111067208.11,0.24,0.1,3,0.02,0.11,77938358.56,47417631.77,2196866.83,5341354.63,19956257.11
P0213,Real Estate,Large,10,0.77,111067208.11,0.24,0.1,4,0.07,0.09,74734374.61,51639904.75,5513688.74,4662643.21,12772784.01
P0213,Real Estate,Large,10,0.77,111067208.11,0.24,0.1,5,0.04,0.11,75093728.75,50663675.59,4862758.6,5176169.78,12872710.12
P0213,Real Estate,Large,10,0.77,111067208.11,0.24,0.1,6,0.06,0.13,83324914.83,51946145.04,5776858.81,5684119.96,18095861.5
P0213,Real Estate,Large,10,0.77,111067208.11,0.24,0.1,7,0.08,0.05,76584217.46,51134668.77,1773408.69,4723555.52,18646667.54
P0213,Real Estate,Large,10,0.77,111067208.11,0.24,0.1,8,0.04,0.03,62905777.94,40735744.23,2110028.82,4289775.07,14771064.26
P0213,Real Estate,Large,10,0.77,111067208.11,0.24,0.1,9,0.07,0.05,84916913.6,51705083.37,6120689.65,5282750.05,17209915.16
P0213,Real Estate,Large,10,0.77,111067208.11,0.24,0.1,10,0.04,0.08,83618060.98,50035505.5,489159.1,5626977.73,24989235.69
P0214,Energy,Small,6,0.35,181331730.15,0.21,0.56,1,0.05,0.01,40953280.88,21452746.56,22651865.39,2958089.5,-10072106.14
P0214,Energy,Small,6,0.35,181331730.15,0.21,0.56,2,0.06,0.02,76405544.98,37980758.25,8072642.86,4643539.43,20664475.41
P0214,Energy,Small,6,0.35,181331730.15,0.21,0.56,3,0.02,0.04,91697496.21,47371164.4,7980055.29,6598899.51,23601375.73
P0214,Energy,Small,6,0.35,181331730.15,0.21,0.56,4,0.05,0.1,97777087.18,54428561.47,6024234.57,6615514.28,28083600.05
P0214,Energy,Small,6,0.35,181331730.15,0.21,0.56,5,0.06,0.02,107537361.96,53968171.15,4160484.67,8433840.03,36327368.6
P0214,Energy,Small,6,0.35,181331730.15,0.21,0.56,6,0.06,0.04,116335428.37,57156944.04,986953.25,8570446.87,42733712.73
P0215,Manufacturing,Small,3,0.21,49262287.54,0.27,0.84,1,0.05,0.02,9516032.34,5691907.72,4077958.05,675863.62,-1994621.72
P0215,Manufacturing,Small,3,0.21,49262287.54,0.27,0.84,2,0.07,0.07,12280796.77,7936323.38,2331886.11,1015246.51,492581.56
P0215,Manufacturing,Small,3,0.21,49262287.54,0.27,0.84,3,0.05,0.03,17809473.11,11208535.69,447010.37,1395750.64,4027401.84
P0216,Real Estate,Small,10,0.49,42097717.49,0.23,0.46,1,0.05,0.04,15200193.21,9189804.19,2636936.28,894305.01,1129799.66
P0216,Real Estate,Small,10,0.49,42097717.49,0.23,0.46,2,0.06,0.07,19599869.71,11508735.26,1444082.63,1091389.68,4397196.52
P0216,Real Estate,Small,10,0.49,42097717.49,0.23,0.46,3,0.03,0.11,24075932.3,14179918.01,1455772.83,1483354.51,5456044.58
P0216,Real Estate,Small,10,0.49,42097717.49,0.23,0.46,4,0.05,0.07,28086318.81,16513041.11,881772.14,1861591.64,8196159.11
P0216,Real Estate,Small,10,0.49,42097717.49,0.23,0.46,5,0.04,0.09,24949938.46,14498574.45,736830.05,1528809.34,7867683.34
P0216,Real Estate,Small,10,0.49,42097717.49,0.23,0.46,6,0.02,0.03,21441025.5,13074008.71,1818213.63,1249206.77,5054168.78
P0216,Real Estate,Small,10,0.49,42097717.49,0.23,0.46,7,0.09,0.03,29104449.31,16413697.39,750051.56,1667241.93,8083510.78
P0216,Real Estate,Small,10,0.49,42097717.49,0.23,0.46,8,0.08,0.03,24886150.27,15514202.88,2083718.17,1472873.53,5168693.58
P0216,Real Estate,Small,10,0.49,42097717.49,0.23,0.46,9,0.05,0.06,27716174.9,16099817.79,1728928.45,1580107.6,6926719.41
P0216,Real Estate,Small,10,0.49,42097717.49,0.23,0.46,10,0.06,0.07,32541856.56,20486377.16,680238.31,1887910.71,8164338.5
P0217,Infrastructure,Medium,10,0.55,204447227.13,0.23,0.59,1,0.03,0.04,34289858.98,18597216.73,16301484.13,3530777.17,-7974904.05
P0217,Infrastructure,Medium,10,0.55,204447227.13,0.23,0.59,2,0.07,0.06,63938865.48,37048151.29,9357485.33,7109124.6,7157265.07
P0217,Infrastructure,Medium,10,0.55,204447227.13,0.23,0.59,3,0.04,0.01,78692962.44,41026282.05,12866164.77,8497673.57,14622663.58
P0217,Infrastructure,Medium,10,0.55,204447227.13,0.23,0.59,4,0.05,0.07,71913248.34,38195551.23,10081248.02,7078533.57,17572222.06
P0217,Infrastructure,Medium,10,0.55,204447227.13,0.23,0.59,5,0.07,0.01,79569853.18,47396751.97,5328574.9,8894076.48,17058504.26
P0217,Infrastructure,Medium,10,0.55,204447227.13,0.23,0.59,6,0.02,0.07,80038585.05,43290189.83,7342107.26,8731936.14,20793038.31
P0217,Infrastructure,Medium,10,0.55,204447227.13,0.23,0.59,7,0.08,0.06,83021611.3,44983492.35,5830573.38,8772970.94,22304631.36
P0217,Infrastructure,Medium,10,0.55,204447227.13,0.23,0.59,8,0.04,0.08,83101206.19,41948838.11,10767949.5,8991649.88,20397538.85
P0217,Infrastructure,Medium,10,0.55,204447227.13,0.23,0.59,9,0.03,0.09,76531352.72,37539276.16,12009420.39,8720672.85,18627128.39
P0217,Infrastructure,Medium,10,0.55,204447227.13,0.23,0.59,10,0.06,-0.01,83081130.3,47142641.95,3458950.82,8992891.01,24585071.66
P0218,Technology,Large,9,0.8,40318975.94,0.34,0.35,1,0.08,0.03,14072368.66,6469185.94,3934955.91,740545.72,348494.31
P0218,Technology,Large,9,0.8,40318975.94,0.34,0.35,2,0.07,0.04,22713478.03,10019082.72,2021965.11,1227337.91,5724717.52
P0218,Technology,Large,9,0.8,40318975.94,0.34,0.35,3,0.06,0.03,28920874.96,12896188.12,1696040.16,1420290.63,8588576.61
P0218,Technology,Large,9,0.8,40318975.94,0.34,0.35,4,0.08,-0.01,27453948.41,11860014.1,677346.6,1454550.24,9157480.37
P0218,Technology,Large,9,0.8,40318975.94,0.34,0.35,5,0.04,0.06,33262413.01,13599461.75,1538457.35,1681591.21,11416575.47
P0218,Technology,Large,9,0.8,40318975.94,0.34,0.35,6,0.02,0.07,35750902.78,14157142.61,1953113.35,1884600.14,11432762.35
P0218,Technology,Large,9,0.8,40318975.94,0.34,0.35,7,0.08,0.05,31693647.3,13119792.12,505221.67,1720392.28,12152540.67
P0218,Technology,Large,9,0.8,40318975.94,0.34,0.35,8,0.08,0.05,34243484.67,15618912.53,1008340.55,1932272.31,10566093.85
P0218,Technology,Large,9,0.8,40318975.94,0.34,0.35,9,0.04,0.05,34068688.91,13638771.03,237098.1,1820443.25,13343498.43
P0219,Real Estate,Medium,6,0.51,137574539.3,0.31,0.57,1,0.04,0.03,37771181.34,19335140.45,15605619.24,1842047.77,-4487890.69
P0219,Real Estate,Medium,6,0.51,137574539.3,0.31,0.57,2,0.07,0.04,53428764.05,29290141.08,5936735.54,2983374.54,9461227.12
P0219,Real Estate,Medium,6,0.51,137574539.3,0.31,0.57,3,0.04,0.08,67390297.11,37191402.17,5147569.63,3560061.64,15286132.35
P0219,Real Estate,Medium,6,0.51,137574539.3,0.31,0.57,4,0.04,0.03,72127070.88,38416958.57,4913287.92,4066117.8,18867889.47
P0219,Real Estate,Medium,6,0.51,137574539.3,0.31,0.57,5,0.04,-0.0,71443663.07,39068768.46,5584392.94,3855469.82,17843554.79
P0219,Real Estate,Medium,6,0.51,137574539.3,0.31,0.57,6,0.08,0.08,71462053.07,37554847.89,1640052.75,3859025.23,22132781.5
P0220,Energy,Medium,8,0.72,236067332.21,0.28,0.62,1,0.04,0.06,59634482.99,28926800.19,19341318.57,3087334.45,-309340.91
P0220,Energy,Medium,8,0.72,236067332.21,0.28,0.62,2,0.04,0.03,81656541.87,37380101.63,13791675.76,4413010.27,16100913.28
P0220,Energy,Medium,8,0.72,236067332.21,0.28,0.62,3,0.06,0.05,109223262.29,45871034.32,11203893.34,6503130.85,32795163.96
P0220,Energy,Medium,8,0.72,236067332.21,0.28,0.62,4,0.09,0.09,105501755.62,49049733.35,5543159.57,5993023.33,35660729.89
P0220,Energy,Medium,8,0.72,236067332.21,0.28,0.62,5,0.07,0.01,113181673.21,53086715.57,4305501.38,6778293.68,37789335.55
P0220,Energy,Medium,8,0.72,236067332.21,0.28,0.62,6,0.07,0.03,111911030.48,51746863.79,6809472.55,6196609.94,36084029.11
P0220,Energy,Medium,8,0.72,236067332.21,0.28,0.62,7,0.07,0.05,127145744.28,54986768.06,15045824.43,7448609.52,35891439.44
P0220,Energy,Medium,8,0.72,236067332.21,0.28,0.62,8,0.06,-0.0,119616839.34,46992309.72,5263791.8,6736492.89,46984390.56
P0221,Healthcare,Small,4,0.26,49268228.35,0.25,0.54,1,0.07,0.09,11182509.17,8118161.44,6428809.35,1355548.03,-5469619.28
P0221,Healthcare,Small,4,0.26,49268228.35,0.25,0.54,2,0.05,0.03,18439649.9,13212657.63,1822692.66,2338990.01,1081510.75
P0221,Healthcare,Small,4,0.26,49268228.35,0.25,0.54,3,0.04,0.06,26085067.37,15680875.3,662733.15,2790867.56,6953916.3
P0221,Healthcare,Small,4,0.26,49268228.35,0.25,0.54,4,0.07,0.03,24904571.14,17709634.26,897951.02,2900865.47,4209908.94
P0222,Manufacturing,Medium,6,0.43,34377260.64,0.19,0.56,1,0.04,0.03,10552707.69,7321205.81,2858986.97,1021087.44,-1250137.34
P0222,Manufacturing,Medium,6,0.43,34377260.64,0.19,0.56,2,0.06,0.09,16231173.54,10952476.83,1272177.43,1813323.68,2178880.17
P0222,Manufacturing,Medium,6,0.43,34377260.64,0.19,0.56,3,0.04,0.06,18484622.87,12357701.95,1024930.3,1892133.21,4002875.96
P0222,Manufacturing,Medium,6,0.43,34377260.64,0.19,0.56,4,0.03,0.12,20370545.08,14208066.31,1104622.22,2098342.53,3582809.59
P0222,Manufacturing,Medium,6,0.43,34377260.64,0.19,0.56,5,0.09,0.05,22864624.79,15858963.04,1173451.97,2426002.71,4170093.99
P0222,Manufacturing,Medium,6,0.43,34377260.64,0.19,0.56,6,0.09,-0.03,17866177.18,12896063.08,559256.96,1876880.6,3812073.12
P0223,Healthcare,Small,8,0.95,41254487.41,0.24,0.77,1,0.07,0.05,19069532.23,12661908.1,4922531.23,1268926.5,-1305298.94
P0223,Healthcare,Small,8,0.95,41254487.41,0.24,0.77,2,0.04,0.11,21335341.0,13676748.2,1477022.68,1345747.23,4356387.01
P0223,Healthcare,Small,8,0.95,41254487.41,0.24,0.77,3,0.05,0.01,31772439.11,20590415.38,1299248.35,2024806.69,6613361.67
P0223,Healthcare,Small,8,0.95,41254487.41,0.24,0.77,4,0.05,0.0,31192438.04,20595043.94,2346015.27,1937946.7,5960493.31
P0223,Healthcare,Small,8,0.95,41254487.41,0.24,0.77,5,0.07,0.08,33409515.97,24109594.2,772691.33,2097116.82,5967761.93
P0223,Healthcare,Small,8,0.95,41254487.41,0.24,0.77,6,0.06,0.02,35522431.43,26068037.96,899065.26,2645972.82,5959716.76
P0223,Healthcare,Small,8,0.95,41254487.41,0.24,0.77,7,0.06,0.05,31098804.89,20992722.36,1863207.18,2272835.22,6156061.78
P0223,Healthcare,Small,8,0.95,41254487.41,0.24,0.77,8,0.06,0.06,34090795.06,23669380.27,805739.75,2137596.24,7215100.39
P0224,Healthcare,Medium,9,0.48,104185190.42,0.24,0.76,1,0.07,0.07,33062250.06,21503683.7,9948146.62,3002811.44,-4178919.0
P0224,Healthcare,Medium,9,0.48,104185190.42,0.24,0.76,2,0.06,0.04,46250989.03,28326074.27,4902717.95,3996315.11,7653295.34
P0224,Healthcare,Medium,9,0.48,104185190.42,0.24,0.76,3,0.06,0.02,44877364.38,25321054.32,5266171.69,3962335.28,10024350.08
P0224,Healthcare,Medium,9,0.48,104185190.42,0.24,0.76,4,0.05,0.08,58252151.09,39032800.78,5977601.49,5102100.98,7478922.1
P0224,Healthcare,Medium,9,0.48,104185190.42,0.24,0.76,5,0.06,0.05,49346569.45,29775225.84,1775247.64,4302021.94,13779791.06
P0224,Healthcare,Medium,9,0.48,104185190.42,0.24,0.76,6,0.04,0.06,50190357.72,29100772.82,1357997.86,4079603.42,14481553.95
P0224,Healthcare,Medium,9,0.48,104185190.42,0.24,0.76,7,0.05,0.05,62463872.07,40521131.61,4288897.17,5691218.24,11252291.85
P0224,Healthcare,Medium,9,0.48,104185190.42,0.24,0.76,8,0.02,0.09,67080428.16,39518891.52,4543061.93,6111210.17,16308699.05
P0224,Healthcare,Medium,9,0.48,104185190.42,0.24,0.76,9,0.09,0.11,60801005.16,38773622.59,585137.37,4772255.28,16816395.87
P0225,Healthcare,Small,8,0.61,37339091.96,0.22,0.67,1,0.04,0.06,10032180.88,7694124.97,5412773.32,842462.31,-4497272.49
P0225,Healthcare,Small,8,0.61,37339091.96,0.22,0.67,2,0.03,0.08,16549996.97,12334257.99,1698212.44,1408720.62,975772.67
P0225,Healthcare,Small,8,0.61,37339091.96,0.22,0.67,3,0.04,0.08,18449256.47,14439913.32,684842.41,1629501.19,2150763.05
P0225,Healthcare,Small,8,0.61,37339091.96,0.22,0.67,4,0.07,0.06,17870387.23,13682405.89,1351998.31,1479999.34,2052188.84
P0225,Healthcare,Small,8,0.61,37339091.96,0.22,0.67,5,0.04,0.02,17411087.37,13222522.49,894672.38,1386635.09,2432442.19
P0225,Healthcare,Small,8,0.61,37339091.96,0.22,0.67,6,0.07,0.09,18849431.99,14246702.52,1181816.02,1687840.88,2216747.23
P0225,Healthcare,Small,8,0.61,37339091.96,0.22,0.67,7,0.05,0.03,15328779.97,11907615.79,1863883.58,1312768.33,1147459.35
P0225,Healthcare,Small,8,0.61,37339091.96,0.22,0.67,8,0.05,0.05,18621352.43,14013108.54,997276.99,1511284.73,2590020.2
P0226,Technology,Medium,9,0.32,45986211.35,0.19,0.26,1,0.05,0.0,22913223.39,11765474.63,5103739.31,994399.57,2991263.52
P0226,Technology,Medium,9,0.32,45986211.35,0.19,0.26,2,0.04,0.03,38873378.81,20802473.75,2502798.32,1915446.56,11364214.45
P0226,Technology,Medium,9,0.32,45986211.35,0.19,0.26,3,0.02,0.03,52698971.87,27456868.82,1891999.03,2411985.93,19118074.95
P0226,Technology,Medium,9,0.32,45986211.35,0.19,0.26,4,0.06,0.06,51792679.32,29198923.87,1053692.02,2494402.37,17960263.86
P0226,Technology,Medium,9,0.32,45986211.35,0.19,0.26,5,0.07,0.05,46279587.52,24584059.18,519757.52,2200138.6,18585939.93
P0226,Technology,Medium,9,0.32,45986211.35,0.19,0.26,6,0.05,0.07,50887710.69,26899125.45,2462382.75,2538691.77,14952636.04
P0226,Technology,Medium,9,0.32,45986211.35,0.19,0.26,7,0.04,0.04,45395411.4,23010946.46,1855936.72,2044394.97,16119818.42
P0226,Technology,Medium,9,0.32,45986211.35,0.19,0.26,8,0.06,0.06,48263172.31,24211124.02,1884231.15,2394208.04,16680791.23
P0226,Technology,Medium,9,0.32,45986211.35,0.19,0.26,9,0.07,0.05,46212403.76,25288315.48,1048016.8,1998836.26,16537647.06
P0227,Infrastructure,Small,4,0.55,79411645.31,0.24,0.1,1,0.08,0.1,14479966.55,9208433.38,7723620.98,756264.41,-4703995.64
P0227,Infrastructure,Small,4,0.55,79411645.31,0.24,0.1,2,0.07,0.02,15632582.85,9605387.3,3518858.41,858322.08,955136.66
P0227,Infrastructure,Small,4,0.55,79411645.31,0.24,0.1,3,0.04,0.06,19345494.13,11021630.3,3643606.58,1071207.58,2511403.45
P0227,Infrastructure,Small,4,0.55,79411645.31,0.24,0.1,4,0.03,0.04,17757155.05,11633120.06,602967.43,875140.57,4290809.65
P0228,Manufacturing,Small,10,0.86,72222051.63,0.27,0.58,1,0.02,0.14,39635224.27,25671508.02,7157787.11,3115088.66,-123134.46
P0228,Manufacturing,Small,10,0.86,72222051.63,0.27,0.58,2,0.06,0.03,55550233.89,41028249.99,2146724.83,4817110.25,6403003.76
P0228,Manufacturing,Small,10,0.86,72222051.63,0.27,0.58,3,0.03,0.06,67255017.53,47480831.48,1072453.49,5830937.27,12398533.05
P0228,Manufacturing,Small,10,0.86,72222051.63,0.27,0.58,4,0.04,0.07,65432864.26,47986879.95,3946586.29,5370636.03,9655718.35
P0228,Manufacturing,Small,10,0.86,72222051.63,0.27,0.58,5,0.06,0.05,66543095.49,48349557.19,1681219.5,5043601.21,11858213.97
P0228,Manufacturing,Small,10,0.86,72222051.63,0.27,0.58,6,0.05,0.08,62508283.77,43281964.44,3587642.02,5067125.18,10403146.33
P0228,Manufacturing,Small,10,0.86,72222051.63,0.27,0.58,7,0.03,0.11,79042628.05,59825888.02,1483928.25,6220430.85,11197331.85
P0228,Manufacturing,Small,10,0.86,72222051.63,0.27,0.58,8,0.03,0.07,62699828.86,46604394.47,2273654.45,5121593.55,10178257.33
P0228,Manufacturing,Small,10,0.86,72222051.63,0.27,0.58,9,0.09,0.1,81854425.24,62904021.79,2980612.87,6345827.77,9767017.78
P0228,Manufacturing,Small,10,0.86,72222051.63,0.27,0.58,10,0.04,0.0,62907742.39,41486354.79,1555403.11,5019685.12,15846184.13
P0229,Energy,Small,8,0.71,64159974.7,0.26,0.25,1,0.06,0.11,11575804.51,5941614.84,10476409.3,1316402.05,-7964820.73
P0229,Energy,Small,8,0.71,64159974.7,0.26,0.25,2,0.05,0.03,15891902.48,8987923.92,3389909.22,1991143.69,976927.17
P0229,Energy,Small,8,0.71,64159974.7,0.26,0.25,3,0.05,0.13,22513159.39,12336417.92,3010372.82,2481703.65,3983166.77
P0229,Energy,Small,8,0.71,64159974.7,0.26,0.25,4,0.04,0.06,23227863.98,13230873.16,3042671.82,2581516.15,4446016.1
P0229,Energy,Small,8,0.71,64159974.7,0.26,0.25,5,0.05,0.01,18213889.92,10308367.3,3806269.63,2056832.28,2522384.33
P0229,Energy,Small,8,0.71,64159974.7,0.26,0.25,6,0.04,0.05,20818102.53,9975621.81,1822113.03,2275488.33,5988061.82
P0229,Energy,Small,8,0.71,64159974.7,0.26,0.25,7,0.07,0.06,25663091.17,12022876.2,2976890.57,3026723.02,6167904.79
P0229,Energy,Small,8,0.71,64159974.7,0.26,0.25,8,0.08,0.06,22272961.79,10697980.45,1231774.34,2806556.37,7972181.22
P0230,Infrastructure,Medium,4,0.36,245552798.82,0.21,0.44,1,0.05,0.02,40779917.92,19757229.57,35087716.64,4516093.54,-24280727.23
P0230,Infrastructure,Medium,4,0.36,245552798.82,0.21,0.44,2,0.03,0.08,74037177.88,37463889.47,3693222.22,8956025.01,21800045.85
P0230,Infrastructure,Medium,4,0.36,245552798.82,0.21,0.44,3,0.04,0.07,107539062.23,53078736.25,3798045.64,11675979.03,37631773.55
P0230,Infrastructure,Medium,4,0.36,245552798.82,0.21,0.44,4,0.04,0.01,92704484.29,49863617.32,3101600.6,8859800.45,34796759.27
P0231,Technology,Large,8,0.34,29666638.11,0.22,0.4,1,0.09,0.1,12198915.58,6538755.51,3083221.99,668459.12,603214.05
P0231,Technology,Large,8,0.34,29666638.11,0.22,0.4,2,0.06,0.06,16376377.25,8328166.86,1370926.98,895882.74,4676688.15
P0231,Technology,Large,8,0.34,29666638.11,0.22,0.4,3,0.04,0.05,24772528.79,13075176.02,1119297.2,1470201.83,7549586.94
P0231,Technology,Large,8,0.34,29666638.11,0.22,0.4,4,0.04,0.09,26849966.14,13107097.7,1229803.57,1373518.44,9386125.8
P0231,Technology,Large,8,0.34,29666638.11,0.22,0.4,5,0.02,0.13,27112012.36,14383161.34,353743.36,1679986.85,9606006.17
P0231,Technology,Large,8,0.34,29666638.11,0.22,0.4,6,0.05,0.05,25360274.94,14111402.79,1117637.86,1625261.85,7924273.42
P0231,Technology,Large,8,0.34,29666638.11,0.22,0.4,7,0.05,0.13,25538619.43,12849615.71,747940.71,1464166.64,9244447.14
P0231,Technology,Large,8,0.34,29666638.11,0.22,0.4,8,0.06,-0.02,22004482.94,11433003.61,343122.02,1163843.38,7923863.3
P0232,Energy,Medium,6,0.17,90016952.63,0.33,0.49,1,0.06,0.04,35863569.68,19616720.45,4701297.08,2016858.91,4224072.1
P0232,Energy,Medium,6,0.17,90016952.63,0.33,0.49,2,0.1,0.09,47113453.74,26465293.97,2864148.4,2465546.51,10688567.44
P0232,Energy,Medium,6,0.17,90016952.63,0.33,0.49,3,0.07,-0.02,62105020.6,32672087.25,3855982.57,3364821.02,15222263.56
P0232,Energy,Medium,6,0.17,90016952.63,0.33,0.49,4,0.06,0.11,67731361.51,34209073.06,3290351.91,3789410.58,19103940.06
P0232,Energy,Medium,6,0.17,90016952.63,0.33,0.49,5,0.08,0.06,72654656.76,36818527.08,1021314.83,3924078.4,21366673.01
P0232,Energy,Medium,6,0.17,90016952.63,0.33,0.49,6,0.07,0.1,82630564.07,44069229.06,1569019.95,4371703.27,23652552.22
P0233,Infrastructure,Medium,4,0.71,240788872.45,0.18,0.14,1,0.06,0.14,48482759.04,30419420.47,38940793.3,4709405.58,-30574016.82
P0233,Infrastructure,Medium,4,0.71,240788872.45,0.18,0.14,2,0.08,0.02,57093861.79,34886196.15,12502399.36,4911850.58,5940864.18
P0233,Infrastructure,Medium,4,0.71,240788872.45,0.18,0.14,3,0.06,0.01,72643532.99,43117299.47,8497237.19,6741459.84,14656512.43
P0233,Infrastructure,Medium,4,0.71,240788872.45,0.18,0.14,4,0.05,0.02,62078233.9,37390164.93,6439768.45,6216734.06,14911920.86
P0234,Manufacturing,Medium,10,0.49,67148901.2,0.2,0.15,1,0.06,0.06,34199798.71,24354089.61,7014970.74,1472974.04,-591585.17
P0234,Manufacturing,Medium,10,0.49,67148901.2,0.2,0.15,2,0.06,0.03,51255160.68,33424273.09,1893626.95,2342822.81,11437416.95
P0234,Manufacturing,Medium,10,0.49,67148901.2,0.2,0.15,3,0.07,0.08,55414989.48,40701892.24,1876543.53,2485375.11,9090933.52
P0234,Manufacturing,Medium,10,0.49,67148901.2,0.2,0.15,4,0.07,-0.01,52116178.17,33670635.79,1650926.97,2306300.81,13896670.83
P0234,Manufacturing,Medium,10,0.49,67148901.2,0.2,0.15,5,0.03,0.04,73660525.81,48292411.27,3903949.69,3310373.43,15153451.45
P0234,Manufacturing,Medium,10,0.49,67148901.2,0.2,0.15,6,0.05,0.08,79319704.19,51292717.7,874777.5,3563498.26,22389156.45
P0234,Manufacturing,Medium,10,0.49,67148901.2,0.2,0.15,7,0.05,0.05,64734446.81,42352350.25,1205621.45,2875243.61,18008888.2
P0234,Manufacturing,Medium,10,0.49,67148901.2,0.2,0.15,8,0.03,0.11,74449846.97,50181300.32,3059210.54,3296587.93,15922667.11
P0234,Manufacturing,Medium,10,0.49,67148901.2,0.2,0.15,9,0.08,0.03,62600832.64,41195086.24,2566023.86,3043790.79,15016187.08
P0234,Manufacturing,Medium,10,0.49,67148901.2,0.2,0.15,10,0.05,0.12,78598690.65,54939270.68,1220746.82,3501211.77,17701959.52
P0235,Infrastructure,Large,10,0.47,68480506.42,0.3,0.69,1,0.05,0.0,12973958.75,7658708.49,5383133.96,915977.29,-2503340.49
P0235,Infrastructure,Large,10,0.47,68480506.42,0.3,0.69,2,0.04,0.04,26281766.86,16250132.13,3619750.32,1994632.69,2404534.0
P0235,Infrastructure,Large,10,0.47,68480506.42,0.3,0.69,3,0.06,0.06,32580306.45,19299071.28,1876864.19,2317280.18,7434761.66
P0235,Infrastructure,Large,10,0.47,68480506.42,0.3,0.69,4,0.02,0.12,36836667.75,22385042.63,2854345.21,2668796.97,6885950.61
P0235,Infrastructure,Large,10,0.47,68480506.42,0.3,0.69,5,0.02,0.06,34434783.42,21798592.02,2526274.97,2512220.88,6131562.41
P0235,Infrastructure,Large,10,0.47,68480506.42,0.3,0.69,6,0.05,0.08,34907921.44,21216334.92,3558324.85,2537291.03,5672723.53
P0235,Infrastructure,Large,10,0.47,68480506.42,0.3,0.69,7,0.06,0.06,32752220.82,19851673.19,2447999.23,2406194.43,6522181.09
P0235,Infrastructure,Large,10,0.47,68480506.42,0.3,0.69,8,0.05,0.12,44830380.09,25300733.43,1480915.25,3711311.35,11688216.14
P0235,Infrastructure,Large,10,0.47,68480506.42,0.3,0.69,9,0.02,0.11,32503682.51,17855257.67,1506205.25,2427565.23,10530950.63
P0235,Infrastructure,Large,10,0.47,68480506.42,0.3,0.69,10,0.06,0.04,32229976.44,18693267.79,1732996.38,2458297.14,7731624.17
P0236,Infrastructure,Medium,6,0.61,77164275.82,0.2,0.68,1,0.04,0.09,12386799.86,9862966.93,6877583.81,1472406.0,-6412322.4
P0236,Infrastructure,Medium,6,0.61,77164275.82,0.2,0.68,2,0.05,0.06,16880844.88,15676077.6,4574669.31,1971654.9,-4378575.61
P0236,Infrastructure,Medium,6,0.61,77164275.82,0.2,0.68,3,0.04,0.05,19969012.36,15380686.05,3244002.82,2208166.69,177119.58
P0236,Infrastructure,Medium,6,0.61,77164275.82,0.2,0.68,4,0.08,0.02,22721893.55,19496194.79,4540940.76,2479909.68,-2374230.2
P0236,Infrastructure,Medium,6,0.61,77164275.82,0.2,0.68,5,0.05,0.04,21190041.67,16717886.87,4964515.5,2376521.76,-1320415.85
P0236,Infrastructure,Medium,6,0.61,77164275.82,0.2,0.68,6,0.06,0.04,18703023.33,15530791.63,998647.32,2101741.6,1781644.62
P0237,Healthcare,Medium,4,0.25,107888890.78,0.31,0.33,1,0.02,0.13,39487854.98,21504208.27,7359512.88,2404663.88,2643638.72
P0237,Healthcare,Medium,4,0.25,107888890.78,0.31,0.33,2,0.04,0.01,45791523.89,26315304.41,1782034.93,2893650.08,11707311.65
P0237,Healthcare,Medium,4,0.25,107888890.78,0.31,0.33,3,0.07,0.07,65457552.65,38253877.21,4500014.0,4085789.73,13315957.7
P0237,Healthcare,Medium,4,0.25,107888890.78,0.31,0.33,4,0.07,0.09,63231345.57,36263455.38,3110156.25,3590068.61,16324822.71
P0238,Manufacturing,Medium,5,0.53,44294475.35,0.24,0.74,1,0.05,0.08,16681747.93,11329828.86,2384097.97,1966606.75,-315679.48
P0238,Manufacturing,Medium,5,0.53,44294475.35,0.24,0.74,2,0.06,0.07,33467491.32,23864755.74,1817875.35,4821546.85,2572420.85
P0238,Manufacturing,Medium,5,0.53,44294475.35,0.24,0.74,3,0.06,0.02,35415185.08,25316885.01,1656278.79,3873282.39,6867488.82
P0238,Manufacturing,Medium,5,0.53,44294475.35,0.24,0.74,4,0.09,0.05,34484095.82,24287146.21,1483742.22,4369429.11,5924849.13
P0238,Manufacturing,Medium,5,0.53,44294475.35,0.24,0.74,5,0.05,0.09,39599290.78,31039763.68,979029.13,5095233.14,5038699.19
P0239,Real Estate,Small,7,0.62,139447096.73,0.22,0.22,1,0.06,0.02,38096707.66,18395704.07,18050322.29,2917020.69,-5332113.41
P0239,Real Estate,Small,7,0.62,139447096.73,0.22,0.22,2,0.06,0.13,70888278.32,30075133.48,5680500.89,5481606.42,22453893.58
P0239,Real Estate,Small,7,0.62,139447096.73,0.22,0.22,3,0.02,0.08,76043351.07,34221185.11,2225010.88,6319954.52,28845530.62
P0239,Real Estate,Small,7,0.62,139447096.73,0.22,0.22,4,0.06,0.12,95317232.66,39517183.71,1781310.53,8328255.47,43801931.4
P0239,Real Estate,Small,7,0.62,139447096.73,0.22,0.22,5,0.04,0.15,90665117.04,44100828.09,6436685.14,7513884.87,31113400.36
P0239,Real Estate,Small,7,0.62,139447096.73,0.22,0.22,6,0.05,0.07,97589948.06,42564778.3,2315228.56,7469788.27,37231313.9
P0239,Real Estate,Small,7,0.62,139447096.73,0.22,0.22,7,0.06,0.06,96837405.16,43486736.52,3829945.21,8622826.98,38842217.8
P0240,Manufacturing,Medium,9,0.42,37500495.4,0.28,0.64,1,0.07,0.09,6906336.52,3868763.21,2645951.73,851700.45,-1305570.12
P0240,Manufacturing,Medium,9,0.42,37500495.4,0.28,0.64,2,0.05,0.03,10428680.48,6095167.38,601705.28,1360929.91,1969448.25
P0240,Manufacturing,Medium,9,0.42,37500495.4,0.28,0.64,3,0.05,0.09,12570630.46,7185158.74,1204792.33,1720659.32,2448227.84
P0240,Manufacturing,Medium,9,0.42,37500495.4,0.28,0.64,4,0.07,0.03,13363453.56,7997560.89,2332423.82,1813345.5,1372606.67
P0240,Manufacturing,Medium,9,0.42,37500495.4,0.28,0.64,5,0.06,0.11,13078453.75,7692577.27,1576040.65,1711313.51,2258324.37
P0240,Manufacturing,Medium,9,0.42,37500495.4,0.28,0.64,6,0.05,0.01,12741570.66,7038766.54,1089610.34,1701590.93,2880969.09
P0240,Manufacturing,Medium,9,0.42,37500495.4,0.28,0.64,7,0.05,0.01,12415542.11,7340015.56,1373905.72,1581644.53,2463358.67
P0240,Manufacturing,Medium,9,0.42,37500495.4,0.28,0.64,8,0.07,0.04,12077536.18,7209758.79,1899505.66,1416706.39,1716152.65
P0240,Manufacturing,Medium,9,0.42,37500495.4,0.28,0.64,9,0.05,0.1,13802882.03,7855338.55,221419.9,1805934.32,3976012.95
P0241,Real Estate,Small,10,0.4,58764996.94,0.21,0.29,1,0.07,0.06,10083492.87,4355129.73,5350706.8,822822.07,-1668156.99
P0241,Real Estate,Small,10,0.4,58764996.94,0.21,0.29,2,0.06,0.07,17847133.28,8503992.14,3431541.34,1564322.18,3136377.14
P0241,Real Estate,Small,10,0.4,58764996.94,0.21,0.29,3,0.03,0.04,19206983.02,8676673.84,3188719.08,1867368.45,4973592.06
P0241,Real Estate,Small,10,0.4,58764996.94,0.21,0.29,4,0.07,0.06,21705138.19,8554276.32,3021862.48,1834109.17,7934709.18
P0241,Real Estate,Small,10,0.4,58764996.94,0.21,0.29,5,0.09,0.08,21033562.26,9123087.76,1478846.54,1760737.93,8019229.24
P0241,Real Estate,Small,10,0.4,58764996.94,0.21,0.29,6,0.06,0.01,22936880.52,9800011.25,1871135.99,1856187.83,8038403.47
P0241,Real Estate,Small,10,0.4,58764996.94,0.21,0.29,7,0.05,0.05,22553456.16,9649398.07,2095258.75,1948840.35,7772409.58
P0241,Real Estate,Small,10,0.4,58764996.94,0.21,0.29,8,0.09,0.0,19768429.21,8644903.14,3058737.39,1617703.78,6392592.84
P0241,Real Estate,Small,10,0.4,58764996.94,0.21,0.29,9,0.1,0.05,20811059.97,9257529.39,2896322.23,1768584.39,5778524.36
P0241,Real Estate,Small,10,0.4,58764996.94,0.21,0.29,10,0.04,0.08,20180769.62,9352125.62,1113218.28,1768535.68,7273840.53
P0242,Technology,Medium,5,0.26,47451713.88,0.24,0.5,1,0.08,0.04,13856143.63,6527557.63,7128168.87,779931.41,-2182525.53
P0242,Technology,Medium,5,0.26,47451713.88,0.24,0.5,2,0.05,0.05,21515293.22,10140712.52,1091360.03,1208375.45,7234994.56
P0242,Technology,Medium,5,0.26,47451713.88,0.24,0.5,3,0.06,0.04,20874885.26,9798730.66,714298.56,1235288.5,8102719.28
P0242,Technology,Medium,5,0.26,47451713.88,0.24,0.5,4,0.03,0.1,22123448.72,9539721.33,1111106.24,1173415.46,8976644.74
P0242,Technology,Medium,5,0.26,47451713.88,0.24,0.5,5,0.03,0.06,28108841.94,13363272.93,1003561.24,1583963.74,10223530.55
P0243,Technology,Large,6,0.32,69201936.92,0.29,0.5,1,0.07,0.09,48324859.78,22993432.28,8032863.94,3076014.28,6841966.5
P0243,Technology,Large,6,0.32,69201936.92,0.29,0.5,2,0.08,0.02,52816833.84,25642860.7,1562244.59,3369361.32,16907546.01
P0243,Technology,Large,6,0.32,69201936.92,0.29,0.5,3,0.02,0.06,70513871.37,34384571.13,1283565.06,4193445.07,23460200.95
P0243,Technology,Large,6,0.32,69201936.92,0.29,0.5,4,0.07,0.05,78919838.68,38403561.1,2419893.46,5193963.36,25378687.4
P0243,Technology,Large,6,0.32,69201936.92,0.29,0.5,5,0.06,0.06,80281529.72,45713020.36,2564151.54,5562279.85,22512794.34
P0243,Technology,Large,6,0.32,69201936.92,0.29,0.5,6,0.03,0.04,85444007.68,42200185.03,542892.85,4997683.91,30222656.26
P0244,Energy,Medium,4,0.65,194356676.14,0.24,0.37,1,0.08,0.05,47468936.64,19912941.02,26657145.98,3540787.54,-9133758.72
P0244,Energy,Medium,4,0.65,194356676.14,0.24,0.37,2,0.06,0.04,77823234.95,34373180.72,12190215.87,5748491.89,19751076.28
P0244,Energy,Medium,4,0.65,194356676.14,0.24,0.37,3,0.07,0.07,77631001.22,34462982.42,6021117.92,6879325.16,26616313.5
P0244,Energy,Medium,4,0.65,194356676.14,0.24,0.37,4,0.06,0.1,82600916.26,36558936.19,2487980.47,6925890.57,32390150.39
P0245,Manufacturing,Small,5,0.37,68701544.54,0.2,0.42,1,0.08,0.08,23755483.05,18394812.79,7040290.69,2449322.06,-5188508.33
P0245,Manufacturing,Small,5,0.37,68701544.54,0.2,0.42,2,0.06,0.07,42206637.71,30604409.32,2194181.6,4913121.3,4739220.64
P0245,Manufacturing,Small,5,0.37,68701544.54,0.2,0.42,3,0.06,0.06,50837806.65,37602367.7,3223404.73,5912333.0,6098692.95
P0245,Manufacturing,Small,5,0.37,68701544.54,0.2,0.42,4,0.05,0.07,52311012.91,40074977.34,1292109.27,5629861.37,8477519.36
P0245,Manufacturing,Small,5,0.37,68701544.54,0.2,0.42,5,0.06,0.05,53325617.68,39596002.04,1099260.65,5259433.3,11047772.91
P0246,Healthcare,Large,8,0.63,49362503.05,0.26,0.56,1,0.03,-0.0,17742504.73,11236914.17,5578085.24,1396594.36,-2034402.92
P0246,Healthcare,Large,8,0.63,49362503.05,0.26,0.56,2,0.04,0.01,20963813.8,12884342.17,1841407.63,1766841.07,3679145.58
P0246,Healthcare,Large,8,0.63,49362503.05,0.26,0.56,3,0.08,0.04,30255382.36,19039628.6,2579876.23,2615899.35,5131689.28
P0246,Healthcare,Large,8,0.63,49362503.05,0.26,0.56,4,0.07,0.09,35832410.69,23530420.6,775900.66,3337934.47,7788112.99
P0246,Healthcare,Large,8,0.63,49362503.05,0.26,0.56,5,0.07,0.03,33748340.19,20689836.36,1867778.15,3053494.34,7653023.98
P0246,Healthcare,Large,8,0.63,49362503.05,0.26,0.56,6,0.07,0.03,31257855.58,19389681.75,1607750.22,2899854.29,7334763.4
P0246,Healthcare,Large,8,0.63,49362503.05,0.26,0.56,7,0.05,0.03,33188608.36,19929972.76,2023340.69,2805224.25,7721064.36
P0246,Healthcare,Large,8,0.63,49362503.05,0.26,0.56,8,0.07,-0.05,30928144.61,19086169.05,682317.38,2557611.69,7857078.8
P0247,Manufacturing,Small,9,0.78,38526968.01,0.24,0.24,1,0.02,0.04,14815780.8,11548866.1,2665824.47,1684501.1,-1915135.22
P0247,Manufacturing,Small,9,0.78,38526968.01,0.24,0.24,2,0.08,0.05,24237030.28,21616071.3,1335406.28,2544997.53,-201146.14
P0247,Manufacturing,Small,9,0.78,38526968.01,0.24,0.24,3,0.05,0.04,28812959.73,24910916.16,1817258.23,3286628.17,413664.3
P0247,Manufacturing,Small,9,0.78,38526968.01,0.24,0.24,4,0.04,0.05,27187513.45,24900062.42,1806307.55,3276030.21,-50769.68
P0247,Manufacturing,Small,9,0.78,38526968.01,0.24,0.24,5,0.04,-0.01,25003922.43,20851321.8,1592267.36,2811478.5,2028183.67
P0247,Manufacturing,Small,9,0.78,38526968.01,0.24,0.24,6,0.06,0.02,29243162.76,23521332.17,565403.65,3480842.74,3118784.9
P0247,Manufacturing,Small,9,0.78,38526968.01,0.24,0.24,7,0.06,0.05,31303207.42,27867066.62,1145703.19,3475558.82,1461000.8
P0247,Manufacturing,Small,9,0.78,38526968.01,0.24,0.24,8,0.07,0.08,31506812.28,28459592.06,1084749.15,3798238.55,877419.42
P0247,Manufacturing,Small,9,0.78,38526968.01,0.24,0.24,9,0.04,-0.02,24022180.27,21107507.6,986982.05,2512002.04,2588430.57
P0248,Energy,Large,9,0.48,101850950.03,0.24,0.55,1,0.06,0.1,37621699.69,24206845.32,6761345.65,2119975.79,1284726.65
P0248,Energy,Large,9,0.48,101850950.03,0.24,0.55,2,0.04,0.06,43204765.57,28564010.42,2964876.33,2976717.32,7541689.07
P0248,Energy,Large,9,0.48,101850950.03,0.24,0.55,3,0.07,0.03,61511229.86,36904859.3,5628094.63,3893528.2,12062141.31
P0248,Energy,Large,9,0.48,101850950.03,0.24,0.55,4,0.04,0.09,71725929.5,41549001.75,1674442.82,4857252.85,20158150.95
P0248,Energy,Large,9,0.48,101850950.03,0.24,0.55,5,0.05,0.06,62973585.79,37766802.19,4162727.22,4015545.14,15216845.48
P0248,Energy,Large,9,0.48,101850950.03,0.24,0.55,6,0.05,0.12,64088198.81,35125514.22,2298865.91,4094753.0,18975135.02
P0248,Energy,Large,9,0.48,101850950.03,0.24,0.55,7,0.04,0.08,72218427.33,47525004.88,5193137.01,4237716.84,13359869.83
P0248,Energy,Large,9,0.48,101850950.03,0.24,0.55,8,0.04,0.07,62828773.73,36091480.96,5204022.29,4154685.57,15268397.31
P0248,Energy,Large,9,0.48,101850950.03,0.24,0.55,9,0.06,0.06,75290477.09,44971429.67,1429312.23,4702078.96,21466830.45
P0249,Manufacturing,Medium,10,0.95,17984928.94,0.26,0.18,1,0.05,0.07,5565639.76,5220211.4,2159316.13,470179.98,-2348030.96
P0249,Manufacturing,Medium,10,0.95,17984928.94,0.26,0.18,2,0.05,0.09,6508440.13,5686730.52,879268.19,527667.55,-319427.75
P0249,Manufacturing,Medium,10,0.95,17984928.94,0.26,0.18,3,0.02,0.02,9099313.08,7743040.17,897176.4,759181.34,-128160.13
P0249,Manufacturing,Medium,10,0.95,17984928.94,0.26,0.18,4,0.07,0.07,10447424.97,9849593.08,492190.51,804879.38,-100330.73
P0249,Manufacturing,Medium,10,0.95,17984928.94,0.26,0.18,5,0.08,0.04,9003827.11,8037488.36,360624.46,771414.24,400015.86
P0249,Manufacturing,Medium,10,0.95,17984928.94,0.26,0.18,6,0.05,0.05,9898364.92,8224656.49,683032.69,789069.28,537165.2
P0249,Manufacturing,Medium,10,0.95,17984928.94,0.26,0.18,7,0.04,0.05,10355717.28,8506560.85,682296.65,902986.33,557868.63
P0249,Manufacturing,Medium,10,0.95,17984928.94,0.26,0.18,8,0.07,0.03,11698484.09,10714243.84,1064734.09,1047578.96,-464936.39
P0249,Manufacturing,Medium,10,0.95,17984928.94,0.26,0.18,9,0.04,0.0,7797861.36,6200157.09,471750.14,594874.75,1089927.61
P0249,Manufacturing,Medium,10,0.95,17984928.94,0.26,0.18,10,0.05,0.06,9045251.22,7521455.43,414531.27,833118.81,465105.53
P0250,Manufacturing,Medium,4,0.69,87334755.2,0.26,0.71,1,0.02,0.04,19738050.76,12669668.04,6163229.83,1971386.38,-2713293.11
P0250,Manufacturing,Medium,4,0.69,87334755.2,0.26,0.71,2,0.04,0.13,19637575.7,11527041.77,1476345.73,1879490.69,4501498.1
P0250,Manufacturing,Medium,4,0.69,87334755.2,0.26,0.71,3,0.02,0.08,29012393.05,18517308.39,4377496.3,2847409.25,2381529.74
P0250,Manufacturing,Medium,4,0.69,87334755.2,0.26,0.71,4,0.06,0.08,29425376.39,19277363.19,1322912.5,2801079.08,6402003.49
P0251,Energy,Small,9,0.62,133260505.76,0.2,0.69,1,0.06,0.04,45923101.23,27351313.64,15371561.59,3101757.68,-3529163.05
P0251,Energy,Small,9,0.62,133260505.76,0.2,0.69,2,0.05,0.07,65923246.58,35215422.57,6920582.42,4415200.86,16205166.2
P0251,Energy,Small,9,0.62,133260505.76,0.2,0.69,3,0.08,0.03,86211612.12,44041528.37,6802793.85,5391423.5,27669916.83
P0251,Energy,Small,9,0.62,133260505.76,0.2,0.69,4,0.03,0.06,78979476.74,42865458.78,4495650.75,5206528.52,23165957.45
P0251,Energy,Small,9,0.62,133260505.76,0.2,0.69,5,0.06,0.05,75356837.9,43245833.96,4991148.16,5243249.56,19156314.96
P0251,Energy,Small,9,0.62,133260505.76,0.2,0.69,6,0.04,0.08,81931878.72,43962809.67,2580745.37,5650116.03,27839053.45
P0251,Energy,Small,9,0.62,133260505.76,0.2,0.69,7,0.09,0.09,87819702.8,47205586.84,6491140.7,5539595.34,25998085.36
P0251,Energy,Small,9,0.62,133260505.76,0.2,0.69,8,0.06,0.07,98777745.83,56741973.59,5093208.72,7299424.54,25725230.46
P0251,Energy,Small,9,0.62,133260505.76,0.2,0.69,9,0.09,0.11,74841153.38,38441277.54,3073470.84,4858991.08,28136518.37
P0252,Technology,Medium,4,0.74,53217297.63,0.29,0.18,1,0.07,0.05,20868336.3,10750550.82,4800142.97,1481925.84,948642.89
P0252,Technology,Medium,4,0.74,53217297.63,0.29,0.18,2,0.07,-0.02,22466863.08,12261441.24,1770599.91,1664231.54,5451080.07
P0252,Technology,Medium,4,0.74,53217297.63,0.29,0.18,3,0.06,0.01,33087249.41,17226727.29,3187745.48,2560075.23,7009896.71
P0252,Technology,Medium,4,0.74,53217297.63,0.29,0.18,4,0.06,0.0,32567213.16,16901036.82,563760.77,2578615.36,10255931.56
P0253,Energy,Medium,7,0.64,82434476.46,0.28,0.1,1,0.08,0.11,18283836.19,10736123.91,13203588.73,1366495.91,-9342937.44
P0253,Energy,Medium,7,0.64,82434476.46,0.28,0.1,2,0.06,0.07,22472220.21,12868575.38,3155078.88,1648366.17,3286316.91
P0253,Energy,Medium,7,0.64,82434476.46,0.28,0.1,3,0.06,0.07,29841058.4,17395402.16,2579072.11,1986203.86,6121089.3
P0253,Energy,Medium,7,0.64,82434476.46,0.28,0.1,4,0.07,0.09,26534139.28,17577355.72,2350109.25,1878631.06,3981773.44
P0253,Energy,Medium,7,0.64,82434476.46,0.28,0.1,5,0.09,0.02,35367302.33,23067020.17,1402879.17,2808098.52,6739286.75
P0253,Energy,Medium,7,0.64,82434476.46,0.28,0.1,6,0.02,0.1,30073607.45,18499061.78,1610039.04,2352666.64,7203502.1
P0253,Energy,Medium,7,0.64,82434476.46,0.28,0.1,7,0.07,0.13,36988069.47,22070669.43,1552936.92,2964811.55,8217637.91
P0254,Energy,Medium,7,0.76,230893825.08,0.22,0.47,1,0.05,0.07,44844339.87,26549043.84,32914866.73,4028217.29,-22491233.09
P0254,Energy,Medium,7,0.76,230893825.08,0.22,0.47,2,0.04,0.08,97761534.75,61069968.12,3786839.56,8536225.43,19911542.49
P0254,Energy,Medium,7,0.76,230893825.08,0.22,0.47,3,0.04,0.03,81198726.16,47251129.76,9308142.23,6978198.61,18820812.39
P0254,Energy,Medium,7,0.76,230893825.08,0.22,0.47,4,0.03,0.02,100721641.0,57044988.49,15008784.72,8952583.39,16900574.55
P0254,Energy,Medium,7,0.76,230893825.08,0.22,0.47,5,0.04,0.03,95635113.24,57802667.86,6520868.64,9242668.57,22182081.13
P0254,Energy,Medium,7,0.76,230893825.08,0.22,0.47,6,0.03,-0.0,90343208.62,57347450.52,3157777.76,7422637.96,23700841.3
P0254,Energy,Medium,7,0.76,230893825.08,0.22,0.47,7,0.06,0.07,116526108.69,65001256.13,2024682.45,9746910.65,36246306.19
P0255,Healthcare,Medium,4,0.48,97475548.44,0.19,0.46,1,0.02,0.03,30820512.94,17905116.06,11517085.59,1509381.88,-2598224.9
P0255,Healthcare,Medium,4,0.48,97475548.44,0.19,0.46,2,0.09,0.12,58608870.68,33701271.43,4722882.92,3350824.2,14178205.25
P0255,Healthcare,Medium,4,0.48,97475548.44,0.19,0.46,3,0.07,0.04,60450692.08,32727676.04,1802404.36,3390047.51,21285373.79
P0255,Healthcare,Medium,4,0.48,97475548.44,0.19,0.46,4,0.06,0.05,65413308.17,36492627.51,1821199.82,3468916.34,22289237.34
P0256,Infrastructure,Medium,10,0.57,209555888.23,0.21,0.9,1,0.07,0.05,79606498.6,61562099.39,14812757.81,11176007.62,-11242782.22
P0256,Infrastructure,Medium,10,0.57,209555888.23,0.21,0.9,2,0.06,0.08,92864712.16,71763800.73,6973018.25,12956057.52,8400109.73
P0256,Infrastructure,Medium,10,0.57,209555888.23,0.21,0.9,3,0.02,0.08,105305379.01,78226433.91,6365567.74,14553283.95,13160966.77
P0256,Infrastructure,Medium,10,0.57,209555888.23,0.21,0.9,4,0.02,0.08,131367551.6,96369788.91,10688440.16,16009315.79,14879840.36
P0256,Infrastructure,Medium,10,0.57,209555888.23,0.21,0.9,5,0.09,0.09,130192054.76,95976746.62,6945241.38,17500931.14,19468603.97
P0256,Infrastructure,Medium,10,0.57,209555888.23,0.21,0.9,6,0.09,0.05,164116330.47,125454508.36,10669072.12,22209840.11,14696492.32
P0256,Infrastructure,Medium,10,0.57,209555888.23,0.21,0.9,7,0.06,0.06,122612547.02,84354390.26,9029865.16,16772741.51,26636634.32
P0256,Infrastructure,Medium,10,0.57,209555888.23,0.21,0.9,8,0.08,0.07,105023640.65,82963394.37,4537846.76,14156926.99,15515291.63
P0256,Infrastructure,Medium,10,0.57,209555888.23,0.21,0.9,9,0.04,0.03,116411756.36,84540899.32,8166694.05,15928981.18,15239179.74
P0256,Infrastructure,Medium,10,0.57,209555888.23,0.21,0.9,10,0.06,0.11,144335827.37,109827391.81,1045804.04,17693153.34,24884779.96
P0257,Technology,Large,6,0.42,27777873.34,0.25,0.54,1,0.03,0.07,13828472.28,8330074.25,1791199.11,1317629.31,943473.87
P0257,Technology,Large,6,0.42,27777873.34,0.25,0.54,2,0.06,-0.02,22693264.96,14458563.68,971970.33,2050332.31,4366461.65
P0257,Technology,Large,6,0.42,27777873.34,0.25,0.54,3,0.04,0.04,23673692.99,14553628.11,1202110.61,2040075.24,5775433.48
P0257,Technology,Large,6,0.42,27777873.34,0.25,0.54,4,0.05,-0.0,22854128.11,14384392.31,438977.13,2010850.16,5927413.73
P0257,Technology,Large,6,0.42,27777873.34,0.25,0.54,5,0.05,0.01,22394653.51,14501979.75,1536442.54,2203609.09,4618237.7
P0257,Technology,Large,6,0.42,27777873.34,0.25,0.54,6,0.05,0.04,29631448.97,18683351.11,567239.7,2493672.44,7114195.56
P0258,Technology,Large,6,0.57,30622667.69,0.24,0.58,1,0.07,0.06,13061273.41,8446444.25,1789731.16,794062.97,947896.93
P0258,Technology,Large,6,0.57,30622667.69,0.24,0.58,2,0.05,0.07,22336220.36,12064836.31,1329392.71,1464741.1,5970747.44
P0258,Technology,Large,6,0.57,30622667.69,0.24,0.58,3,0.05,0.11,31460070.33,17171037.33,824572.26,1902591.92,9547940.59
P0258,Technology,Large,6,0.57,30622667.69,0.24,0.58,4,0.03,0.07,22129011.46,12080902.05,1438249.46,1497857.99,6031232.71
P0258,Technology,Large,6,0.57,30622667.69,0.24,0.58,5,0.04,0.08,37465266.47,21312482.98,888064.36,2355345.62,10979577.38
P0258,Technology,Large,6,0.57,30622667.69,0.24,0.58,6,0.09,-0.01,30578102.69,18464821.72,482518.13,2029583.48,9468883.52
P0259,Energy,Large,8,0.5,196149090.83,0.21,0.23,1,0.03,0.15,54913118.21,34354506.92,13413925.38,5626995.53,-2707920.78
P0259,Energy,Large,8,0.5,196149090.83,0.21,0.23,2,0.06,0.02,60823632.48,43016125.12,4552070.37,6977509.57,7480639.47
P0259,Energy,Large,8,0.5,196149090.83,0.21,0.23,3,0.07,0.03,77015665.32,54675431.23,7172298.64,8258323.55,9120347.31
P0259,Energy,Large,8,0.5,196149090.83,0.21,0.23,4,0.08,0.08,71048214.53,50949301.96,6668680.84,6984395.88,10780592.48
P0259,Energy,Large,8,0.5,196149090.83,0.21,0.23,5,0.08,0.06,85281158.12,55183503.67,3190024.63,10287637.95,17616795.99
P0259,Energy,Large,8,0.5,196149090.83,0.21,0.23,6,0.05,0.03,82368246.27,58610088.53,11100660.83,9000696.03,8733450.55
P0259,Energy,Large,8,0.5,196149090.83,0.21,0.23,7,0.06,0.1,83737651.23,56650531.31,9742615.79,9296354.79,11770197.36
P0259,Energy,Large,8,0.5,196149090.83,0.21,0.23,8,0.08,0.08,88279567.96,64717562.26,835843.86,10812761.13,16564249.73
P0260,Infrastructure,Small,3,0.45,188999896.05,0.24,0.55,1,0.05,0.03,51954567.35,26109210.17,25272222.38,3544760.6,-8909259.12
P0260,Infrastructure,Small,3,0.45,188999896.05,0.24,0.55,2,0.04,0.06,62056412.74,30876851.04,8773917.2,4239576.87,14760238.58
P0260,Infrastructure,Small,3,0.45,188999896.05,0.24,0.55,3,0.06,-0.01,75367309.26,38253762.76,846869.23,5276507.41,26513019.03
P0261,Infrastructure,Small,8,0.3,147328795.85,0.2,0.4,1,0.04,0.05,41203514.01,28590072.2,8091831.4,4743152.05,-2598434.47
P0261,Infrastructure,Small,8,0.3,147328795.85,0.2,0.4,2,0.06,0.05,63558055.59,45348970.68,2973406.74,7967702.51,8409266.59
P0261,Infrastructure,Small,8,0.3,147328795.85,0.2,0.4,3,0.05,0.02,81182376.67,60342152.56,1926053.79,9913673.49,12920111.67
P0261,Infrastructure,Small,8,0.3,147328795.85,0.2,0.4,4,0.02,0.02,81551022.75,57423908.49,4637931.72,10286371.27,15196044.77
P0261,Infrastructure,Small,8,0.3,147328795.85,0.2,0.4,5,0.05,0.03,83578441.18,54479860.49,8391746.67,10900686.09,15072024.87
P0261,Infrastructure,Small,8,0.3,147328795.85,0.2,0.4,6,0.06,0.02,82774869.02,60213378.33,2236840.57,9974909.62,15942661.98
P0261,Infrastructure,Small,8,0.3,147328795.85,0.2,0.4,7,0.05,0.04,87222830.05,62811445.29,5058141.03,10976554.38,14138623.7
P0261,Infrastructure,Small,8,0.3,147328795.85,0.2,0.4,8,0.06,0.09,102105312.19,68374169.39,1030910.15,12209369.26,24474074.44
P0262,Healthcare,Small,4,0.59,63833332.84,0.23,0.3,1,0.06,0.09,15456347.68,9636925.2,8472803.2,693480.3,-4586004.36
P0262,Healthcare,Small,4,0.59,63833332.84,0.23,0.3,2,0.06,0.03,20874908.23,14716262.69,985247.68,981984.08,3542529.17
P0262,Healthcare,Small,4,0.59,63833332.84,0.23,0.3,3,0.05,0.02,31826622.08,24076478.91,1239850.92,1354808.43,4451955.4
P0262,Healthcare,Small,4,0.59,63833332.84,0.23,0.3,4,0.05,0.05,26746103.75,19223493.34,1101716.98,1291882.36,4582393.89
P0263,Real Estate,Medium,7,0.47,179850565.1,0.29,0.55,1,0.03,0.0,27607988.6,13740837.17,10352582.38,2082533.46,-2699055.16
P0263,Real Estate,Medium,7,0.47,179850565.1,0.29,0.55,2,0.07,0.03,46434643.56,25739736.48,8629012.64,3412120.97,4962823.12
P0263,Real Estate,Medium,7,0.47,179850565.1,0.29,0.55,3,0.08,0.08,63675940.89,33649704.58,8150792.79,4836449.5,12015454.55
P0263,Real Estate,Medium,7,0.47,179850565.1,0.29,0.55,4,0.08,0.06,60226309.31,34318738.93,4280363.38,4509156.58,14041486.06
P0263,Real Estate,Medium,7,0.47,179850565.1,0.29,0.55,5,0.07,0.01,68665958.12,35192660.0,10608060.4,4819860.47,12773080.85
P0263,Real Estate,Medium,7,0.47,179850565.1,0.29,0.55,6,0.04,0.09,71884063.56,39310156.85,8522634.27,4859338.49,14197816.18
P0263,Real Estate,Medium,7,0.47,179850565.1,0.29,0.55,7,0.03,0.05,68499567.94,36917070.23,2355040.99,4976055.45,19195140.39
P0264,Real Estate,Small,9,0.66,152291517.1,0.21,0.48,1,0.09,0.0,58581008.47,35362862.36,15504606.8,6698477.13,-3796957.19
P0264,Real Estate,Small,9,0.66,152291517.1,0.21,0.48,2,0.05,-0.01,77838189.56,43504254.06,5461814.81,9279613.3,19482744.43
P0264,Real Estate,Small,9,0.66,152291517.1,0.21,0.48,3,0.06,0.07,81202909.77,50616863.6,2115004.39,9724634.23,21011629.23
P0264,Real Estate,Small,9,0.66,152291517.1,0.21,0.48,4,0.05,0.07,86658086.07,49216626.54,2943960.64,10136162.33,27962450.29
P0264,Real Estate,Small,9,0.66,152291517.1,0.21,0.48,5,0.05,0.1,89148249.84,47882528.09,6664948.12,10589343.62,27725825.33
P0264,Real Estate,Small,9,0.66,152291517.1,0.21,0.48,6,0.06,0.08,96417005.67,57891351.76,4062768.63,11180309.83,26384813.67
P0264,Real Estate,Small,9,0.66,152291517.1,0.21,0.48,7,0.04,0.06,107153203.74,64182457.96,4775622.07,12318976.2,26129387.94
P0264,Real Estate,Small,9,0.66,152291517.1,0.21,0.48,8,0.07,0.13,107382605.98,68947950.12,1901465.12,11398954.96,28875298.75
P0264,Real Estate,Small,9,0.66,152291517.1,0.21,0.48,9,0.06,0.09,93201234.11,57885958.45,1507776.07,9851011.37,27878196.46
P0265,Healthcare,Small,5,0.31,15130655.54,0.19,0.69,1,0.07,0.04,6464118.35,4803749.92,1456404.97,533067.2,-663026.18
P0265,Healthcare,Small,5,0.31,15130655.54,0.19,0.69,2,0.03,0.04,6682496.72,5299736.84,619925.74,581755.66,442376.28
P0265,Healthcare,Small,5,0.31,15130655.54,0.19,0.69,3,0.05,0.05,8570885.76,6200723.49,334537.92,608544.11,1554318.56
P0265,Healthcare,Small,5,0.31,15130655.54,0.19,0.69,4,0.05,-0.01,9291452.29,6621847.49,224173.13,733457.9,1799617.88
P0265,Healthcare,Small,5,0.31,15130655.54,0.19,0.69,5,0.09,0.06,10386154.16,7786692.65,348477.4,791496.05,1695284.18
P0266,Manufacturing,Small,3,0.38,56716186.0,0.25,0.4,1,0.08,0.02,15822403.83,10102582.68,4939590.37,1375828.65,-2060898.44
P0266,Manufacturing,Small,3,0.38,56716186.0,0.25,0.4,2,0.07,0.06,24366575.05,15641343.42,2746329.36,1885614.55,3171489.74
P0266,Manufacturing,Small,3,0.38,56716186.0,0.25,0.4,3,0.06,0.01,28090586.68,17433155.36,779213.28,2236689.18,6653158.51
P0267,Energy,Medium,8,0.29,132883539.54,0.29,0.41,1,0.05,0.03,28071121.19,13530898.74,13478640.1,2528978.4,-6118616.7
P0267,Energy,Medium,8,0.29,132883539.54,0.29,0.41,2,0.06,0.1,47582211.52,27712761.43,4798020.09,4626239.06,7236837.77
P0267,Energy,Medium,8,0.29,132883539.54,0.29,0.41,3,0.06,0.05,52593010.21,29906658.9,5036922.06,4933185.95,10987975.48
P0267,Energy,Medium,8,0.29,132883539.54,0.29,0.41,4,0.05,-0.0,54930962.98,27926805.7,6219607.5,5070443.72,12369497.57
P0267,Energy,Medium,8,0.29,132883539.54,0.29,0.41,5,0.05,0.0,48657638.63,25464027.24,5453179.57,4800238.75,11526013.79
P0267,Energy,Medium,8,0.29,132883539.54,0.29,0.41,6,0.04,0.06,55840468.8,31381444.21,5825683.66,4998646.81,11350883.42
P0267,Energy,Medium,8,0.29,132883539.54,0.29,0.41,7,0.06,-0.03,61238727.35,32223926.59,3568427.79,5748030.02,16682193.69
P0267,Energy,Medium,8,0.29,132883539.54,0.29,0.41,8,0.06,0.04,64757813.5,37273256.93,2415756.71,7145486.91,15867156.33
P0268,Manufacturing,Medium,4,0.57,86575962.9,0.31,0.43,1,0.08,0.07,33332877.7,21536052.16,5818179.39,3386814.89,-1042410.33
P0268,Manufacturing,Medium,4,0.57,86575962.9,0.31,0.43,2,0.08,0.05,58263412.11,37066465.06,1324966.26,6920813.02,9644196.88
P0268,Manufacturing,Medium,4,0.57,86575962.9,0.31,0.43,3,0.08,0.05,70988793.06,43846893.06,1778336.28,7435408.37,17093384.7
P0268,Manufacturing,Medium,4,0.57,86575962.9,0.31,0.43,4,0.06,0.01,77962881.18,47895072.02,855087.44,7247121.16,19011427.21
P0269,Healthcare,Medium,5,0.41,43843201.3,0.26,0.4,1,0.05,0.05,14969238.99,9157045.32,6404266.69,681089.83,-2683970.08
P0269,Healthcare,Medium,5,0.41,43843201.3,0.26,0.4,2,0.02,0.1,23708828.28,13659436.42,883271.73,1045137.03,6158235.38
P0269,Healthcare,Medium,5,0.41,43843201.3,0.26,0.4,3,0.06,0.04,30945753.11,18423380.05,1232496.89,1373456.79,7518080.36
P0269,Healthcare,Medium,5,0.41,43843201.3,0.26,0.4,4,0.08,0.03,26083431.48,15876113.39,1739644.22,1133443.45,6475183.4
P0269,Healthcare,Medium,5,0.41,43843201.3,0.26,0.4,5,0.06,0.04,22006392.58,13090608.54,531325.77,1042498.63,6142313.82
P0270,Healthcare,Medium,4,0.44,41881752.52,0.23,0.38,1,0.07,0.05,14681561.15,7873823.42,3221103.25,1305263.92,725539.84
P0270,Healthcare,Medium,4,0.44,41881752.52,0.23,0.38,2,0.08,-0.0,16925601.0,8963151.65,2035779.91,1358450.17,4105629.92
P0270,Healthcare,Medium,4,0.44,41881752.52,0.23,0.38,3,0.04,0.05,20142495.34,11680523.4,1103315.27,1588627.84,5155315.73
P0270,Healthcare,Medium,4,0.44,41881752.52,0.23,0.38,4,0.07,-0.02,17304803.96,9626533.95,744327.2,1426865.71,5237061.86
P0271,Infrastructure,Medium,7,0.95,223385117.4,0.25,0.31,1,0.05,0.03,31430130.07,23375336.2,24698798.02,1905015.51,-19432405.66
P0271,Infrastructure,Medium,7,0.95,223385117.4,0.25,0.31,2,0.03,0.08,38996610.05,25722031.36,12481909.87,2299170.96,-3060614.69
P0271,Infrastructure,Medium,7,0.95,223385117.4,0.25,0.31,3,0.07,0.01,42422966.37,32050425.81,9938404.54,2640429.58,-2608831.42
P0271,Infrastructure,Medium,7,0.95,223385117.4,0.25,0.31,4,0.04,0.04,56206486.95,35144649.62,3942983.59,3260000.67,11677989.63
P0271,Infrastructure,Medium,7,0.95,223385117.4,0.25,0.31,5,0.07,0.1,52056424.75,37384606.89,3405344.33,3004770.54,8262999.65
P0271,Infrastructure,Medium,7,0.95,223385117.4,0.25,0.31,6,0.05,0.06,51334253.92,37033009.46,4607470.22,2851707.37,6205829.24
P0271,Infrastructure,Medium,7,0.95,223385117.4,0.25,0.31,7,0.08,0.08,55404947.68,41263605.61,3144946.31,3446138.66,6756914.15
P0272,Technology,Medium,8,0.36,9769131.6,0.24,0.31,1,0.04,0.1,4982949.08,2059426.55,1095590.75,656308.96,446513.22
P0272,Technology,Medium,8,0.36,9769131.6,0.24,0.31,2,0.07,0.05,7350589.77,3074704.94,315773.77,930488.51,2708394.46
P0272,Technology,Medium,8,0.36,9769131.6,0.24,0.31,3,0.05,0.09,8522831.14,3543426.09,382053.56,1038934.99,3230931.3
P0272,Technology,Medium,8,0.36,9769131.6,0.24,0.31,4,0.09,0.03,8724946.48,3853468.04,419375.04,968503.04,3143218.82
P0272,Technology,Medium,8,0.36,9769131.6,0.24,0.31,5,0.06,0.01,9732419.33,4036249.18,198237.63,1101965.32,3970457.9
P0272,Technology,Medium,8,0.36,9769131.6,0.24,0.31,6,0.04,0.06,9104617.1,3693334.37,170994.86,1064752.6,3876851.76
P0272,Technology,Medium,8,0.36,9769131.6,0.24,0.31,7,0.06,0.02,9703636.72,3958991.94,392032.33,1147155.68,3774770.38
P0272,Technology,Medium,8,0.36,9769131.6,0.24,0.31,8,0.07,0.04,9957614.53,3880497.71,49950.2,1168100.27,4718873.03
P0273,Real Estate,Medium,4,0.95,105060077.0,0.25,0.42,1,0.04,0.04,13563772.36,8019252.97,7908138.98,671626.86,-4189793.3
P0273,Real Estate,Medium,4,0.95,105060077.0,0.25,0.42,2,0.06,0.11,17408870.76,10599463.71,6349941.14,966951.43,-1568694.72
P0273,Real Estate,Medium,4,0.95,105060077.0,0.25,0.42,3,0.02,0.03,21991702.73,12898348.86,7101260.04,1158391.45,-506223.01
P0273,Real Estate,Medium,4,0.95,105060077.0,0.25,0.42,4,0.07,0.03,27906652.54,15954779.04,902052.72,1693113.43,7241709.12
P0274,Technology,Medium,6,0.6,38109832.99,0.26,0.26,1,0.05,0.15,20151170.46,12349874.53,3365939.25,1461498.1,1001578.71
P0274,Technology,Medium,6,0.6,38109832.99,0.26,0.26,2,0.06,0.11,23842532.18,13989850.61,526725.58,1797183.62,6643143.68
P0274,Technology,Medium,6,0.6,38109832.99,0.26,0.26,3,0.06,0.05,25192901.78,15390402.75,1184141.6,1939217.05,6183476.06
P0274,Technology,Medium,6,0.6,38109832.99,0.26,0.26,4,0.03,0.08,27248902.93,16926678.43,1734878.87,1925636.18,5866927.11
P0274,Technology,Medium,6,0.6,38109832.99,0.26,0.26,5,0.04,0.04,31593698.87,18723807.54,1394722.24,2334653.48,7713900.58
P0274,Technology,Medium,6,0.6,38109832.99,0.26,0.26,6,0.05,0.07,29365064.48,16694671.37,273729.89,2078097.52,8942151.33
P0275,Real Estate,Small,8,0.57,80933845.61,0.21,0.1,1,0.08,0.07,35955020.78,25588831.19,8749301.11,1907953.15,-2517610.85
P0275,Real Estate,Small,8,0.57,80933845.61,0.21,0.1,2,0.06,0.04,46606858.9,31457555.73,3249928.08,2443522.21,8850961.83
P0275,Real Estate,Small,8,0.57,80933845.61,0.21,0.1,3,0.05,0.06,67119210.89,41839865.84,2878742.28,3387223.39,16064840.77
P0275,Real Estate,Small,8,0.57,80933845.61,0.21,0.1,4,0.05,0.02,61481289.52,38919376.3,4450587.82,3152790.44,13985263.64
P0275,Real Estate,Small,8,0.57,80933845.61,0.21,0.1,5,0.06,0.04,62777068.41,40154580.26,2038521.57,2890662.46,15968901.74
P0275,Real Estate,Small,8,0.57,80933845.61,0.21,0.1,6,0.06,0.12,69728646.82,44778356.18,3341785.8,3459286.25,16809363.13
P0275,Real Estate,Small,8,0.57,80933845.61,0.21,0.1,7,0.05,0.07,70573692.99,42271060.19,3754262.17,3581354.91,18755677.19
P0275,Real Estate,Small,8,0.57,80933845.61,0.21,0.1,8,0.05,0.12,73237591.68,48299221.92,992677.81,3846719.97,17051941.87
P0276,Real Estate,Medium,10,0.6,20102263.27,0.18,0.68,1,0.05,0.03,4750408.68,3026012.39,2213003.73,474384.76,-1247677.55
P0276,Real Estate,Medium,10,0.6,20102263.27,0.18,0.68,2,0.06,0.05,5309269.63,3909735.96,388958.29,517859.13,674203.42
P0276,Real Estate,Medium,10,0.6,20102263.27,0.18,0.68,3,0.06,0.07,8553556.75,5698912.76,1126420.16,832317.51,878418.35
P0276,Real Estate,Medium,10,0.6,20102263.27,0.18,0.68,4,0.08,0.06,8836889.05,6353027.29,1034873.24,850975.86,996629.45
P0276,Real Estate,Medium,10,0.6,20102263.27,0.18,0.68,5,0.05,-0.01,7764756.34,5766823.99,232814.53,707472.61,1614395.41
P0276,Real Estate,Medium,10,0.6,20102263.27,0.18,0.68,6,0.03,0.13,9115646.93,6184820.23,700983.13,837529.99,1500368.56
P0276,Real Estate,Medium,10,0.6,20102263.27,0.18,0.68,7,0.05,0.03,8289724.32,6074096.18,1018877.02,810869.14,786700.52
P0276,Real Estate,Medium,10,0.6,20102263.27,0.18,0.68,8,0.07,0.1,8146167.92,5945192.39,839900.8,769217.02,963085.89
P0276,Real Estate,Medium,10,0.6,20102263.27,0.18,0.68,9,0.06,0.04,6591359.71,4523683.51,920251.61,667094.36,865468.53
P0276,Real Estate,Medium,10,0.6,20102263.27,0.18,0.68,10,0.05,0.06,9498082.47,6951471.94,226229.01,890555.96,1644624.97
P0277,Technology,Medium,6,0.22,13485571.9,0.24,0.44,1,0.04,0.08,5698188.9,2540389.71,800246.68,594181.79,1015768.04
P0277,Technology,Medium,6,0.22,13485571.9,0.24,0.44,2,0.07,-0.0,6085813.44,2464815.13,232412.74,632953.31,2443119.8
P0277,Technology,Medium,6,0.22,13485571.9,0.24,0.44,3,0.04,0.04,7237081.69,3201837.94,615961.28,805649.19,2229704.28
P0277,Technology,Medium,6,0.22,13485571.9,0.24,0.44,4,0.07,0.01,8604127.21,3570618.52,213529.84,842080.08,3614439.4
P0277,Technology,Medium,6,0.22,13485571.9,0.24,0.44,5,0.07,0.04,9381838.76,3888669.21,437494.66,1012252.92,3503823.61
P0277,Technology,Medium,6,0.22,13485571.9,0.24,0.44,6,0.04,0.07,12034375.52,5301675.77,333224.01,1362405.65,4646583.82
P0278,Manufacturing,Small,10,0.54,40130096.05,0.24,0.58,1,0.05,0.0,10767377.51,9076884.92,5968178.31,816202.77,-5222498.86
P0278,Manufacturing,Small,10,0.54,40130096.05,0.24,0.58,2,0.04,0.01,14593929.41,12119460.21,1013097.44,1041616.61,632640.4
P0278,Manufacturing,Small,10,0.54,40130096.05,0.24,0.58,3,0.05,0.05,20006895.32,17246525.11,1043263.42,1590013.88,509101.42
P0278,Manufacturing,Small,10,0.54,40130096.05,0.24,0.58,4,0.1,0.07,23992935.67,20881492.05,2053018.05,1728400.33,178191.5
P0278,Manufacturing,Small,10,0.54,40130096.05,0.24,0.58,5,0.04,0.12,19992421.9,16661708.78,2019690.13,1516760.61,710028.35
P0278,Manufacturing,Small,10,0.54,40130096.05,0.24,0.58,6,0.02,0.07,20603153.77,16749392.75,630101.63,1440517.5,2361031.08
P0278,Manufacturing,Small,10,0.54,40130096.05,0.24,0.58,7,0.03,0.08,21249054.81,17770149.55,1183159.19,1616929.08,1399905.71
P0278,Manufacturing,Small,10,0.54,40130096.05,0.24,0.58,8,0.08,-0.0,18679451.94,15206234.74,924521.88,1324417.92,1974744.88
P0278,Manufacturing,Small,10,0.54,40130096.05,0.24,0.58,9,0.05,0.01,19047779.1,16020634.06,2300577.11,1536863.64,-205935.78
P0278,Manufacturing,Small,10,0.54,40130096.05,0.24,0.58,10,0.04,0.03,22905605.29,20036353.76,368423.69,1568322.91,1738337.34
P0279,Manufacturing,Large,4,0.55,120478563.9,0.29,0.51,1,0.02,0.1,34193837.98,22967773.83,15892309.72,2113005.2,-10191373.94
P0279,Manufacturing,Large,4,0.55,120478563.9,0.29,0.51,2,0.04,0.07,53577954.12,35807310.72,3978236.36,3302068.44,7328440.44
P0279,Manufacturing,Large,4,0.55,120478563.9,0.29,0.51,3,0.06,0.13,73948329.96,48506295.2,1653630.64,4492979.31,16038532.09
P0279,Manufacturing,Large,4,0.55,120478563.9,0.29,0.51,4,0.06,0.02,71163165.56,51115690.66,1987687.0,4213200.59,11969773.8
P0280,Healthcare,Small,5,0.58,89834773.42,0.28,0.42,1,0.05,0.06,39146841.0,21747147.27,13800813.53,4236616.4,-5338171.36
P0280,Healthcare,Small,5,0.58,89834773.42,0.28,0.42,2,0.04,0.09,59589743.61,37787412.93,1919532.64,6547892.86,11831367.32
P0280,Healthcare,Small,5,0.58,89834773.42,0.28,0.42,3,0.03,0.12,86241352.66,53064287.88,2400941.98,9232566.66,18238037.9
P0280,Healthcare,Small,5,0.58,89834773.42,0.28,0.42,4,0.06,0.05,87703558.41,54947868.19,5413014.99,9441434.76,17631142.54
P0280,Healthcare,Small,5,0.58,89834773.42,0.28,0.42,5,0.05,-0.02,86657586.38,51217561.73,471771.59,10032602.94,25599843.09
P0281,Infrastructure,Large,8,0.69,316513049.45,0.28,0.72,1,0.08,0.04,55726357.02,32475152.98,29307246.0,4069235.16,-17078575.01
P0281,Infrastructure,Large,8,0.69,316513049.45,0.28,0.72,2,0.03,0.07,95862321.27,54151307.67,7420100.05,7562736.34,20147739.43
P0281,Infrastructure,Large,8,0.69,316513049.45,0.28,0.72,3,0.08,0.06,114089011.14,64094686.97,19455571.2,9893168.3,13934526.97
P0281,Infrastructure,Large,8,0.69,316513049.45,0.28,0.72,4,0.06,0.04,116605844.31,64288949.49,5804844.69,9492056.35,32607548.86
P0281,Infrastructure,Large,8,0.69,316513049.45,0.28,0.72,5,0.04,0.11,122258497.96,66985026.42,15871817.37,10728238.36,23104593.75
P0281,Infrastructure,Large,8,0.69,316513049.45,0.28,0.72,6,0.09,0.1,126313403.39,70506405.99,17299506.92,10157222.94,23812683.61
P0281,Infrastructure,Large,8,0.69,316513049.45,0.28,0.72,7,0.07,0.05,123959700.55,70224040.16,8217894.76,11014144.29,30797661.95
P0281,Infrastructure,Large,8,0.69,316513049.45,0.28,0.72,8,0.09,0.09,121944593.68,69612779.52,5394426.48,9563131.68,35479201.13
P0282,Real Estate,Large,6,0.39,84200038.37,0.28,0.46,1,0.06,0.04,15970975.45,9225765.67,9457184.08,1469271.09,-6229272.63
P0282,Real Estate,Large,6,0.39,84200038.37,0.28,0.46,2,0.07,-0.02,22328066.65,12897745.3,4189320.49,2430090.93,1589279.45
P0282,Real Estate,Large,6,0.39,84200038.37,0.28,0.46,3,0.06,0.14,35443378.04,19844420.12,1328380.17,3313178.65,8854049.0
P0282,Real Estate,Large,6,0.39,84200038.37,0.28,0.46,4,0.07,0.03,31175231.58,17557661.32,2145955.99,3076385.52,7937428.8
P0282,Real Estate,Large,6,0.39,84200038.37,0.28,0.46,5,0.05,0.08,38687223.78,21727050.35,4761794.84,4506465.6,5948605.96
P0282,Real Estate,Large,6,0.39,84200038.37,0.28,0.46,6,0.05,0.03,33963934.9,20227004.14,1070397.38,3361012.55,9645857.54
P0283,Technology,Medium,7,0.57,46204578.65,0.24,0.54,1,0.06,0.07,20624398.09,10448863.38,5885920.01,1185277.13,639890.78
P0283,Technology,Medium,7,0.57,46204578.65,0.24,0.54,2,0.07,-0.01,27989621.31,13779416.24,1846905.11,1638660.43,8448441.78
P0283,Technology,Medium,7,0.57,46204578.65,0.24,0.54,3,0.09,0.11,38390216.11,19218525.35,857832.22,1870553.73,13292661.0
P0283,Technology,Medium,7,0.57,46204578.65,0.24,0.54,4,0.07,0.06,34821268.51,16945070.05,2129315.27,2064736.73,11760713.69
P0283,Technology,Medium,7,0.57,46204578.65,0.24,0.54,5,0.07,0.04,42215200.48,20609939.88,2283973.9,2466023.29,13741874.16
P0283,Technology,Medium,7,0.57,46204578.65,0.24,0.54,6,0.05,0.05,42535977.25,20755261.04,2132115.84,2535024.79,14221158.81
P0283,Technology,Medium,7,0.57,46204578.65,0.24,0.54,7,0.07,0.08,45803184.37,20610675.34,376558.22,2610959.0,19410662.93
P0284,Healthcare,Small,5,0.55,41102176.89,0.19,0.66,1,0.03,0.09,8799415.24,5801795.0,4966170.96,1110105.57,-3699004.78
P0284,Healthcare,Small,5,0.55,41102176.89,0.19,0.66,2,0.04,0.06,13598862.85,8159508.47,1252101.5,1481665.31,2780042.59
P0284,Healthcare,Small,5,0.55,41102176.89,0.19,0.66,3,0.06,0.03,17965750.0,11938565.4,603249.97,2108688.41,3650968.81
P0284,Healthcare,Small,5,0.55,41102176.89,0.19,0.66,4,0.02,0.07,17073930.65,11669590.65,1245741.05,1786313.28,3493527.13
P0284,Healthcare,Small,5,0.55,41102176.89,0.19,0.66,5,0.06,0.01,16841306.54,10531037.95,262365.93,1992665.76,4589548.98
P0285,Manufacturing,Medium,9,0.48,70749193.18,0.22,0.62,1,0.06,0.11,24490807.13,22480664.35,7536020.63,3031053.08,-8506049.55
P0285,Manufacturing,Medium,9,0.48,70749193.18,0.22,0.62,2,0.08,0.08,32745347.21,27247588.12,2444616.55,3810542.91,1065787.45
P0285,Manufacturing,Medium,9,0.48,70749193.18,0.22,0.62,3,0.06,0.02,33518981.87,28186138.71,3498233.3,3639308.93,813324.25
P0285,Manufacturing,Medium,9,0.48,70749193.18,0.22,0.62,4,0.07,0.05,47620746.69,48506140.53,1810756.71,5858067.26,-4959036.59
P0285,Manufacturing,Medium,9,0.48,70749193.18,0.22,0.62,5,0.03,0.06,36593014.81,32861055.78,1793015.54,3845581.13,3132331.64
P0285,Manufacturing,Medium,9,0.48,70749193.18,0.22,0.62,6,0.06,-0.01,40256334.5,36781344.09,3125480.45,4238138.96,-795422.95
P0285,Manufacturing,Medium,9,0.48,70749193.18,0.22,0.62,7,0.05,0.02,37110885.8,33231527.17,1485268.58,4563503.52,1257830.57
P0285,Manufacturing,Medium,9,0.48,70749193.18,0.22,0.62,8,0.08,0.06,47667573.91,44465388.91,3791416.48,5743816.38,-2534136.4
P0285,Manufacturing,Medium,9,0.48,70749193.18,0.22,0.62,9,0.04,0.02,32613532.55,28809798.15,1323241.32,4102569.37,3140639.38
P0286,Real Estate,Small,5,0.64,117678660.29,0.24,0.38,1,0.07,0.02,28589908.82,15658124.46,16251852.54,2477716.47,-9362286.05
P0286,Real Estate,Small,5,0.64,117678660.29,0.24,0.38,2,0.04,0.08,48545885.53,29444161.25,5152928.48,4410699.26,6985748.12
P0286,Real Estate,Small,5,0.64,117678660.29,0.24,0.38,3,0.05,0.13,65358376.59,34485322.5,4099550.62,6247377.99,17810215.35
P0286,Real Estate,Small,5,0.64,117678660.29,0.24,0.38,4,0.06,0.06,65692345.31,37841315.47,2706533.67,5812833.74,19066197.69
P0286,Real Estate,Small,5,0.64,117678660.29,0.24,0.38,5,0.08,0.04,61006872.28,31647640.94,1148463.9,5239635.65,23511942.57
P0287,Technology,Medium,7,0.36,54117886.66,0.29,0.75,1,0.07,0.06,21778390.98,11989712.15,7665765.25,2025816.7,-2944011.4
P0287,Technology,Medium,7,0.36,54117886.66,0.29,0.75,2,0.07,0.06,27727622.23,16447563.5,832307.14,2484872.66,6694243.84
P0287,Technology,Medium,7,0.36,54117886.66,0.29,0.75,3,0.03,0.09,42407492.89,24243994.15,722610.77,3980494.73,10625543.13
P0287,Technology,Medium,7,0.36,54117886.66,0.29,0.75,4,0.08,0.06,36289716.66,20765425.75,1067836.39,3623028.82,10980091.81
P0287,Technology,Medium,7,0.36,54117886.66,0.29,0.75,5,0.06,0.01,39604075.12,20204491.41,877089.39,3583406.18,11877591.81
P0287,Technology,Medium,7,0.36,54117886.66,0.29,0.75,6,0.05,0.09,39493304.14,20088841.19,2186401.55,3515698.16,11497950.18
P0287,Technology,Medium,7,0.36,54117886.66,0.29,0.75,7,0.05,0.12,41837799.74,22527604.62,704968.08,3893834.51,12387083.8
P0288,Manufacturing,Small,3,0.67,25209392.7,0.26,0.43,1,0.1,0.03,6969883.75,4850784.59,1662657.44,430786.9,-549753.41
P0288,Manufacturing,Small,3,0.67,25209392.7,0.26,0.43,2,0.07,0.05,14672421.0,10879638.37,1685384.57,881447.68,697716.18
P0288,Manufacturing,Small,3,0.67,25209392.7,0.26,0.43,3,0.06,0.12,16155911.05,11504339.44,126851.45,997961.52,3143630.79
P0289,Manufacturing,Medium,8,0.36,55564797.35,0.28,0.17,1,0.09,0.04,20387679.05,18432345.54,5019785.82,2133383.7,-5339664.67
P0289,Manufacturing,Medium,8,0.36,55564797.35,0.28,0.17,2,0.04,0.03,26707064.94,19094155.14,2450766.45,3063156.99,2134309.62
P0289,Manufacturing,Medium,8,0.36,55564797.35,0.28,0.17,3,0.08,0.04,36144275.63,30417039.98,1966032.62,3941348.48,1303551.02
P0289,Manufacturing,Medium,8,0.36,55564797.35,0.28,0.17,4,0.09,0.05,33896677.2,24720620.49,2413208.78,3587365.17,4586487.98
P0289,Manufacturing,Medium,8,0.36,55564797.35,0.28,0.17,5,0.09,0.07,36190526.18,28362424.26,914637.14,4231712.28,3929041.16
P0289,Manufacturing,Medium,8,0.36,55564797.35,0.28,0.17,6,0.05,0.06,33710660.15,26933328.58,1091560.07,3843801.7,4218065.79
P0289,Manufacturing,Medium,8,0.36,55564797.35,0.28,0.17,7,0.06,0.1,46512478.37,36056219.95,1992118.61,4969010.59,4040105.45
P0289,Manufacturing,Medium,8,0.36,55564797.35,0.28,0.17,8,0.04,0.07,37316696.79,29722967.75,313001.3,4291893.58,5616297.69
P0290,Healthcare,Small,5,0.68,8874804.64,0.23,0.76,1,0.06,0.08,2079917.28,1294766.48,1036104.81,234446.28,-666610.23
P0290,Healthcare,Small,5,0.68,8874804.64,0.23,0.76,2,0.06,0.08,2824833.43,1799143.66,355410.85,277588.21,408900.1
P0290,Healthcare,Small,5,0.68,8874804.64,0.23,0.76,3,0.07,0.11,4373782.92,2985218.93,191728.03,418734.87,740253.25
P0290,Healthcare,Small,5,0.68,8874804.64,0.23,0.76,4,0.08,0.0,4514670.23,3297140.58,305512.02,510756.94,513441.35
P0290,Healthcare,Small,5,0.68,8874804.64,0.23,0.76,5,0.07,0.01,3786103.63,2596931.42,176330.34,353888.34,930177.17
P0291,Technology,Medium,8,0.59,10653873.29,0.27,0.22,1,0.07,0.04,4238355.91,1831265.09,700113.36,326383.72,740594.99
P0291,Technology,Medium,8,0.59,10653873.29,0.27,0.22,2,0.05,0.08,5443065.9,2349178.76,310773.07,392826.84,1897598.0
P0291,Technology,Medium,8,0.59,10653873.29,0.27,0.22,3,0.04,0.07,6941414.01,3420679.76,370331.4,503950.92,2115966.98
P0291,Technology,Medium,8,0.59,10653873.29,0.27,0.22,4,0.04,0.02,6205355.02,2613093.63,195422.94,450415.94,2497213.48
P0291,Technology,Medium,8,0.59,10653873.29,0.27,0.22,5,0.1,0.1,8269097.27,3806122.3,230604.45,610121.3,2930725.85
P0291,Technology,Medium,8,0.59,10653873.29,0.27,0.22,6,0.06,-0.01,7530072.54,3440163.09,630680.84,563998.1,2375856.95
P0291,Technology,Medium,8,0.59,10653873.29,0.27,0.22,7,0.04,0.09,8967070.94,4043939.04,629626.28,661218.98,2751277.28
P0291,Technology,Medium,8,0.59,10653873.29,0.27,0.22,8,0.06,-0.04,7104334.65,3147939.73,170356.14,524374.47,2749888.41
P0292,Real Estate,Medium,6,0.16,101880992.31,0.23,0.45,1,0.08,0.07,20467748.13,11321942.09,10956292.06,1064260.64,-4753419.8
P0292,Real Estate,Medium,6,0.16,101880992.31,0.23,0.45,2,0.07,0.11,33593535.12,18928563.69,3038697.12,1762128.02,8008349.04
P0292,Real Estate,Medium,6,0.16,101880992.31,0.23,0.45,3,0.08,0.07,40731788.83,23414337.69,5140176.37,2139073.55,7393831.82
P0292,Real Estate,Medium,6,0.16,101880992.31,0.23,0.45,4,0.07,0.09,37541558.82,20271715.78,3823199.72,2015423.09,9624018.48
P0292,Real Estate,Medium,6,0.16,101880992.31,0.23,0.45,5,0.05,0.05,53393822.74,27493703.2,5167319.41,2802396.03,14747075.47
P0292,Real Estate,Medium,6,0.16,101880992.31,0.23,0.45,6,0.06,0.05,40872143.42,22584282.47,1570169.62,2166749.32,13085808.9
P0293,Manufacturing,Small,6,0.36,61444738.55,0.29,0.4,1,0.06,0.1,14463601.04,12117296.15,7666622.97,719981.23,-6676226.94
P0293,Manufacturing,Small,6,0.36,61444738.55,0.29,0.4,2,0.07,-0.0,23323023.63,17416285.5,2981585.11,1046184.93,907303.56
P0293,Manufacturing,Small,6,0.36,61444738.55,0.29,0.4,3,0.06,0.03,26122073.15,20481851.76,841569.21,1312921.43,2976680.71
P0293,Manufacturing,Small,6,0.36,61444738.55,0.29,0.4,4,0.06,0.09,33771462.1,25146823.16,2495705.28,1704115.83,3287902.6
P0293,Manufacturing,Small,6,0.36,61444738.55,0.29,0.4,5,0.04,0.11,30946607.54,25323651.56,2751826.23,1768858.55,1197029.54
P0293,Manufacturing,Small,6,0.36,61444738.55,0.29,0.4,6,0.04,0.01,32770953.14,26708078.24,520317.27,1584191.53,4336275.97
P0294,Energy,Large,10,0.56,319338854.46,0.23,0.53,1,0.05,0.04,151159440.68,80761008.34,44086310.0,19205484.37,-8882440.23
P0294,Energy,Large,10,0.56,319338854.46,0.23,0.53,2,0.07,0.03,172678206.18,101428707.41,16686557.7,20899184.64,39119542.65
P0294,Energy,Large,10,0.56,319338854.46,0.23,0.53,3,0.05,0.06,234708548.25,129781850.87,11728394.0,26757470.41,64740435.29
P0294,Energy,Large,10,0.56,319338854.46,0.23,0.53,4,0.05,0.08,221595304.27,115049361.23,8625384.39,28788386.8,72336282.04
P0294,Energy,Large,10,0.56,319338854.46,0.23,0.53,5,0.05,0.06,255314304.87,148069368.37,18254841.09,26216174.26,62278084.35
P0294,Energy,Large,10,0.56,319338854.46,0.23,0.53,6,0.07,0.03,232392830.35,124663707.59,10183258.8,29581807.1,68270107.94
P0294,Energy,Large,10,0.56,319338854.46,0.23,0.53,7,0.07,0.03,228435798.12,130101725.04,15693094.79,29123781.54,63751689.18
P0294,Energy,Large,10,0.56,319338854.46,0.23,0.53,8,0.08,0.03,229391446.77,130699455.53,12166350.83,28044125.23,56799558.75
P0294,Energy,Large,10,0.56,319338854.46,0.23,0.53,9,0.05,0.02,228363503.07,125694530.52,14331656.32,28315385.15,60642652.82
P0294,Energy,Large,10,0.56,319338854.46,0.23,0.53,10,0.08,0.04,199313424.43,102708134.83,2318354.71,25126917.04,75326396.21
P0295,Energy,Small,7,0.1,93096855.74,0.15,0.71,1,0.11,0.11,33577692.81,16267145.12,8774615.54,2007230.65,3723811.28
P0295,Energy,Small,7,0.1,93096855.74,0.15,0.71,2,0.09,0.06,41910431.43,18664140.16,3373783.44,2841165.45,16161633.86
P0295,Energy,Small,7,0.1,93096855.74,0.15,0.71,3,0.06,0.08,51495678.67,22007478.22,2106990.27,3577427.19,22094060.49
P0295,Energy,Small,7,0.1,93096855.74,0.15,0.71,4,0.08,0.1,54330261.85,23225152.56,5210923.95,3543793.03,20700571.9
P0295,Energy,Small,7,0.1,93096855.74,0.15,0.71,5,0.03,0.06,64562680.8,28870537.88,2058571.88,4744498.52,26568599.69
P0295,Energy,Small,7,0.1,93096855.74,0.15,0.71,6,0.03,0.08,58428975.44,24960062.0,3328573.28,4412049.3,24882891.13
P0295,Energy,Small,7,0.1,93096855.74,0.15,0.71,7,0.06,0.06,55285650.65,23202620.38,1503576.98,4111204.97,27005009.51
P0296,Technology,Medium,4,0.35,30985777.27,0.17,0.68,1,0.02,0.11,8976080.51,5524768.51,4808263.6,975055.83,-3212137.67
P0296,Technology,Medium,4,0.35,30985777.27,0.17,0.68,2,0.06,0.1,15295871.26,9678151.01,834438.79,1666397.59,3034445.93
P0296,Technology,Medium,4,0.35,30985777.27,0.17,0.68,3,0.04,0.08,20291822.98,11881984.67,1347292.49,2140577.74,5035577.25
P0296,Technology,Medium,4,0.35,30985777.27,0.17,0.68,4,0.08,0.07,19185306.37,13078821.06,308209.44,1958878.29,4920380.0
P0297,Healthcare,Small,7,0.44,20282338.26,0.28,0.32,1,0.03,0.05,7017705.74,4498892.35,2562545.74,646202.77,-1381032.64
P0297,Healthcare,Small,7,0.44,20282338.26,0.28,0.32,2,0.05,-0.0,7816860.33,4688450.87,948218.64,603600.02,1327530.8
P0297,Healthcare,Small,7,0.44,20282338.26,0.28,0.32,3,0.07,0.06,13162354.29,8400841.46,1126782.5,1175673.83,1703650.81
P0297,Healthcare,Small,7,0.44,20282338.26,0.28,0.32,4,0.02,0.04,11609060.01,7030705.34,291767.75,1028141.07,3075017.28
P0297,Healthcare,Small,7,0.44,20282338.26,0.28,0.32,5,0.04,0.03,11262705.74,7637856.97,390423.17,987433.02,2323720.24
P0297,Healthcare,Small,7,0.44,20282338.26,0.28,0.32,6,0.06,0.03,14593927.27,8670218.5,1150323.99,1275488.19,2946650.48
P0297,Healthcare,Small,7,0.44,20282338.26,0.28,0.32,7,0.11,0.03,12757975.88,8914845.01,247777.26,1145416.21,2564611.58
P0298,Healthcare,Large,6,0.78,70330020.43,0.31,0.26,1,0.06,0.06,14709381.63,8646455.76,12343652.07,1747546.6,-9947814.61
P0298,Healthcare,Large,6,0.78,70330020.43,0.31,0.26,2,0.05,0.03,23218838.35,13691161.42,3790361.47,2751849.59,1796976.2
P0298,Healthcare,Large,6,0.78,70330020.43,0.31,0.26,3,0.04,0.08,32365895.89,20269261.47,1538861.77,3820677.87,5761500.63
P0298,Healthcare,Large,6,0.78,70330020.43,0.31,0.26,4,0.08,0.05,29984256.56,18192828.53,1688380.79,2992509.08,7101302.28
P0298,Healthcare,Large,6,0.78,70330020.43,0.31,0.26,5,0.08,0.04,33426956.5,21747794.33,1742248.44,3989492.28,5439217.79
P0298,Healthcare,Large,6,0.78,70330020.43,0.31,0.26,6,0.08,0.05,31279545.26,20382692.37,867870.51,3553267.11,6833807.07
P0299,Healthcare,Medium,4,0.32,118604388.2,0.2,0.52,1,0.08,0.05,31888942.34,19498789.86,7551860.14,3980129.06,-1722470.68
P0299,Healthcare,Medium,4,0.32,118604388.2,0.2,0.52,2,0.06,0.1,45715716.18,26996519.92,4695276.51,5200228.44,9194516.87
P0299,Healthcare,Medium,4,0.32,118604388.2,0.2,0.52,3,0.03,0.06,44332387.28,25539726.94,5406299.47,5418476.61,9325507.28
P0299,Healthcare,Medium,4,0.32,118604388.2,0.2,0.52,4,0.06,0.09,56329756.33,32494916.47,1905747.03,7268918.28,14661729.94
P0300,Technology,Small,4,0.42,24936932.34,0.22,0.34,1,0.05,0.06,13915327.77,5040524.77,2481203.66,1704065.25,2856382.01
P0300,Technology,Small,4,0.42,24936932.34,0.22,0.34,2,0.07,0.09,21808465.23,8468880.51,887682.63,2515049.92,8433294.99
P0300,Technology,Small,4,0.42,24936932.34,0.22,0.34,3,0.02,0.02,20195070.03,8111318.59,1145694.53,2333792.46,8605604.82
P0300,Technology,Small,4,0.42,24936932.34,0.22,0.34,4,0.04,0.06,22611893.8,8665653.19,340398.2,2572821.08,10699844.13
P0301,Manufacturing,Small,5,0.43,44503712.6,0.21,0.54,1,0.04,0.05,17724520.31,13540649.7,2836574.23,1448161.59,-941043.61
P0301,Manufacturing,Small,5,0.43,44503712.6,0.21,0.54,2,0.05,0.06,28806554.13,20063422.3,2062609.52,2531656.34,3600955.9
P0301,Manufacturing,Small,5,0.43,44503712.6,0.21,0.54,3,0.03,0.06,32539775.26,22701470.38,1534483.57,2806110.91,5759693.7
P0301,Manufacturing,Small,5,0.43,44503712.6,0.21,0.54,4,0.04,0.08,33698300.85,22256649.63,2147221.38,2966118.46,6428549.1
P0301,Manufacturing,Small,5,0.43,44503712.6,0.21,0.54,5,0.07,0.03,43519546.36,28986191.12,861213.45,3869047.93,9831694.65
P0302,Energy,Small,8,0.58,50078997.29,0.24,0.38,1,0.06,0.07,16223165.82,11602608.57,7206950.42,1203631.45,-5031544.55
P0302,Energy,Small,8,0.58,50078997.29,0.24,0.38,2,0.06,0.05,21370578.55,15739244.65,2410683.93,1493735.3,1584229.44
P0302,Energy,Small,8,0.58,50078997.29,0.24,0.38,3,0.05,0.07,36356346.98,24906031.28,2926085.27,2565773.91,4782794.32
P0302,Energy,Small,8,0.58,50078997.29,0.24,0.38,4,0.05,0.15,38961677.16,29248659.26,1943366.33,2663690.89,5152140.44
P0302,Energy,Small,8,0.58,50078997.29,0.24,0.38,5,0.04,0.04,31581649.93,22852243.38,1755988.47,1781649.68,6013112.69
P0302,Energy,Small,8,0.58,50078997.29,0.24,0.38,6,0.05,0.09,34111374.68,23779023.74,2522829.17,2492207.01,4366321.15
P0302,Energy,Small,8,0.58,50078997.29,0.24,0.38,7,0.05,0.06,31594034.54,23240328.81,2947722.96,2162825.07,3700925.01
P0302,Energy,Small,8,0.58,50078997.29,0.24,0.38,8,0.06,0.06,29685262.06,20795577.53,977523.06,2049198.77,6009677.08
P0303,Manufacturing,Small,3,0.53,41903487.38,0.28,0.42,1,0.07,0.12,11174044.85,8854781.89,5358549.67,726434.44,-4596085.33
P0303,Manufacturing,Small,3,0.53,41903487.38,0.28,0.42,2,0.05,0.01,16300520.46,13013152.58,2137858.69,1081387.54,-141952.1
P0303,Manufacturing,Small,3,0.53,41903487.38,0.28,0.42,3,0.05,0.06,18952169.44,14630259.23,461143.39,1213663.76,2431367.42
P0304,Infrastructure,Medium,3,0.31,53444338.82,0.17,0.64,1,0.06,-0.0,12665089.65,6204915.25,2885621.24,927921.52,1550659.4
P0304,Infrastructure,Medium,3,0.31,53444338.82,0.17,0.64,2,0.06,0.02,19113985.0,10432223.24,1884343.11,1307564.94,4616345.58
P0304,Infrastructure,Medium,3,0.31,53444338.82,0.17,0.64,3,0.06,0.11,31253956.14,16314453.92,337772.22,2144532.01,11472726.07
P0305,Infrastructure,Medium,4,0.58,182610294.9,0.25,0.4,1,0.05,0.1,29642377.76,22358045.61,25275054.89,1667518.5,-22418704.07
P0305,Infrastructure,Medium,4,0.58,182610294.9,0.25,0.4,2,0.07,0.07,38426230.76,29224693.96,8714078.48,2247217.77,-2408844.12
P0305,Infrastructure,Medium,4,0.58,182610294.9,0.25,0.4,3,0.04,0.07,56143337.04,40656456.55,5775975.2,3203668.28,4773880.77
P0305,Infrastructure,Medium,4,0.58,182610294.9,0.25,0.4,4,0.02,0.03,53504715.4,37807744.59,2171186.09,3301313.41,10006016.49
P0306,Energy,Small,7,0.59,41992331.05,0.22,0.36,1,0.04,0.02,16985249.36,10666673.08,6768417.93,1514506.97,-3409288.42
P0306,Energy,Small,7,0.59,41992331.05,0.22,0.36,2,0.06,0.05,26485088.73,15990174.41,2096447.28,2414490.55,5224979.1
P0306,Energy,Small,7,0.59,41992331.05,0.22,0.36,3,0.03,0.06,29023009.19,18129073.39,1078811.96,2420046.84,7610238.77
P0306,Energy,Small,7,0.59,41992331.05,0.22,0.36,4,0.07,0.07,39179587.35,23426945.28,2071019.58,3523411.69,9237389.75
P0306,Energy,Small,7,0.59,41992331.05,0.22,0.36,5,0.06,0.06,32989618.13,21371014.2,1851581.36,3016294.24,8031468.71
P0306,Energy,Small,7,0.59,41992331.05,0.22,0.36,6,0.07,0.09,34825287.83,23208447.11,2601695.48,3004792.13,6603992.18
P0306,Energy,Small,7,0.59,41992331.05,0.22,0.36,7,0.03,0.06,33351555.07,23023954.53,621457.52,2804200.26,7433706.29
P0307,Real Estate,Small,10,0.72,125601954.7,0.27,0.52,1,0.04,0.02,41775595.28,27200643.06,11305126.8,4587399.91,-5240101.16
P0307,Real Estate,Small,10,0.72,125601954.7,0.27,0.52,2,0.03,0.04,70197937.16,49932072.31,5295579.64,7506560.55,6633884.33
P0307,Real Estate,Small,10,0.72,125601954.7,0.27,0.52,3,0.05,0.07,83173762.59,49035204.56,6979388.09,9253760.83,16127070.92
P0307,Real Estate,Small,10,0.72,125601954.7,0.27,0.52,4,0.09,0.04,61140910.46,39066915.49,1795355.37,6791879.4,16185085.71
P0307,Real Estate,Small,10,0.72,125601954.7,0.27,0.52,5,0.07,-0.0,78988979.87,49828370.28,6868562.0,7566488.82,13781475.64
P0307,Real Estate,Small,10,0.72,125601954.7,0.27,0.52,6,0.08,0.08,73712574.58,50611605.49,5060530.98,7997908.99,11441559.68
P0307,Real Estate,Small,10,0.72,125601954.7,0.27,0.52,7,0.08,0.04,78720194.68,50484484.66,4033511.44,8707173.98,16129076.77
P0307,Real Estate,Small,10,0.72,125601954.7,0.27,0.52,8,0.08,0.09,87520481.87,56030885.63,3708143.56,8484574.52,20037046.7
P0307,Real Estate,Small,10,0.72,125601954.7,0.27,0.52,9,0.09,-0.02,81488078.25,52327895.95,4714418.77,10115785.41,15134120.93
P0307,Real Estate,Small,10,0.72,125601954.7,0.27,0.52,10,0.06,0.06,76777856.28,45241562.11,1726661.43,7954604.96,23736083.68
P0308,Energy,Large,10,0.47,76862303.58,0.27,0.38,1,0.03,0.05,19652128.77,13800661.28,9443823.26,2260040.38,-7360796.54
P0308,Energy,Large,10,0.47,76862303.58,0.27,0.38,2,0.05,0.06,28871892.19,19371182.14,1764640.4,3503027.91,4195038.79
P0308,Energy,Large,10,0.47,76862303.58,0.27,0.38,3,0.02,0.14,31529485.43,20881807.89,1409364.56,2942910.38,7037176.88
P0308,Energy,Large,10,0.47,76862303.58,0.27,0.38,4,0.05,0.11,38584329.12,27881490.0,1120458.98,4219975.9,5450806.72
P0308,Energy,Large,10,0.47,76862303.58,0.27,0.38,5,0.07,0.09,31811509.78,21828767.6,3594475.48,3643822.94,4297970.23
P0308,Energy,Large,10,0.47,76862303.58,0.27,0.38,6,0.06,0.02,35505130.61,25029924.77,2632218.3,3976672.05,4920986.64
P0308,Energy,Large,10,0.47,76862303.58,0.27,0.38,7,0.05,0.09,34492754.3,23893032.02,1055921.4,3776049.82,6835955.05
P0308,Energy,Large,10,0.47,76862303.58,0.27,0.38,8,0.03,-0.01,34233065.05,20700524.56,3944555.96,3822666.67,5927609.18
P0308,Energy,Large,10,0.47,76862303.58,0.27,0.38,9,0.06,0.08,43964200.68,27473134.84,3687317.92,4964678.05,7125090.35
P0308,Energy,Large,10,0.47,76862303.58,0.27,0.38,10,0.08,0.07,42328976.59,33115200.99,1216761.08,4942038.04,5859200.98
P0309,Manufacturing,Small,10,0.35,47170507.55,0.28,0.71,1,0.06,0.04,13763949.81,8697972.34,5337179.08,664757.87,-2224210.6
P0309,Manufacturing,Small,10,0.35,47170507.55,0.28,0.71,2,0.04,0.04,20887755.19,13497709.02,1276559.28,935558.97,3660091.17
P0309,Manufacturing,Small,10,0.35,47170507.55,0.28,0.71,3,0.06,0.07,23436045.08,14927891.64,2135158.25,1218749.4,3735013.98
P0309,Manufacturing,Small,10,0.35,47170507.55,0.28,0.71,4,0.08,0.12,27424024.25,18417226.9,2043263.5,1255313.01,4447119.56
P0309,Manufacturing,Small,10,0.35,47170507.55,0.28,0.71,5,0.03,0.08,26901485.83,17064011.71,1118514.47,1457090.65,5725504.61
P0309,Manufacturing,Small,10,0.35,47170507.55,0.28,0.71,6,0.06,0.04,26692499.75,17160640.07,2154793.9,1346477.48,4630901.37
P0309,Manufacturing,Small,10,0.35,47170507.55,0.28,0.71,7,0.06,0.12,27339592.84,17637987.69,2437106.52,1354277.24,4441702.31
P0309,Manufacturing,Small,10,0.35,47170507.55,0.28,0.71,8,0.07,0.02,23529331.28,15748278.78,2565064.28,1134037.68,3151871.52
P0309,Manufacturing,Small,10,0.35,47170507.55,0.28,0.71,9,0.05,0.05,28955595.04,17683493.6,2880736.55,1272718.12,5211019.79
P0309,Manufacturing,Small,10,0.35,47170507.55,0.28,0.71,10,0.06,0.03,33229929.36,22568385.08,1079578.89,1521414.0,6389555.14
P0310,Energy,Small,6,0.58,103001249.85,0.22,0.5,1,0.04,0.06,28504592.33,11272756.25,14448067.48,2241288.6,-3291124.01
P0310,Energy,Small,6,0.58,103001249.85,0.22,0.5,2,0.09,0.06,40059339.05,16370765.97,3088748.75,2896599.66,14373853.04
P0310,Energy,Small,6,0.58,103001249.85,0.22,0.5,3,0.04,0.05,54444167.33,20982104.83,2216794.92,4360849.82,22344723.25
P0310,Energy,Small,6,0.58,103001249.85,0.22,0.5,4,0.03,0.05,55080740.85,21054242.87,5561521.71,4149177.93,20212642.08
P0310,Energy,Small,6,0.58,103001249.85,0.22,0.5,5,0.04,-0.0,55264246.28,20851582.4,5912222.83,3726554.17,20967819.24
P0310,Energy,Small,6,0.58,103001249.85,0.22,0.5,6,0.05,0.09,55092115.8,20442259.97,1615611.1,4293525.21,25489008.96
P0311,Healthcare,Large,7,0.57,72347865.3,0.2,0.49,1,0.02,0.08,28557124.83,19377150.06,8145249.15,2180397.83,-3049220.08
P0311,Healthcare,Large,7,0.57,72347865.3,0.2,0.49,2,0.08,0.04,30503415.31,20026904.51,1200223.52,2155771.9,7275264.78
P0311,Healthcare,Large,7,0.57,72347865.3,0.2,0.49,3,0.03,0.0,38648272.19,23928058.08,3503997.35,2875824.41,7492043.39
P0311,Healthcare,Large,7,0.57,72347865.3,0.2,0.49,4,0.07,0.05,49339067.76,30810149.73,4227109.96,4060818.31,9859187.3
P0311,Healthcare,Large,7,0.57,72347865.3,0.2,0.49,5,0.05,0.03,43633299.48,24265778.18,1145637.66,3283126.1,14380112.52
P0311,Healthcare,Large,7,0.57,72347865.3,0.2,0.49,6,0.06,0.07,50384773.71,29266889.41,2441843.26,3606706.27,13651694.46
P0311,Healthcare,Large,7,0.57,72347865.3,0.2,0.49,7,0.08,0.07,47458792.25,29169580.1,797582.96,3709865.92,13337817.4
P0312,Infrastructure,Medium,9,0.46,125350159.18,0.23,0.74,1,0.03,0.02,34208469.14,23436519.86,16914902.97,2159422.05,-10980120.31
P0312,Infrastructure,Medium,9,0.46,125350159.18,0.23,0.74,2,0.07,0.05,50365809.45,31984995.84,6456032.1,2804893.14,6847898.57
P0312,Infrastructure,Medium,9,0.46,125350159.18,0.23,0.74,3,0.05,0.05,54494072.37,40882572.77,7208234.96,3482259.28,2578858.99
P0312,Infrastructure,Medium,9,0.46,125350159.18,0.23,0.74,4,0.06,0.06,65585061.97,43895419.85,1396244.57,4879518.85,14082518.14
P0312,Infrastructure,Medium,9,0.46,125350159.18,0.23,0.74,5,0.07,0.04,52771052.31,33367562.54,5112409.35,3142574.9,11582973.89
P0312,Infrastructure,Medium,9,0.46,125350159.18,0.23,0.74,6,0.08,0.06,58908517.91,36153484.3,7953350.85,3619164.58,9115661.18
P0312,Infrastructure,Medium,9,0.46,125350159.18,0.23,0.74,7,0.05,0.03,57698746.27,34311606.72,5588473.53,3827535.2,12848922.11
P0312,Infrastructure,Medium,9,0.46,125350159.18,0.23,0.74,8,0.04,0.08,71678298.17,47403179.47,1938982.64,4524578.61,15541243.65
P0312,Infrastructure,Medium,9,0.46,125350159.18,0.23,0.74,9,0.06,0.06,56823824.54,37599701.92,853142.66,3204397.3,14951362.32
P0313,Energy,Medium,3,0.68,178458805.53,0.29,0.42,1,0.03,0.1,42605385.56,21851087.55,31503958.54,3442399.36,-20037587.91
P0313,Energy,Medium,3,0.68,178458805.53,0.29,0.42,2,0.06,0.1,62268193.91,29286922.67,5199468.5,5396328.02,16575140.7
P0313,Energy,Medium,3,0.68,178458805.53,0.29,0.42,3,0.05,0.01,70104770.1,39068570.6,1983055.18,5973479.7,19854395.36
P0314,Infrastructure,Medium,5,0.67,140324724.71,0.22,0.84,1,0.05,0.12,23402421.38,13740802.13,16712487.9,2303823.03,-11303380.66
P0314,Infrastructure,Medium,5,0.67,140324724.71,0.22,0.84,2,0.07,0.05,42697621.1,24225639.39,6214826.3,3986047.35,6652973.81
P0314,Infrastructure,Medium,5,0.67,140324724.71,0.22,0.84,3,0.06,0.07,49165340.34,28670538.65,4387852.84,4928219.7,10858002.69
P0314,Infrastructure,Medium,5,0.67,140324724.71,0.22,0.84,4,0.06,0.03,46688452.14,29691505.19,4555556.13,4680302.55,9009848.67
P0314,Infrastructure,Medium,5,0.67,140324724.71,0.22,0.84,5,0.07,0.05,45583814.45,26731561.58,3086330.33,4636701.6,11987529.54
P0315,Manufacturing,Medium,9,0.64,18313247.09,0.2,0.52,1,0.04,0.05,4949359.75,3386667.07,1654718.53,567016.44,-980464.37
P0315,Manufacturing,Medium,9,0.64,18313247.09,0.2,0.52,2,0.04,0.04,5280119.84,3385457.3,1008164.78,625948.82,415353.61
P0315,Manufacturing,Medium,9,0.64,18313247.09,0.2,0.52,3,0.06,0.08,8110712.55,5078217.47,654434.36,953807.65,1423196.42
P0315,Manufacturing,Medium,9,0.64,18313247.09,0.2,0.52,4,0.07,0.05,7773309.43,5302541.71,668933.71,873666.58,1283748.16
P0315,Manufacturing,Medium,9,0.64,18313247.09,0.2,0.52,5,0.04,0.05,8775786.91,5170551.68,717192.33,1028720.81,2028979.35
P0315,Manufacturing,Medium,9,0.64,18313247.09,0.2,0.52,6,0.02,0.02,9726189.05,5750219.12,590059.27,1183580.02,2391000.31
P0315,Manufacturing,Medium,9,0.64,18313247.09,0.2,0.52,7,0.06,0.07,8182945.22,5337537.06,418482.66,1018568.46,2057465.59
P0315,Manufacturing,Medium,9,0.64,18313247.09,0.2,0.52,8,0.07,0.05,7644568.12,5198507.27,540837.71,863114.52,1574595.45
P0315,Manufacturing,Medium,9,0.64,18313247.09,0.2,0.52,9,0.08,0.07,8465090.55,5342345.26,367814.63,927938.94,1992261.75
P0316,Technology,Small,6,0.95,43601875.45,0.27,0.57,1,0.05,-0.02,7152507.64,4864507.77,3136440.01,457812.71,-1889309.88
P0316,Technology,Small,6,0.95,43601875.45,0.27,0.57,2,0.11,0.1,13116117.26,8675344.91,2233260.17,839396.42,647108.7
P0316,Technology,Small,6,0.95,43601875.45,0.27,0.57,3,0.05,0.03,13992016.67,9688498.94,2756449.09,868129.09,358890.41
P0316,Technology,Small,6,0.95,43601875.45,0.27,0.57,4,0.04,0.04,13130933.38,8740069.23,2561985.62,884495.75,624110.68
P0316,Technology,Small,6,0.95,43601875.45,0.27,0.57,5,0.08,0.02,13922572.14,10138013.02,1078355.31,866185.86,1715985.92
P0316,Technology,Small,6,0.95,43601875.45,0.27,0.57,6,0.08,0.12,16134678.4,10683393.34,359495.54,1031836.55,3484816.44
P0317,Manufacturing,Medium,8,0.29,59129214.97,0.26,0.81,1,0.07,0.04,15275850.94,13480803.74,4309495.75,1286044.88,-4144428.68
P0317,Manufacturing,Medium,8,0.29,59129214.97,0.26,0.81,2,0.03,0.06,21116239.25,18445955.67,1122659.59,1718417.79,434518.71
P0317,Manufacturing,Medium,8,0.29,59129214.97,0.26,0.81,3,0.05,0.04,22801939.22,22087478.07,1179474.83,1820750.38,-751773.48
P0317,Manufacturing,Medium,8,0.29,59129214.97,0.26,0.81,4,0.07,0.06,29175501.53,26761897.31,1989079.97,2389014.37,-754358.36
P0317,Manufacturing,Medium,8,0.29,59129214.97,0.26,0.81,5,0.05,0.04,33048996.19,25774386.95,2555504.21,2655801.66,2636595.16
P0317,Manufacturing,Medium,8,0.29,59129214.97,0.26,0.81,6,0.08,0.01,25342141.57,23287958.86,1180832.87,2210700.43,786754.03
P0317,Manufacturing,Medium,8,0.29,59129214.97,0.26,0.81,7,0.06,-0.0,24783277.98,23587160.24,3237826.54,2090782.74,-2249911.8
P0317,Manufacturing,Medium,8,0.29,59129214.97,0.26,0.81,8,0.06,0.02,26153212.36,22960754.39,519956.5,2308446.14,1652661.28
P0318,Healthcare,Small,7,0.72,25726446.78,0.27,0.49,1,0.05,0.04,4342086.83,3435820.46,3585145.2,426057.91,-3263747.88
P0318,Healthcare,Small,7,0.72,25726446.78,0.27,0.49,2,0.04,0.08,7020538.44,5651413.69,587027.42,653613.73,187427.43
P0318,Healthcare,Small,7,0.72,25726446.78,0.27,0.49,3,0.06,0.04,8873505.02,7169328.08,953409.08,844689.92,95050.54
P0318,Healthcare,Small,7,0.72,25726446.78,0.27,0.49,4,0.04,0.07,9614417.07,7053196.02,1065541.34,985817.97,695357.37
P0318,Healthcare,Small,7,0.72,25726446.78,0.27,0.49,5,0.05,0.09,9246896.06,6771443.76,288420.99,953108.34,1532480.36
P0318,Healthcare,Small,7,0.72,25726446.78,0.27,0.49,6,0.06,0.01,9674370.31,8115838.46,909241.34,1016621.22,162052.99
P0318,Healthcare,Small,7,0.72,25726446.78,0.27,0.49,7,0.02,0.08,10286768.73,7622628.58,322977.24,1136518.15,1431667.92
P0319,Real Estate,Small,3,0.5,64089291.83,0.2,0.51,1,0.08,0.11,10189779.93,4710975.08,5495188.86,887846.27,-2057124.11
P0319,Real Estate,Small,3,0.5,64089291.83,0.2,0.51,2,0.06,0.14,14497019.25,6655081.17,2392887.85,1224090.5,3368595.86
P0319,Real Estate,Small,3,0.5,64089291.83,0.2,0.51,3,0.07,0.06,21580135.65,9456883.8,420484.69,1980152.23,8809863.92
P0320,Real Estate,Small,5,0.62,132480265.17,0.2,0.57,1,0.04,0.04,39075240.12,21218132.12,13696681.19,3397770.64,-2847562.43
P0320,Real Estate,Small,5,0.62,132480265.17,0.2,0.57,2,0.04,0.02,46398417.52,26991156.72,5246461.31,3652211.36,9690268.11
P0320,Real Estate,Small,5,0.62,132480265.17,0.2,0.57,3,0.06,0.05,68406960.35,37183531.86,2108862.7,5145660.4,22032712.11
P0320,Real Estate,Small,5,0.62,132480265.17,0.2,0.57,4,0.03,-0.0,62726826.64,37891390.89,7327050.09,4809367.0,12402344.4
P0320,Real Estate,Small,5,0.62,132480265.17,0.2,0.57,5,0.07,0.1,57591136.36,34154355.25,1073627.17,4656270.74,17205210.8
P0321,Infrastructure,Medium,10,0.47,241189171.98,0.27,0.39,1,0.03,0.12,49972120.35,33296302.47,37196514.36,4807929.8,-29845512.83
P0321,Infrastructure,Medium,10,0.47,241189171.98,0.27,0.39,2,0.04,0.05,78824284.52,45328753.65,8946398.85,7773848.02,12587337.65
P0321,Infrastructure,Medium,10,0.47,241189171.98,0.27,0.39,3,0.06,0.04,89398230.23,65895396.6,8759827.03,9888124.45,6119672.49
P0321,Infrastructure,Medium,10,0.47,241189171.98,0.27,0.39,4,0.07,0.04,96477723.01,64884820.33,13121638.86,9418527.81,9737289.88
P0321,Infrastructure,Medium,10,0.47,241189171.98,0.27,0.39,5,0.04,0.15,106841931.31,77968870.93,9199142.89,11114837.61,10146678.77
P0321,Infrastructure,Medium,10,0.47,241189171.98,0.27,0.39,6,0.04,0.06,106780205.12,72670944.98,9705230.08,11283613.86,15747331.85
P0321,Infrastructure,Medium,10,0.47,241189171.98,0.27,0.39,7,0.05,0.09,102106983.77,67349723.96,8997403.93,9423982.5,17813897.77
P0321,Infrastructure,Medium,10,0.47,241189171.98,0.27,0.39,8,0.07,0.04,94156219.09,66595129.32,9198233.69,9269369.52,10972356.25
P0321,Infrastructure,Medium,10,0.47,241189171.98,0.27,0.39,9,0.05,0.08,126605242.92,85932036.48,8209797.68,13012966.7,16776636.92
P0321,Infrastructure,Medium,10,0.47,241189171.98,0.27,0.39,10,0.09,0.09,97088937.45,67588773.16,4971787.18,9102291.95,20157941.07
P0322,Healthcare,Large,9,0.7,60725674.93,0.28,0.52,1,0.04,0.04,9856921.29,7014407.28,8418584.84,1103975.22,-7281342.46
P0322,Healthcare,Large,9,0.7,60725674.93,0.28,0.52,2,0.02,0.07,21476504.72,14846580.45,2564748.42,2137913.64,1151857.53
P0322,Healthcare,Large,9,0.7,60725674.93,0.28,0.52,3,0.02,0.0,19864799.33,13438386.1,3294142.75,1743257.43,1814618.78
P0322,Healthcare,Large,9,0.7,60725674.93,0.28,0.52,4,0.03,0.01,25130249.48,16953256.85,864241.5,2380279.48,4436334.77
P0322,Healthcare,Large,9,0.7,60725674.93,0.28,0.52,5,0.05,0.06,21815016.69,15039121.15,2944016.42,2198924.17,2065800.66
P0322,Healthcare,Large,9,0.7,60725674.93,0.28,0.52,6,0.03,0.08,28441293.51,20029716.97,1915150.73,3102559.52,3353936.91
P0322,Healthcare,Large,9,0.7,60725674.93,0.28,0.52,7,0.02,0.07,28930183.83,21659143.3,1167429.23,2749809.13,4529725.43
P0322,Healthcare,Large,9,0.7,60725674.93,0.28,0.52,8,0.08,-0.03,21416514.21,15631575.61,2609618.89,2053412.31,2380745.17
P0322,Healthcare,Large,9,0.7,60725674.93,0.28,0.52,9,0.04,0.08,24905797.81,18118875.84,655876.96,2629391.79,3473459.99
P0323,Infrastructure,Large,3,0.6,78599201.02,0.22,0.19,1,0.06,0.09,13288887.71,6672195.92,7743636.2,584835.98,-3128986.4
P0323,Infrastructure,Large,3,0.6,78599201.02,0.22,0.19,2,0.03,0.09,19226129.15,9350153.25,4639997.55,880520.38,2734083.89
P0323,Infrastructure,Large,3,0.6,78599201.02,0.22,0.19,3,0.03,0.03,18923106.08,9486813.67,631892.56,809277.63,6615228.93
P0324,Healthcare,Medium,9,0.36,55559527.38,0.26,0.36,1,0.06,0.08,15226761.64,10288853.9,3287548.28,1980745.59,-1532418.41
P0324,Healthcare,Medium,9,0.36,55559527.38,0.26,0.36,2,0.06,0.02,22150856.34,13944142.56,2516873.85,2649048.83,2859515.91
P0324,Healthcare,Medium,9,0.36,55559527.38,0.26,0.36,3,0.04,0.11,35432452.05,23455415.13,2313860.09,4248529.57,5157860.43
P0324,Healthcare,Medium,9,0.36,55559527.38,0.26,0.36,4,0.07,0.03,34353269.96,25081187.65,3259363.84,4425909.06,3419759.42
P0324,Healthcare,Medium,9,0.36,55559527.38,0.26,0.36,5,0.06,0.07,30969598.01,20549019.96,942052.73,3549655.41,7592919.96
P0324,Healthcare,Medium,9,0.36,55559527.38,0.26,0.36,6,0.06,0.09,36288220.12,25072611.37,906100.65,5029445.01,5915561.21
P0324,Healthcare,Medium,9,0.36,55559527.38,0.26,0.36,7,0.06,0.04,33550091.8,21232038.49,1457338.17,4463234.86,8259558.3
P0324,Healthcare,Medium,9,0.36,55559527.38,0.26,0.36,8,0.05,0.05,34807653.51,22868151.64,1499961.81,4009622.89,7659277.47
P0324,Healthcare,Medium,9,0.36,55559527.38,0.26,0.36,9,0.06,0.1,40887732.15,27176152.3,1175424.03,4601142.04,8694311.43
P0325,Real Estate,Medium,3,0.59,178294112.03,0.24,0.59,1,0.06,0.06,46322691.74,32347093.48,16042235.69,2126059.86,-7829083.0
P0325,Real Estate,Medium,3,0.59,178294112.03,0.24,0.59,2,0.06,0.08,48467730.48,36719277.25,7156385.65,1978016.3,2087487.95
P0325,Real Estate,Medium,3,0.59,178294112.03,0.24,0.59,3,0.06,0.01,67597352.7,49030354.72,1625159.35,2845965.18,12043510.33
P0326,Energy,Large,5,0.69,148032699.37,0.25,0.6,1,0.07,0.1,42150191.92,23166544.08,21137576.91,1823925.8,-8969904.6
P0326,Energy,Large,5,0.69,148032699.37,0.25,0.6,2,0.04,0.08,58915586.34,31578816.31,3949710.36,3014983.95,14822312.91
P0326,Energy,Large,5,0.69,148032699.37,0.25,0.6,3,0.08,0.07,71129436.3,37396402.91,4923986.75,4047905.43,21078762.21
P0326,Energy,Large,5,0.69,148032699.37,0.25,0.6,4,0.06,0.03,62767099.12,29148579.01,8015271.72,3329904.86,17687811.76
P0326,Energy,Large,5,0.69,148032699.37,0.25,0.6,5,0.03,0.09,55949431.63,28968562.88,1683513.11,2988876.81,19291168.89
P0327,Infrastructure,Small,7,0.95,179528787.92,0.27,0.41,1,0.06,0.06,25831207.52,19209608.89,9837356.55,3208106.7,-7831483.12
P0327,Infrastructure,Small,7,0.95,179528787.92,0.27,0.41,2,0.06,0.01,46626386.02,35526397.91,8665965.45,5034110.85,-2358204.41
P0327,Infrastructure,Small,7,0.95,179528787.92,0.27,0.41,3,0.05,0.04,51906518.03,39567159.39,11803909.31,5453512.03,-3207225.75
P0327,Infrastructure,Small,7,0.95,179528787.92,0.27,0.41,4,0.05,0.03,60410578.31,41411784.72,10937231.32,6696320.73,1703063.18
P0327,Infrastructure,Small,7,0.95,179528787.92,0.27,0.41,5,0.04,0.1,57600246.15,43083513.35,4131914.53,5766378.35,7614017.89
P0327,Infrastructure,Small,7,0.95,179528787.92,0.27,0.41,6,0.08,0.05,73544047.62,50875026.94,8100892.99,8032535.02,6194241.29
P0327,Infrastructure,Small,7,0.95,179528787.92,0.27,0.41,7,0.06,0.06,69653021.26,48113150.08,840555.88,7346216.6,15527493.33
P0328,Healthcare,Medium,10,0.61,67910609.97,0.24,0.36,1,0.04,0.05,24419242.86,17422821.53,3455465.72,1625691.94,265736.01
P0328,Healthcare,Medium,10,0.61,67910609.97,0.24,0.36,2,0.02,0.03,32968244.12,22434139.91,1212169.31,2646024.44,6127535.4
P0328,Healthcare,Medium,10,0.61,67910609.97,0.24,0.36,3,0.04,0.05,40778971.06,27952801.96,1579994.37,2778180.0,8463561.9
P0328,Healthcare,Medium,10,0.61,67910609.97,0.24,0.36,4,0.07,0.03,43739181.53,33853439.09,833377.47,2656633.39,7108038.54
P0328,Healthcare,Medium,10,0.61,67910609.97,0.24,0.36,5,0.07,0.1,42746346.89,29679403.24,3123342.94,2770441.0,6883996.06
P0328,Healthcare,Medium,10,0.61,67910609.97,0.24,0.36,6,0.04,-0.01,45532188.05,32316093.98,2875944.67,3487025.66,6302767.2
P0328,Healthcare,Medium,10,0.61,67910609.97,0.24,0.36,7,0.06,0.05,37501326.28,26216281.29,2246690.36,2821397.93,7346635.03
P0328,Healthcare,Medium,10,0.61,67910609.97,0.24,0.36,8,0.07,0.12,46417509.09,33815953.02,1371253.71,3200344.73,7545373.78
P0328,Healthcare,Medium,10,0.61,67910609.97,0.24,0.36,9,0.06,0.0,43061536.98,32382771.37,3385919.24,3358675.89,4691812.6
P0328,Healthcare,Medium,10,0.61,67910609.97,0.24,0.36,10,0.05,0.04,45998196.72,33608394.85,1547615.69,3273858.88,8008986.99
P0329,Technology,Large,4,0.78,14633395.79,0.24,0.48,1,0.02,0.08,4740194.33,2978892.25,1059755.56,490660.74,-205171.58
P0329,Technology,Large,4,0.78,14633395.79,0.24,0.48,2,0.02,0.09,6605097.47,4272051.99,734441.06,620976.6,861791.09
P0329,Technology,Large,4,0.78,14633395.79,0.24,0.48,3,0.05,0.11,7332328.12,4702845.49,805096.28,709680.18,1178800.27
P0329,Technology,Large,4,0.78,14633395.79,0.24,0.48,4,0.08,0.05,6221578.96,3998821.56,334650.78,615269.79,1386438.91
P0330,Infrastructure,Small,8,0.38,124947259.44,0.24,0.67,1,0.05,0.08,21795503.03,13410507.22,9520325.16,2508691.04,-5328501.04
P0330,Infrastructure,Small,8,0.38,124947259.44,0.24,0.67,2,0.05,0.04,27455506.91,16198687.0,3847987.73,2866881.14,4577695.36
P0330,Infrastructure,Small,8,0.38,124947259.44,0.24,0.67,3,0.04,0.01,31980136.89,19642535.85,5534059.41,3495483.9,3432527.83
P0330,Infrastructure,Small,8,0.38,124947259.44,0.24,0.67,4,0.04,0.04,35513712.58,21801064.02,3114403.32,3488334.6,7491091.47
P0330,Infrastructure,Small,8,0.38,124947259.44,0.24,0.67,5,0.05,0.05,34528355.83,18588348.47,5913709.29,3420266.58,6393316.57
P0330,Infrastructure,Small,8,0.38,124947259.44,0.24,0.67,6,0.08,-0.01,33923245.22,20464867.31,4703492.19,3664771.33,5165614.9
P0330,Infrastructure,Small,8,0.38,124947259.44,0.24,0.67,7,0.03,0.05,34021622.27,19791791.66,3217384.98,3787430.67,7812905.4
P0330,Infrastructure,Small,8,0.38,124947259.44,0.24,0.67,8,0.05,0.09,36270634.6,19315666.96,2238624.67,3819633.93,10313694.73
P0331,Manufacturing,Small,8,0.36,32602704.81,0.27,0.54,1,0.02,0.1,13544810.52,11296968.65,1924307.58,750293.55,-1060449.54
P0331,Manufacturing,Small,8,0.36,32602704.81,0.27,0.54,2,0.05,0.09,23848858.25,21815132.81,1778836.64,1217739.16,-750772.18
P0331,Manufacturing,Small,8,0.36,32602704.81,0.27,0.54,3,0.04,0.03,19450143.04,17599585.79,1448970.9,1128755.22,-16252.44
P0331,Manufacturing,Small,8,0.36,32602704.81,0.27,0.54,4,0.07,0.02,20862702.82,16840636.32,1235214.47,1188805.47,1657888.48
P0331,Manufacturing,Small,8,0.36,32602704.81,0.27,0.54,5,0.06,0.15,24199851.36,21319304.76,379844.17,1336733.76,1575154.92
P0331,Manufacturing,Small,8,0.36,32602704.81,0.27,0.54,6,0.05,-0.0,23963633.07,19955787.1,579802.35,1436412.2,2323082.12
P0331,Manufacturing,Small,8,0.36,32602704.81,0.27,0.54,7,0.06,0.04,22886136.96,18817951.61,1223736.72,1179750.1,1890433.38
P0331,Manufacturing,Small,8,0.36,32602704.81,0.27,0.54,8,0.06,0.04,24027588.12,20125155.28,361102.57,1311509.31,2432634.42
P0332,Infrastructure,Medium,8,0.46,170594001.16,0.3,0.33,1,0.05,0.03,31120060.05,21566273.87,13184087.66,2649357.58,-9039628.16
P0332,Infrastructure,Medium,8,0.46,170594001.16,0.3,0.33,2,0.05,0.1,47247585.16,34196529.66,1973636.07,4486646.5,5662994.27
P0332,Infrastructure,Medium,8,0.46,170594001.16,0.3,0.33,3,0.07,-0.01,44127595.81,31531321.97,5855662.7,3730068.17,3744660.39
P0332,Infrastructure,Medium,8,0.46,170594001.16,0.3,0.33,4,0.04,0.06,51597200.13,35583324.17,5424501.24,4432510.98,5059790.64
P0332,Infrastructure,Medium,8,0.46,170594001.16,0.3,0.33,5,0.07,0.05,55018396.01,34396092.48,2193180.36,5263208.41,11739463.29
P0332,Infrastructure,Medium,8,0.46,170594001.16,0.3,0.33,6,0.05,-0.01,56803782.59,36298016.07,3384097.9,4976787.14,10900937.95
P0332,Infrastructure,Medium,8,0.46,170594001.16,0.3,0.33,7,0.07,0.03,50385240.91,33832978.77,5376858.22,4740808.85,6351699.42
P0332,Infrastructure,Medium,8,0.46,170594001.16,0.3,0.33,8,0.06,0.05,53593272.31,36619164.18,1277535.72,4857981.54,9950658.66
P0333,Healthcare,Small,10,0.95,32171712.17,0.22,0.19,1,0.05,0.09,4670709.77,2993027.2,5379121.14,424076.18,-4743417.5
P0333,Healthcare,Small,10,0.95,32171712.17,0.22,0.19,2,0.06,0.03,6558504.31,4679473.71,2404288.56,556055.42,-1097699.99
P0333,Healthcare,Small,10,0.95,32171712.17,0.22,0.19,3,0.1,0.05,9519383.3,6368342.39,1728577.19,800287.69,492637.62
P0333,Healthcare,Small,10,0.95,32171712.17,0.22,0.19,4,0.04,0.05,11050132.41,7000915.56,2147858.34,1030297.05,793356.12
P0333,Healthcare,Small,10,0.95,32171712.17,0.22,0.19,5,0.04,0.03,10835205.43,7235712.16,1056307.26,924019.68,1836461.56
P0333,Healthcare,Small,10,0.95,32171712.17,0.22,0.19,6,0.05,0.01,9397948.29,6485641.48,1712180.47,761662.72,673515.23
P0333,Healthcare,Small,10,0.95,32171712.17,0.22,0.19,7,0.08,0.09,13126772.91,9414305.73,1323158.52,1057416.84,1311049.56
P0333,Healthcare,Small,10,0.95,32171712.17,0.22,0.19,8,0.09,0.06,11246596.97,7157761.9,2083013.68,953543.17,1243796.72
P0333,Healthcare,Small,10,0.95,32171712.17,0.22,0.19,9,0.03,0.01,10364722.3,6955309.87,1905243.35,865873.99,820830.3
P0333,Healthcare,Small,10,0.95,32171712.17,0.22,0.19,10,0.07,0.1,11549810.18,8142152.28,533925.73,1017486.22,1784311.02
P0334,Healthcare,Medium,6,0.33,87579965.04,0.25,0.56,1,0.06,0.04,28817304.06,15785263.8,4995270.44,3325007.26,1270280.18
P0334,Healthcare,Medium,6,0.33,87579965.04,0.25,0.56,2,0.05,0.07,32646121.32,17008503.17,2775678.91,3840885.33,8428578.46
P0334,Healthcare,Medium,6,0.33,87579965.04,0.25,0.56,3,0.06,0.03,41297921.36,25752122.58,2681174.88,5039928.53,8416946.95
P0334,Healthcare,Medium,6,0.33,87579965.04,0.25,0.56,4,0.04,0.06,47521761.96,27068148.15,3561721.61,6093028.6,10533860.36
P0334,Healthcare,Medium,6,0.33,87579965.04,0.25,0.56,5,0.05,0.11,51476288.0,28213225.03,4016820.74,6429965.23,12010072.4
P0334,Healthcare,Medium,6,0.33,87579965.04,0.25,0.56,6,0.07,0.06,35113944.72,19019168.41,769617.28,4977469.41,12612784.97
P0335,Technology,Small,3,0.48,8543477.21,0.26,0.88,1,0.04,0.06,2728545.92,1352173.99,1308466.43,207271.05,-488045.62
P0335,Technology,Small,3,0.48,8543477.21,0.26,0.88,2,0.04,0.15,5579814.82,3030577.81,319059.4,476157.71,1342171.85
P0335,Technology,Small,3,0.48,8543477.21,0.26,0.88,3,0.06,0.11,7095206.97,3679246.03,169880.16,537991.19,2267894.69
P0336,Real Estate,Large,8,0.53,142855214.01,0.33,0.42,1,0.04,0.05,39553551.9,18344171.42,9666119.75,3425697.6,1109407.94
P0336,Real Estate,Large,8,0.53,142855214.01,0.33,0.42,2,0.08,0.04,60392405.24,26950640.86,2150121.93,4836843.92,19141898.99
P0336,Real Estate,Large,8,0.53,142855214.01,0.33,0.42,3,0.05,0.08,65506333.65,31205222.36,5451301.25,4442042.4,17237318.14
P0336,Real Estate,Large,8,0.53,142855214.01,0.33,0.42,4,0.04,0.03,65567016.36,30456998.06,6873181.28,5163034.78,16811171.69
P0336,Real Estate,Large,8,0.53,142855214.01,0.33,0.42,5,0.07,0.04,70095149.09,34050792.87,5900664.35,5305944.15,17565620.03
P0336,Real Estate,Large,8,0.53,142855214.01,0.33,0.42,6,0.02,0.03,68847739.63,30765228.91,6896618.9,4945627.72,17573881.62
P0336,Real Estate,Large,8,0.53,142855214.01,0.33,0.42,7,0.03,0.11,75318692.81,31977061.17,6567696.99,6032786.92,21899571.61
P0336,Real Estate,Large,8,0.53,142855214.01,0.33,0.42,8,0.08,0.12,65245827.35,29521895.18,1553763.46,4923856.1,23082604.44
P0337,Real Estate,Medium,3,0.56,67141347.42,0.18,0.53,1,0.06,0.0,22766497.12,12303588.84,4778037.83,2502137.41,1298830.93
P0337,Real Estate,Medium,3,0.56,67141347.42,0.18,0.53,2,0.07,0.07,36184179.29,19175810.32,2538551.5,3932123.54,9754504.84
P0337,Real Estate,Medium,3,0.56,67141347.42,0.18,0.53,3,0.04,0.07,51780339.76,25114544.81,921320.38,4791127.71,19464153.47
P0338,Energy,Medium,8,0.4,113350950.4,0.24,0.4,1,0.07,0.07,29644858.64,19100847.26,11794176.16,2295675.03,-6315840.52
P0338,Energy,Medium,8,0.4,113350950.4,0.24,0.4,2,0.06,0.05,42399813.86,30666584.97,2440089.6,3631405.75,5405954.05
P0338,Energy,Medium,8,0.4,113350950.4,0.24,0.4,3,0.04,0.03,45547126.7,32154688.74,5241852.46,3730497.78,4567543.79
P0338,Energy,Medium,8,0.4,113350950.4,0.24,0.4,4,0.09,0.06,44053335.44,32486040.94,2788828.88,3776362.08,5924518.92
P0338,Energy,Medium,8,0.4,113350950.4,0.24,0.4,5,0.04,0.1,53599365.6,35554421.7,4959113.73,4511832.25,8056299.81
P0338,Energy,Medium,8,0.4,113350950.4,0.24,0.4,6,0.06,0.09,58083256.43,43468709.43,6393349.95,5302319.05,3937160.74
P0338,Energy,Medium,8,0.4,113350950.4,0.24,0.4,7,0.03,0.05,53694676.57,38697092.68,2633929.06,4560607.08,9765738.15
P0338,Energy,Medium,8,0.4,113350950.4,0.24,0.4,8,0.08,0.08,47907320.95,31554685.54,610204.82,3922501.98,12853615.95
P0339,Energy,Large,7,0.5,53959854.6,0.27,0.42,1,0.08,0.03,13202262.81,10992588.95,7909951.35,1093337.14,-7508921.0
P0339,Energy,Large,7,0.5,53959854.6,0.27,0.42,2,0.05,0.1,19579354.17,16067906.39,2241955.4,1613898.2,-191923.17
P0339,Energy,Large,7,0.5,53959854.6,0.27,0.42,3,0.07,0.01,22266047.29,17781067.06,2474464.25,1882246.77,516794.14
P0339,Energy,Large,7,0.5,53959854.6,0.27,0.42,4,0.03,0.09,22643997.01,17092585.79,2638449.52,1790994.95,1402182.02
P0339,Energy,Large,7,0.5,53959854.6,0.27,0.42,5,0.07,0.01,25159145.17,19592070.02,1694063.17,2042300.49,2186602.95
P0339,Energy,Large,7,0.5,53959854.6,0.27,0.42,6,0.08,0.11,27387766.36,21503004.55,1135578.43,2205079.08,3051643.13
P0339,Energy,Large,7,0.5,53959854.6,0.27,0.42,7,0.05,0.0,24152352.93,16880459.42,1131632.25,1882839.77,4662638.82
P0340,Real Estate,Large,8,0.78,57236485.21,0.22,0.82,1,0.05,0.09,15582651.65,9027617.01,4647478.94,1284047.12,-820032.48
P0340,Real Estate,Large,8,0.78,57236485.21,0.22,0.82,2,0.05,0.05,16920919.62,10098042.92,2783268.68,1473415.32,2458051.05
P0340,Real Estate,Large,8,0.78,57236485.21,0.22,0.82,3,0.07,0.07,23490703.8,14007586.04,2378068.6,2081484.14,4576042.1
P0340,Real Estate,Large,8,0.78,57236485.21,0.22,0.82,4,0.06,0.04,27340436.47,15861954.27,3165692.87,2783966.47,5157369.3
P0340,Real Estate,Large,8,0.78,57236485.21,0.22,0.82,5,0.02,0.04,24225402.34,14383697.33,772939.78,2254165.13,7260700.82
P0340,Real Estate,Large,8,0.78,57236485.21,0.22,0.82,6,0.06,0.06,26667180.44,17145331.8,1481716.9,2530910.73,5919011.44
P0340,Real Estate,Large,8,0.78,57236485.21,0.22,0.82,7,0.05,0.08,32886286.15,20874963.94,2443930.02,3150044.43,6311348.46
P0340,Real Estate,Large,8,0.78,57236485.21,0.22,0.82,8,0.04,0.07,26210420.91,14416242.94,908660.15,2668439.13,8755753.08
P0341,Manufacturing,Medium,7,0.28,79138475.11,0.22,0.52,1,0.09,0.07,22855470.39,15888459.9,8211234.9,2361083.15,-4974987.34
P0341,Manufacturing,Medium,7,0.28,79138475.11,0.22,0.52,2,0.07,0.07,35534186.42,24826513.06,3030497.46,3680107.0,4024687.45
P0341,Manufacturing,Medium,7,0.28,79138475.11,0.22,0.52,3,0.06,0.04,41117587.38,30505777.07,3171894.51,4041476.62,4977842.22
P0341,Manufacturing,Medium,7,0.28,79138475.11,0.22,0.52,4,0.07,0.05,41418367.7,29569096.53,1287320.49,4261543.56,7774405.44
P0341,Manufacturing,Medium,7,0.28,79138475.11,0.22,0.52,5,0.06,0.04,47970906.74,36091780.44,2075121.22,4047157.21,7221884.26
P0341,Manufacturing,Medium,7,0.28,79138475.11,0.22,0.52,6,0.05,0.02,45488542.49,32534907.42,4451671.74,4636670.45,5044418.29
P0341,Manufacturing,Medium,7,0.28,79138475.11,0.22,0.52,7,0.09,-0.0,43128249.15,31752986.59,847427.23,3907834.02,8384604.25
P0342,Technology,Large,9,0.59,68647761.1,0.27,0.53,1,0.07,0.07,26924887.62,12261870.1,6386657.01,2778235.94,1543345.23
P0342,Technology,Large,9,0.59,68647761.1,0.27,0.53,2,0.05,0.05,36858390.46,16577052.35,3947317.56,3606264.71,9899050.01
P0342,Technology,Large,9,0.59,68647761.1,0.27,0.53,3,0.05,0.1,49269844.56,20762239.71,1610069.15,5188640.21,17525972.59
P0342,Technology,Large,9,0.59,68647761.1,0.27,0.53,4,0.06,0.07,51890948.15,22373498.9,2924189.08,5294028.49,19937647.88
P0342,Technology,Large,9,0.59,68647761.1,0.27,0.53,5,0.04,0.12,59647007.68,26429307.03,842419.79,5652665.45,22953252.46
P0342,Technology,Large,9,0.59,68647761.1,0.27,0.53,6,0.05,0.07,53531631.16,24334379.38,3053424.4,5119144.29,18649752.24
P0342,Technology,Large,9,0.59,68647761.1,0.27,0.53,7,0.03,0.05,39475956.48,17626824.49,4011960.07,3840789.68,12687159.58
P0342,Technology,Large,9,0.59,68647761.1,0.27,0.53,8,0.05,0.08,48388151.07,21451305.31,1878784.48,4833577.77,16485336.91
P0342,Technology,Large,9,0.59,68647761.1,0.27,0.53,9,0.07,0.09,47411268.31,20106351.54,1216017.62,4957287.18,18963593.91
P0343,Infrastructure,Small,6,0.32,60742733.54,0.21,0.78,1,0.06,0.02,16233227.74,9882801.48,6089729.3,1950078.36,-3230767.47
P0343,Infrastructure,Small,6,0.32,60742733.54,0.21,0.78,2,0.03,0.01,19663004.02,12124936.25,3120894.75,2348071.85,2551557.67
P0343,Infrastructure,Small,6,0.32,60742733.54,0.21,0.78,3,0.02,0.06,24545886.76,14194920.15,1357106.22,2965717.5,6351407.99
P0343,Infrastructure,Small,6,0.32,60742733.54,0.21,0.78,4,0.08,0.04,28743260.97,18672408.97,1296363.93,3260104.71,6480574.4
P0343,Infrastructure,Small,6,0.32,60742733.54,0.21,0.78,5,0.07,0.09,27920370.35,17494207.37,1585003.52,3149840.9,6674054.0
P0343,Infrastructure,Small,6,0.32,60742733.54,0.21,0.78,6,0.02,0.08,30277166.13,21008830.7,403653.04,3760281.9,6210493.91
P0344,Healthcare,Small,9,0.5,54899487.38,0.22,0.72,1,0.05,0.02,10503240.72,7247375.93,3261727.28,766455.63,-1520075.91
P0344,Healthcare,Small,9,0.5,54899487.38,0.22,0.72,2,0.04,0.04,20257278.58,15025698.99,1836783.82,1413228.84,1561119.06
P0344,Healthcare,Small,9,0.5,54899487.38,0.22,0.72,3,0.06,0.01,19567775.76,15021529.88,833255.18,1369812.81,2794338.88
P0344,Healthcare,Small,9,0.5,54899487.38,0.22,0.72,4,0.04,0.12,24462523.09,18124934.01,1888354.1,2076740.94,2343587.03
P0344,Healthcare,Small,9,0.5,54899487.38,0.22,0.72,5,0.06,0.03,23547791.35,16013069.9,2366880.37,1678167.19,3832308.94
P0344,Healthcare,Small,9,0.5,54899487.38,0.22,0.72,6,0.06,0.1,22080575.19,16039792.59,2290309.22,1652791.04,2501424.67
P0344,Healthcare,Small,9,0.5,54899487.38,0.22,0.72,7,0.05,0.06,21877769.68,16071373.64,2082848.9,1583987.02,2494182.4
P0344,Healthcare,Small,9,0.5,54899487.38,0.22,0.72,8,0.05,0.03,29516992.63,20783072.01,1435778.76,2139120.28,4665243.35
P0344,Healthcare,Small,9,0.5,54899487.38,0.22,0.72,9,0.06,0.12,25648376.08,18844509.31,924048.21,1974031.74,4451084.83
P0345,Technology,Small,5,0.26,37892509.34,0.25,0.37,1,0.05,0.09,6021422.8,2995144.52,3977124.25,439591.19,-2194481.78
P0345,Technology,Small,5,0.26,37892509.34,0.25,0.37,2,0.05,-0.01,8295395.41,3654163.9,1628168.57,536948.48,1750091.16
P0345,Technology,Small,5,0.26,37892509.34,0.25,0.37,3,0.06,0.11,10200716.64,4938602.84,1905835.02,664131.43,1987358.19
P0345,Technology,Small,5,0.26,37892509.34,0.25,0.37,4,0.08,0.02,11610367.38,6013356.93,572038.9,779012.36,3694163.07
P0345,Technology,Small,5,0.26,37892509.34,0.25,0.37,5,0.05,0.07,11858821.61,5388828.86,634674.32,724412.81,4475083.57
P0346,Energy,Medium,9,0.12,144777127.12,0.2,0.69,1,0.06,0.04,33273882.07,17103257.75,18206591.27,2313098.07,-7188506.73
P0346,Energy,Medium,9,0.12,144777127.12,0.2,0.69,2,0.05,0.01,54217356.13,26048913.29,3784410.72,3855764.41,18378575.66
P0346,Energy,Medium,9,0.12,144777127.12,0.2,0.69,3,0.06,0.05,57653748.94,27840244.67,3120532.05,4530342.8,20385326.63
P0346,Energy,Medium,9,0.12,144777127.12,0.2,0.69,4,0.06,0.02,58650033.88,28657266.69,1724167.6,4453986.13,22252053.45
P0346,Energy,Medium,9,0.12,144777127.12,0.2,0.69,5,0.04,0.05,71521438.43,36522155.53,7085591.62,5951295.25,19103766.86
P0346,Energy,Medium,9,0.12,144777127.12,0.2,0.69,6,0.06,0.06,56512237.34,28435761.8,4763154.74,3913388.2,20864163.32
P0346,Energy,Medium,9,0.12,144777127.12,0.2,0.69,7,0.05,0.07,56373760.57,27807321.06,4457656.58,4215849.7,18711975.89
P0346,Energy,Medium,9,0.12,144777127.12,0.2,0.69,8,0.06,0.05,64418269.93,33195958.82,2842924.16,4936927.98,22426229.58
P0346,Energy,Medium,9,0.12,144777127.12,0.2,0.69,9,0.08,0.04,58477917.53,31199942.43,2435802.49,4832341.84,18676512.75
P0347,Technology,Medium,6,0.65,26157591.0,0.22,0.1,1,0.08,0.04,8896150.06,4193347.72,3018723.69,1002059.11,-341639.55
P0347,Technology,Medium,6,0.65,26157591.0,0.22,0.1,2,0.06,0.11,12762139.89,5998363.38,1054866.02,1444987.57,3804711.4
P0347,Technology,Medium,6,0.65,26157591.0,0.22,0.1,3,0.06,0.03,15680732.11,7839511.21,1582850.5,1631985.19,4302505.17
P0347,Technology,Medium,6,0.65,26157591.0,0.22,0.1,4,0.03,0.03,13918523.31,6809354.25,1006034.68,1528323.28,4313240.4
P0347,Technology,Medium,6,0.65,26157591.0,0.22,0.1,5,0.04,0.06,18598825.93,9125968.28,1397168.19,1888611.45,5705686.67
P0347,Technology,Medium,6,0.65,26157591.0,0.22,0.1,6,0.04,-0.0,16773596.42,7687946.72,608910.14,2161134.75,6395840.69
P0348,Manufacturing,Medium,4,0.69,57184543.14,0.24,0.61,1,0.07,0.01,22397357.25,13662938.79,3528656.91,1375813.2,1694227.58
P0348,Manufacturing,Medium,4,0.69,57184543.14,0.24,0.61,2,0.06,0.0,31793288.47,20646712.59,1518069.87,2203536.29,5974999.99
P0348,Manufacturing,Medium,4,0.69,57184543.14,0.24,0.61,3,0.06,0.02,34323308.25,22266853.98,1289221.03,2245369.44,8585290.85
P0348,Manufacturing,Medium,4,0.69,57184543.14,0.24,0.61,4,0.07,0.1,46666401.1,29401010.83,684843.82,3298482.12,11860885.66
P0349,Technology,Small,10,0.35,16478263.98,0.29,0.61,1,0.03,0.03,5778391.39,2691108.69,1057259.29,607776.8,524768.22
P0349,Technology,Small,10,0.35,16478263.98,0.29,0.61,2,0.02,0.11,11048819.65,4868165.85,573032.96,1321007.76,3137652.77
P0349,Technology,Small,10,0.35,16478263.98,0.29,0.61,3,0.03,0.08,10604431.33,4451031.28,187624.09,1029941.76,4528028.19
P0349,Technology,Small,10,0.35,16478263.98,0.29,0.61,4,0.07,0.05,10545911.15,4754897.15,379116.58,1247938.0,3391456.67
P0349,Technology,Small,10,0.35,16478263.98,0.29,0.61,5,0.04,0.1,13026219.25,6016791.31,820663.28,1458079.25,4156401.98
P0349,Technology,Small,10,0.35,16478263.98,0.29,0.61,6,0.04,0.02,11413383.58,4981575.38,631540.56,1318117.0,4180212.23
P0349,Technology,Small,10,0.35,16478263.98,0.29,0.61,7,0.04,0.11,15132174.24,6484399.11,619738.13,1775360.37,5011618.77
P0349,Technology,Small,10,0.35,16478263.98,0.29,0.61,8,0.05,0.05,10292875.35,4533207.49,454816.7,1231631.9,3980165.08
P0349,Technology,Small,10,0.35,16478263.98,0.29,0.61,9,0.07,0.01,10907900.1,4726323.86,329615.33,1266107.9,3892582.76
P0349,Technology,Small,10,0.35,16478263.98,0.29,0.61,10,0.07,0.11,12700281.71,5708530.36,383637.99,1394695.18,4473087.87
P0350,Energy,Small,4,0.45,92038423.04,0.3,0.14,1,0.08,0.06,17284558.47,7646091.07,10005749.75,1697888.74,-5275285.95
P0350,Energy,Small,4,0.45,92038423.04,0.3,0.14,2,0.08,0.04,29402897.29,12616534.72,4848670.19,2809854.02,5890029.65
P0350,Energy,Small,4,0.45,92038423.04,0.3,0.14,3,0.04,0.03,31836037.02,13568012.0,2123038.7,3023404.77,10872659.02
P0350,Energy,Small,4,0.45,92038423.04,0.3,0.14,4,0.05,0.11,38497594.91,17639625.4,757529.77,4283334.21,12283334.11
P0351,Energy,Medium,4,0.62,154904031.8,0.34,0.63,1,0.04,0.03,40818108.68,25008558.65,19024537.78,3337732.02,-11840387.58
P0351,Energy,Medium,4,0.62,154904031.8,0.34,0.63,2,0.07,0.04,57366416.3,34603560.2,6358170.85,4330211.82,7521156.37
P0351,Energy,Medium,4,0.62,154904031.8,0.34,0.63,3,0.08,0.03,53160297.34,34609316.71,5547703.04,4640061.91,6505212.78
P0351,Energy,Medium,4,0.62,154904031.8,0.34,0.63,4,0.03,0.02,60348026.82,38740461.72,2553195.15,4920752.19,11275098.08
P0352,Technology,Small,3,0.76,29718902.26,0.23,0.72,1,0.05,0.05,10542787.65,4552541.45,3617269.62,1392748.24,-407278.48
P0352,Technology,Small,3,0.76,29718902.26,0.23,0.72,2,0.05,-0.01,12463862.91,6074188.26,1094922.76,1670905.83,3788681.72
P0352,Technology,Small,3,0.76,29718902.26,0.23,0.72,3,0.06,-0.03,12982233.68,6317708.91,654815.19,1598681.61,4554488.99
P0353,Real Estate,Large,9,0.46,209890712.39,0.23,0.44,1,0.08,0.05,28064050.33,17247391.6,14167858.01,1377375.41,-6933216.83
P0353,Real Estate,Large,9,0.46,209890712.39,0.23,0.44,2,0.1,0.14,42266153.29,23810827.44,3930176.41,2319837.79,9325291.67
P0353,Real Estate,Large,9,0.46,209890712.39,0.23,0.44,3,0.06,0.02,53381987.82,28019612.33,6787385.47,2451399.02,11706373.0
P0353,Real Estate,Large,9,0.46,209890712.39,0.23,0.44,4,0.04,0.04,49035919.47,27496426.59,7900391.55,2337343.49,8926483.32
P0353,Real Estate,Large,9,0.46,209890712.39,0.23,0.44,5,0.07,0.03,56127920.53,31775096.74,8520401.22,3083913.3,9679367.08
P0353,Real Estate,Large,9,0.46,209890712.39,0.23,0.44,6,0.03,0.04,52396053.77,28721620.29,2685628.92,2711622.03,16504137.1
P0353,Real Estate,Large,9,0.46,209890712.39,0.23,0.44,7,0.07,-0.0,51245830.16,26477081.07,13408140.13,2351441.98,6034004.38
P0353,Real Estate,Large,9,0.46,209890712.39,0.23,0.44,8,0.05,0.05,59392709.78,32051530.78,4595715.69,2944130.46,15154946.47
P0353,Real Estate,Large,9,0.46,209890712.39,0.23,0.44,9,0.06,0.03,55663048.79,30682587.71,4661487.3,2833031.62,15172583.78
P0354,Infrastructure,Medium,7,0.46,297272984.87,0.25,0.85,1,0.04,0.07,63006853.13,42857604.43,18817431.78,9073249.6,-12445679.26
P0354,Infrastructure,Medium,7,0.46,297272984.87,0.25,0.85,2,0.06,0.04,94314015.13,61367152.99,18735701.26,11790646.61,3253132.61
P0354,Infrastructure,Medium,7,0.46,297272984.87,0.25,0.85,3,0.05,0.06,138184476.87,90036168.21,9146773.75,17330285.38,21297337.72
P0354,Infrastructure,Medium,7,0.46,297272984.87,0.25,0.85,4,0.05,0.06,158568975.25,93971043.44,7518661.89,22097192.31,35180103.95
P0354,Infrastructure,Medium,7,0.46,297272984.87,0.25,0.85,5,0.06,0.01,119223348.57,79026186.26,8911249.14,16131069.24,25487445.21
P0354,Infrastructure,Medium,7,0.46,297272984.87,0.25,0.85,6,0.03,0.02,136841597.98,88631997.25,4742663.55,18497580.86,28974562.18
P0354,Infrastructure,Medium,7,0.46,297272984.87,0.25,0.85,7,0.06,0.07,138468678.06,95085608.96,1408852.28,18047199.4,31418633.7
P0355,Infrastructure,Large,4,0.6,285802593.74,0.25,0.75,1,0.04,0.11,43075332.96,30501637.1,16496625.64,2679585.44,-9609923.55
P0355,Infrastructure,Large,4,0.6,285802593.74,0.25,0.75,2,0.03,0.0,71021800.65,45165009.69,9562009.22,4833602.23,7926559.29
P0355,Infrastructure,Large,4,0.6,285802593.74,0.25,0.75,3,0.07,0.06,108735261.29,79439550.87,11238952.49,6680377.36,8632739.28
P0355,Infrastructure,Large,4,0.6,285802593.74,0.25,0.75,4,0.07,0.07,90149861.58,58085572.77,2101501.46,5783280.34,23647627.04
P0356,Healthcare,Medium,5,0.95,45958818.71,0.27,0.45,1,0.06,-0.02,11917467.56,7229811.89,4517964.87,575809.99,-1593597.54
P0356,Healthcare,Medium,5,0.95,45958818.71,0.27,0.45,2,0.05,0.03,18479192.03,11205560.7,984978.95,1049117.67,3578710.37
P0356,Healthcare,Medium,5,0.95,45958818.71,0.27,0.45,3,0.04,0.08,22966846.7,13706450.06,2149514.31,1271331.14,4276588.87
P0356,Healthcare,Medium,5,0.95,45958818.71,0.27,0.45,4,0.03,0.07,26269678.94,15973924.91,2364747.36,1224124.43,5009020.18
P0356,Healthcare,Medium,5,0.95,45958818.71,0.27,0.45,5,0.07,0.1,27298804.42,17009310.07,1036714.96,1320524.55,6324962.77
P0357,Healthcare,Small,5,0.12,51591328.19,0.16,0.59,1,0.05,0.03,21872872.15,15861987.75,6760071.65,2402580.93,-4342997.63
P0357,Healthcare,Small,5,0.12,51591328.19,0.16,0.59,2,0.04,0.05,27906904.06,21759638.7,1447135.07,2713913.81,3634609.21
P0357,Healthcare,Small,5,0.12,51591328.19,0.16,0.59,3,0.04,0.14,31904753.94,20878160.99,1695565.76,3019407.03,7418740.5
P0357,Healthcare,Small,5,0.12,51591328.19,0.16,0.59,4,0.08,0.07,37283389.55,23229414.76,1195008.64,3598879.38,9464951.07
P0357,Healthcare,Small,5,0.12,51591328.19,0.16,0.59,5,0.05,0.04,29753252.57,20530516.28,468656.47,2982913.76,7800088.29
P0358,Infrastructure,Large,8,0.27,82863653.93,0.25,0.55,1,0.04,0.05,28737679.11,15650945.29,8589871.47,3737039.31,-2499789.61
P0358,Infrastructure,Large,8,0.27,82863653.93,0.25,0.55,2,0.07,0.07,51104854.19,30219062.64,1103828.5,6821787.64,11596178.88
P0358,Infrastructure,Large,8,0.27,82863653.93,0.25,0.55,3,0.05,0.07,64384305.26,32581403.82,2478621.23,8273535.88,18388513.61
P0358,Infrastructure,Large,8,0.27,82863653.93,0.25,0.55,4,0.05,0.02,69195828.02,35159991.73,2348678.74,9993645.67,22378190.43
P0358,Infrastructure,Large,8,0.27,82863653.93,0.25,0.55,5,0.08,0.13,66560427.5,37116216.92,1312955.46,8357751.45,22313160.27
P0358,Infrastructure,Large,8,0.27,82863653.93,0.25,0.55,6,0.03,0.05,62870467.06,30022989.95,1662222.72,7870717.79,22741835.01
P0358,Infrastructure,Large,8,0.27,82863653.93,0.25,0.55,7,0.04,0.05,61885154.21,31054898.76,2754064.67,7204925.59,20536879.46
P0358,Infrastructure,Large,8,0.27,82863653.93,0.25,0.55,8,0.05,0.06,69118188.94,40166479.16,1092785.96,7735699.36,21271048.16
P0359,Energy,Small,10,0.74,141723756.68,0.31,0.65,1,0.07,0.04,26014644.87,20309459.75,8160247.0,3262644.69,-7310145.35
P0359,Energy,Small,10,0.74,141723756.68,0.31,0.65,2,0.08,0.09,30138610.24,20957542.32,5706482.63,3698124.38,198503.61
P0359,Energy,Small,10,0.74,141723756.68,0.31,0.65,3,0.02,0.03,44724138.52,30716180.21,1703502.48,5125628.1,6649407.64
P0359,Energy,Small,10,0.74,141723756.68,0.31,0.65,4,0.04,0.03,44115361.04,33549164.06,5056435.45,5255664.26,2013185.49
P0359,Energy,Small,10,0.74,141723756.68,0.31,0.65,5,0.07,0.06,44988605.93,33972966.28,4488345.29,5545931.27,2940772.39
P0359,Energy,Small,10,0.74,141723756.68,0.31,0.65,6,0.07,0.08,45903290.99,34689275.36,2850789.22,5481723.45,5225254.05
P0359,Energy,Small,10,0.74,141723756.68,0.31,0.65,7,0.02,0.06,47840474.25,32133589.15,3658564.65,5562432.54,6853812.36
P0359,Energy,Small,10,0.74,141723756.68,0.31,0.65,8,0.06,0.09,38366087.07,28816524.43,7741839.59,5045561.37,-589129.92
P0359,Energy,Small,10,0.74,141723756.68,0.31,0.65,9,0.09,0.05,44080957.69,31567590.51,4198598.27,5200165.5,4391383.53
P0359,Energy,Small,10,0.74,141723756.68,0.31,0.65,10,0.04,0.14,48514199.05,31606128.96,992874.15,5867301.78,10001425.37
P0360,Technology,Medium,3,0.38,11815924.1,0.22,0.47,1,0.05,0.02,4182964.21,3111337.55,1143188.44,514280.84,-838420.45
P0360,Technology,Medium,3,0.38,11815924.1,0.22,0.47,2,0.06,0.06,5475964.5,3746694.3,476818.35,658783.62,684809.7
P0360,Technology,Medium,3,0.38,11815924.1,0.22,0.47,3,0.02,0.05,6599206.04,4791572.95,134797.67,735123.85,1182064.77
P0361,Infrastructure,Medium,7,0.66,251443174.59,0.26,0.49,1,0.06,0.02,25126557.56,18177486.48,21574315.81,2599738.48,-19654257.62
P0361,Infrastructure,Medium,7,0.66,251443174.59,0.26,0.49,2,0.04,0.07,38350210.26,29349209.86,5478280.28,3505420.64,302491.87
P0361,Infrastructure,Medium,7,0.66,251443174.59,0.26,0.49,3,0.04,0.04,47006722.24,32388243.4,12721205.12,4785451.8,-3292167.12
P0361,Infrastructure,Medium,7,0.66,251443174.59,0.26,0.49,4,0.03,0.05,48322600.81,35546388.79,6634367.76,4529897.06,3037636.71
P0361,Infrastructure,Medium,7,0.66,251443174.59,0.26,0.49,5,0.05,0.03,49949838.57,36537323.29,13688354.95,4988488.06,-4126560.11
P0361,Infrastructure,Medium,7,0.66,251443174.59,0.26,0.49,6,0.08,0.08,68937695.4,51738026.7,15786127.51,6417365.93,-4588206.87
P0361,Infrastructure,Medium,7,0.66,251443174.59,0.26,0.49,7,0.02,0.04,55686527.27,38725836.76,4522395.93,5499158.95,9621635.01
P0362,Energy,Medium,4,0.61,180017099.11,0.31,0.72,1,0.03,0.03,64441002.14,46770581.15,14233109.2,6401726.8,-8827475.43
P0362,Energy,Medium,4,0.61,180017099.11,0.31,0.72,2,0.02,0.05,99315902.19,70602312.2,4282006.84,10489290.79,11416571.46
P0362,Energy,Medium,4,0.61,180017099.11,0.31,0.72,3,0.04,0.03,104726949.39,72880217.69,7640480.93,11690992.58,12816686.53
P0362,Energy,Medium,4,0.61,180017099.11,0.31,0.72,4,0.05,0.07,114410465.03,80155845.96,1540229.39,11939434.9,22318544.07
P0363,Real Estate,Medium,10,0.64,62606359.01,0.31,0.9,1,0.05,0.02,17759891.71,12992425.96,8979086.25,1257819.89,-6558571.08
P0363,Real Estate,Medium,10,0.64,62606359.01,0.31,0.9,2,0.05,0.06,25487099.29,18986442.89,3299283.62,1530699.63,910466.91
P0363,Real Estate,Medium,10,0.64,62606359.01,0.31,0.9,3,0.06,0.1,37315224.34,29296747.38,1053102.33,2352859.73,3750716.54
P0363,Real Estate,Medium,10,0.64,62606359.01,0.31,0.9,4,0.06,0.04,37034639.27,28057865.23,1203622.35,2440680.32,4679245.11
P0363,Real Estate,Medium,10,0.64,62606359.01,0.31,0.9,5,0.03,0.11,40991208.72,31242051.34,3414945.51,3163911.39,2571004.11
P0363,Real Estate,Medium,10,0.64,62606359.01,0.31,0.9,6,0.06,0.1,39713317.44,30135526.13,1179408.28,2857669.27,5863711.87
P0363,Real Estate,Medium,10,0.64,62606359.01,0.31,0.9,7,0.02,0.01,29394006.31,21382585.29,2574296.52,2030982.52,3938846.39
P0363,Real Estate,Medium,10,0.64,62606359.01,0.31,0.9,8,0.04,0.07,38484950.52,27692610.62,1819470.32,2801362.17,4776342.16
P0363,Real Estate,Medium,10,0.64,62606359.01,0.31,0.9,9,0.08,0.03,40564045.36,30583548.0,3380552.64,2865598.09,3446282.25
P0363,Real Estate,Medium,10,0.64,62606359.01,0.31,0.9,10,0.08,0.04,42820530.78,32909707.01,1184134.98,3126963.48,5560043.51
P0364,Real Estate,Small,7,0.69,105601019.61,0.24,0.3,1,0.04,0.03,31165059.1,13304113.94,12677866.5,1690432.87,-830082.54
P0364,Real Estate,Small,7,0.69,105601019.61,0.24,0.3,2,0.06,0.09,41883129.63,21138722.09,3435571.59,2576669.29,11284766.75
P0364,Real Estate,Small,7,0.69,105601019.61,0.24,0.3,3,0.06,0.06,65002609.0,29526270.61,5459899.97,3674368.83,21478745.71
P0364,Real Estate,Small,7,0.69,105601019.61,0.24,0.3,4,0.08,0.08,57466507.18,26759099.1,5615090.6,3265723.74,18236973.36
P0364,Real Estate,Small,7,0.69,105601019.61,0.24,0.3,5,0.06,0.02,68037981.75,31024795.28,3147293.46,4149941.57,23072714.71
P0364,Real Estate,Small,7,0.69,105601019.61,0.24,0.3,6,0.06,0.07,63347902.62,30919599.96,4873284.93,3380760.12,20413408.34
P0364,Real Estate,Small,7,0.69,105601019.61,0.24,0.3,7,0.08,0.02,62678975.37,28280998.36,1817972.73,3670955.04,23845133.08
P0365,Manufacturing,Medium,10,0.64,79374701.78,0.25,0.37,1,0.06,0.07,19721227.31,14192912.33,12210076.86,2086531.06,-10175742.28
P0365,Manufacturing,Medium,10,0.64,79374701.78,0.25,0.37,2,0.06,0.1,40963091.65,29519607.09,3743477.39,4822965.82,2052308.3
P0365,Manufacturing,Medium,10,0.64,79374701.78,0.25,0.37,3,0.04,-0.01,38097324.0,25540081.96,2714358.63,4210279.2,7002060.72
P0365,Manufacturing,Medium,10,0.64,79374701.78,0.25,0.37,4,0.08,0.03,43420451.08,34006439.38,4136459.52,4720405.57,2383361.59
P0365,Manufacturing,Medium,10,0.64,79374701.78,0.25,0.37,5,0.1,0.03,47428637.8,35842633.34,1228448.76,5873005.6,6293019.08
P0365,Manufacturing,Medium,10,0.64,79374701.78,0.25,0.37,6,0.06,0.13,53659387.25,37551936.11,4290875.33,6027548.93,7553497.2
P0365,Manufacturing,Medium,10,0.64,79374701.78,0.25,0.37,7,0.06,0.07,52162347.95,34471319.71,2465317.28,5389077.34,11486666.32
P0365,Manufacturing,Medium,10,0.64,79374701.78,0.25,0.37,8,0.06,0.09,51876776.95,36786545.14,1020252.12,5578165.09,9955677.48
P0365,Manufacturing,Medium,10,0.64,79374701.78,0.25,0.37,9,0.02,0.09,49747637.23,34791132.12,2041130.41,5288551.44,9128305.16
P0365,Manufacturing,Medium,10,0.64,79374701.78,0.25,0.37,10,0.04,0.12,52856593.38,38601361.1,1626631.06,5832356.57,8676791.8
P0366,Manufacturing,Medium,9,0.27,96342584.69,0.28,0.41,1,0.07,0.05,36396603.3,25010194.42,9748101.47,4544832.75,-6029475.2
P0366,Manufacturing,Medium,9,0.27,96342584.69,0.28,0.41,2,0.03,0.07,44153237.52,32990637.58,2844115.93,5714555.28,4051403.91
P0366,Manufacturing,Medium,9,0.27,96342584.69,0.28,0.41,3,0.08,0.05,64744252.52,47553930.43,4562021.95,7572369.32,6130972.64
P0366,Manufacturing,Medium,9,0.27,96342584.69,0.28,0.41,4,0.08,0.08,66116660.78,55585728.75,5501504.26,8602473.73,1114775.49
P0366,Manufacturing,Medium,9,0.27,96342584.69,0.28,0.41,5,0.03,0.06,67032311.55,53599589.73,2472620.88,8362369.4,7621005.13
P0366,Manufacturing,Medium,9,0.27,96342584.69,0.28,0.41,6,0.07,0.1,75838342.15,61219698.84,972309.0,8748537.6,8940140.04
P0366,Manufacturing,Medium,9,0.27,96342584.69,0.28,0.41,7,0.05,0.03,78028408.69,55205614.84,2809588.34,9983270.08,12955157.04
P0366,Manufacturing,Medium,9,0.27,96342584.69,0.28,0.41,8,0.05,0.09,69786009.99,53451559.71,3784986.92,7677146.12,10169232.93
P0366,Manufacturing,Medium,9,0.27,96342584.69,0.28,0.41,9,0.07,0.08,70262784.03,57066212.0,1996711.48,8831485.74,6716702.12
P0367,Manufacturing,Medium,7,0.75,28633092.55,0.17,0.49,1,0.06,0.1,13051550.86,9546997.32,2592393.04,895682.8,-572500.9
P0367,Manufacturing,Medium,7,0.75,28633092.55,0.17,0.49,2,0.04,0.05,14864201.43,10861885.01,1297965.76,854304.61,2022763.5
P0367,Manufacturing,Medium,7,0.75,28633092.55,0.17,0.49,3,0.05,0.06,20558159.85,15575090.38,991365.2,1285802.01,2703212.47
P0367,Manufacturing,Medium,7,0.75,28633092.55,0.17,0.49,4,0.06,0.05,19172462.06,14501171.77,1436798.09,1082345.84,2719926.48
P0367,Manufacturing,Medium,7,0.75,28633092.55,0.17,0.49,5,0.06,0.01,19284873.49,13130926.92,871261.88,1215994.88,4430368.09
P0367,Manufacturing,Medium,7,0.75,28633092.55,0.17,0.49,6,0.06,0.05,21061705.74,14461295.18,1046145.7,1304539.58,4607302.69
P0367,Manufacturing,Medium,7,0.75,28633092.55,0.17,0.49,7,0.07,0.05,17053957.38,13429107.37,447708.22,971395.94,3000750.75
P0368,Manufacturing,Medium,4,0.39,49363498.79,0.23,0.29,1,0.06,0.05,11588517.54,10026605.53,2668222.32,938188.44,-2312030.32
P0368,Manufacturing,Medium,4,0.39,49363498.79,0.23,0.29,2,0.05,0.08,17324625.88,13469105.74,1274079.65,1545586.57,1117761.2
P0368,Manufacturing,Medium,4,0.39,49363498.79,0.23,0.29,3,0.06,0.07,21019530.09,18032696.6,1724454.44,2013131.27,101364.13
P0368,Manufacturing,Medium,4,0.39,49363498.79,0.23,0.29,4,0.02,0.02,21492082.8,18471613.5,927444.87,2260060.19,1139966.22
P0369,Real Estate,Medium,7,0.47,162243767.97,0.26,0.68,1,0.07,0.06,23575503.22,16465659.86,9146016.99,2722121.79,-6567732.73
P0369,Real Estate,Medium,7,0.47,162243767.97,0.26,0.68,2,0.08,0.04,38821672.19,27159271.65,4513019.24,4429595.18,2444521.9
P0369,Real Estate,Medium,7,0.47,162243767.97,0.26,0.68,3,0.1,0.04,52711045.02,37488368.65,2963187.8,5438971.91,6928699.87
P0369,Real Estate,Medium,7,0.47,162243767.97,0.26,0.68,4,0.05,0.05,55528450.19,35343048.33,6235692.15,6702075.8,7685432.42
P0369,Real Estate,Medium,7,0.47,162243767.97,0.26,0.68,5,0.05,0.1,63278091.3,43931910.11,6667374.61,8131189.66,5964692.33
P0369,Real Estate,Medium,7,0.47,162243767.97,0.26,0.68,6,0.05,-0.01,54453322.72,36495035.5,2791862.01,5894717.85,13198002.93
P0369,Real Estate,Medium,7,0.47,162243767.97,0.26,0.68,7,0.09,0.1,68936875.86,42672274.85,1645775.91,7680001.75,16037862.76
P0370,Healthcare,Medium,7,0.39,68013975.87,0.26,0.2,1,0.08,0.06,26487337.75,14981522.24,9040088.09,3169491.13,-3414579.79
P0370,Healthcare,Medium,7,0.39,68013975.87,0.26,0.2,2,0.05,0.13,48354401.2,29041228.43,922714.09,6495388.33,10428179.24
P0370,Healthcare,Medium,7,0.39,68013975.87,0.26,0.2,3,0.05,0.01,49761640.73,30714653.24,2656343.45,6651816.36,11361099.8
P0370,Healthcare,Medium,7,0.39,68013975.87,0.26,0.2,4,0.05,0.07,49008024.82,29309089.23,3050269.27,5872450.46,12262050.1
P0370,Healthcare,Medium,7,0.39,68013975.87,0.26,0.2,5,0.08,0.09,52930153.33,33032600.6,950509.61,5346183.76,14373258.95
P0370,Healthcare,Medium,7,0.39,68013975.87,0.26,0.2,6,0.04,0.0,53047222.35,32910399.02,2871174.81,6862419.29,10688282.66
P0370,Healthcare,Medium,7,0.39,68013975.87,0.26,0.2,7,0.05,0.06,56903466.44,35244728.07,588771.94,6487340.91,15516449.03
P0371,Real Estate,Medium,9,0.39,152122980.76,0.18,0.78,1,0.06,0.06,52827043.39,31907452.16,16382688.78,6246296.59,-5758208.77
P0371,Real Estate,Medium,9,0.39,152122980.76,0.18,0.78,2,0.02,0.09,54919581.27,35229902.71,2318218.32,5869675.08,14069707.09
P0371,Real Estate,Medium,9,0.39,152122980.76,0.18,0.78,3,0.03,0.02,75783407.63,49768275.75,5312257.58,7662245.15,14908788.86
P0371,Real Estate,Medium,9,0.39,152122980.76,0.18,0.78,4,0.06,0.09,90002554.61,58127856.32,4776884.41,9047418.8,20466032.01
P0371,Real Estate,Medium,9,0.39,152122980.76,0.18,0.78,5,0.04,0.11,90657645.03,59164156.18,5101775.89,8967662.96,21435707.52
P0371,Real Estate,Medium,9,0.39,152122980.76,0.18,0.78,6,0.06,0.15,82669374.12,52950290.34,5669521.44,8473029.97,19083608.23
P0371,Real Estate,Medium,9,0.39,152122980.76,0.18,0.78,7,0.07,0.05,74739842.0,50132286.52,5252602.46,8002118.68,14903838.02
P0371,Real Estate,Medium,9,0.39,152122980.76,0.18,0.78,8,0.02,0.06,73509030.04,45281735.32,2892248.25,8255480.9,21059605.38
P0371,Real Estate,Medium,9,0.39,152122980.76,0.18,0.78,9,0.02,0.07,80179707.49,50887187.66,3905659.44,9693645.37,18812940.63
P0372,Real Estate,Medium,9,0.42,175539503.69,0.28,0.39,1,0.05,0.08,43382021.56,30212408.42,23044619.06,3277579.55,-16226649.13
P0372,Real Estate,Medium,9,0.42,175539503.69,0.28,0.39,2,0.03,0.09,58601959.93,36263315.62,5981690.41,4815075.07,8782585.22
P0372,Real Estate,Medium,9,0.42,175539503.69,0.28,0.39,3,0.08,0.03,89174781.89,54766846.49,7251159.71,6702191.98,15632243.01
P0372,Real Estate,Medium,9,0.42,175539503.69,0.28,0.39,4,0.04,0.07,79233054.58,51399590.97,2278536.91,6930498.28,17227369.26
P0372,Real Estate,Medium,9,0.42,175539503.69,0.28,0.39,5,0.03,0.05,75546966.82,47195737.86,3627946.86,6127224.94,17702923.8
P0372,Real Estate,Medium,9,0.42,175539503.69,0.28,0.39,6,0.07,0.08,82666474.62,50593616.82,8091494.96,5549691.43,15532795.44
P0372,Real Estate,Medium,9,0.42,175539503.69,0.28,0.39,7,0.06,0.02,90372836.52,57734903.35,3038079.51,6699330.71,20193457.38
P0372,Real Estate,Medium,9,0.42,175539503.69,0.28,0.39,8,0.09,-0.0,79911522.2,44727880.66,5733472.53,7082125.19,19331744.83
P0372,Real Estate,Medium,9,0.42,175539503.69,0.28,0.39,9,0.05,0.04,81245014.87,51196934.23,1140536.21,6859311.04,21285761.27
P0373,Manufacturing,Medium,8,0.83,31407141.11,0.25,0.42,1,0.03,0.06,9687647.25,6390577.5,3604463.21,1223851.56,-2219651.38
P0373,Manufacturing,Medium,8,0.83,31407141.11,0.25,0.42,2,0.05,0.08,16049823.81,11109202.79,1162163.14,2015297.21,1713354.29
P0373,Manufacturing,Medium,8,0.83,31407141.11,0.25,0.42,3,0.05,0.02,21848119.94,16574071.98,513156.11,2759172.23,2665435.29
P0373,Manufacturing,Medium,8,0.83,31407141.11,0.25,0.42,4,0.04,0.05,22342073.32,16404252.31,1034063.08,2463144.11,3983092.18
P0373,Manufacturing,Medium,8,0.83,31407141.11,0.25,0.42,5,0.05,0.08,22871961.83,14925248.04,1089841.81,2939007.12,4222702.68
P0373,Manufacturing,Medium,8,0.83,31407141.11,0.25,0.42,6,0.06,0.08,23594141.56,15387601.86,1469831.11,3266909.98,4408653.08
P0373,Manufacturing,Medium,8,0.83,31407141.11,0.25,0.42,7,0.05,0.04,22714684.48,15618800.87,1178524.34,2822415.53,4494587.32
P0373,Manufacturing,Medium,8,0.83,31407141.11,0.25,0.42,8,0.05,-0.01,21251351.34,13429123.76,435146.57,2706796.09,5324742.16
P0374,Manufacturing,Large,5,0.55,59242636.25,0.19,0.83,1,0.06,0.07,29580544.86,19745181.56,5026209.12,3976109.98,-1018901.79
P0374,Manufacturing,Large,5,0.55,59242636.25,0.19,0.83,2,0.05,0.1,37653005.38,23717878.46,992578.23,4465788.05,10013385.67
P0374,Manufacturing,Large,5,0.55,59242636.25,0.19,0.83,3,0.06,0.12,46251910.91,32401073.0,2738732.04,5900409.11,7195365.86
P0374,Manufacturing,Large,5,0.55,59242636.25,0.19,0.83,4,0.04,0.02,46544232.84,30201796.54,745598.29,5948593.66,12170891.62
P0374,Manufacturing,Large,5,0.55,59242636.25,0.19,0.83,5,0.05,0.04,45255659.06,29458595.95,1348584.4,5644040.69,12097715.2
P0375,Real Estate,Medium,6,0.38,29169936.02,0.26,0.32,1,0.02,0.11,7068492.0,5214648.72,4867771.44,481367.27,-3907472.96
P0375,Real Estate,Medium,6,0.38,29169936.02,0.26,0.32,2,0.03,-0.02,8218081.73,5680517.17,1554772.35,532770.12,260148.08
P0375,Real Estate,Medium,6,0.38,29169936.02,0.26,0.32,3,0.06,0.01,12869334.03,9945192.79,767892.31,849804.81,1115444.6
P0375,Real Estate,Medium,6,0.38,29169936.02,0.26,0.32,4,0.05,0.13,14262974.59,10984793.31,1203158.85,958070.3,1116333.4
P0375,Real Estate,Medium,6,0.38,29169936.02,0.26,0.32,5,0.05,0.08,12883718.24,9288070.96,669783.0,835976.88,1971333.37
P0375,Real Estate,Medium,6,0.38,29169936.02,0.26,0.32,6,0.07,0.06,14488793.26,10313844.83,487599.53,887155.12,2517722.59
P0376,Real Estate,Large,10,0.65,213505324.61,0.28,0.32,1,0.07,0.02,31550619.98,17427405.98,21737751.7,1963296.38,-13593735.6
P0376,Real Estate,Large,10,0.65,213505324.61,0.28,0.32,2,0.04,0.06,63049058.95,35141378.37,11156348.93,3766699.88,7142401.66
P0376,Real Estate,Large,10,0.65,213505324.61,0.28,0.32,3,0.05,0.15,77489985.49,39797286.54,10944133.28,4624490.31,14765188.08
P0376,Real Estate,Large,10,0.65,213505324.61,0.28,0.32,4,0.07,0.05,71144019.69,39859045.95,7606309.27,4279356.52,15594780.22
P0376,Real Estate,Large,10,0.65,213505324.61,0.28,0.32,5,0.06,0.05,64830838.52,35853148.26,8464109.06,3814547.56,11798522.78
P0376,Real Estate,Large,10,0.65,213505324.61,0.28,0.32,6,0.09,0.05,67443227.23,33843645.23,9792813.37,4370958.47,13304268.95
P0376,Real Estate,Large,10,0.65,213505324.61,0.28,0.32,7,0.06,0.06,85096117.96,48674523.12,10024049.13,4380435.13,16055803.88
P0376,Real Estate,Large,10,0.65,213505324.61,0.28,0.32,8,0.05,0.02,71804641.86,40493580.39,7327282.32,4838187.96,14660984.64
P0376,Real Estate,Large,10,0.65,213505324.61,0.28,0.32,9,0.05,0.01,76186245.05,39737666.58,4178830.83,4706786.49,22808958.52
P0376,Real Estate,Large,10,0.65,213505324.61,0.28,0.32,10,0.05,0.05,75861558.42,40913285.85,2015755.62,3971801.69,24141524.77
P0377,Energy,Medium,3,0.69,41731518.69,0.23,0.65,1,0.06,0.05,10260254.51,6684798.7,2908639.78,1423225.58,-1494366.35
P0377,Energy,Medium,3,0.69,41731518.69,0.23,0.65,2,0.02,0.06,14952920.54,9153934.78,1950902.01,1659749.03,2197268.18
P0377,Energy,Medium,3,0.69,41731518.69,0.23,0.65,3,0.04,0.08,18995377.15,11232968.24,1092408.06,2476607.37,4271945.08
P0378,Technology,Large,10,0.48,33138899.37,0.29,0.52,1,0.09,0.02,21631694.15,12650806.84,3825577.32,2396165.47,162718.45
P0378,Technology,Large,10,0.48,33138899.37,0.29,0.52,2,0.07,0.05,24985786.91,14377972.65,1632596.33,2994540.76,5133693.78
P0378,Technology,Large,10,0.48,33138899.37,0.29,0.52,3,0.08,0.06,37513133.42,23285554.31,1262099.31,3912803.49,7908078.53
P0378,Technology,Large,10,0.48,33138899.37,0.29,0.52,4,0.03,0.03,39156850.29,20795327.54,628248.3,4343471.19,11731764.45
P0378,Technology,Large,10,0.48,33138899.37,0.29,0.52,5,0.03,0.12,42598095.02,23207217.14,737295.86,4971868.24,11543540.84
P0378,Technology,Large,10,0.48,33138899.37,0.29,0.52,6,0.06,0.07,44747351.0,24645605.65,1710692.74,4786650.02,12335979.56
P0378,Technology,Large,10,0.48,33138899.37,0.29,0.52,7,0.06,0.12,35688665.25,18224125.96,1671375.99,4094666.78,11298285.09
P0378,Technology,Large,10,0.48,33138899.37,0.29,0.52,8,0.08,0.08,42831599.69,26509804.18,878423.56,4766557.07,10075428.94
P0378,Technology,Large,10,0.48,33138899.37,0.29,0.52,9,0.08,0.03,36321631.63,18996790.04,1002470.49,4239877.08,10947828.3
P0378,Technology,Large,10,0.48,33138899.37,0.29,0.52,10,0.07,0.1,44450655.45,26728220.13,381230.25,5426679.42,11308338.78
P0379,Energy,Small,3,0.31,104435654.27,0.2,0.47,1,0.09,0.06,16244477.59,8510527.94,14316796.59,1143474.0,-9075700.17
P0379,Energy,Small,3,0.31,104435654.27,0.2,0.47,2,0.03,0.1,21424157.35,10740327.39,2204545.27,1517364.59,6052531.4
P0379,Energy,Small,3,0.31,104435654.27,0.2,0.47,3,0.04,0.06,27728848.98,14618994.17,1383986.05,1885826.01,8477381.12
P0380,Infrastructure,Medium,4,0.67,87748282.86,0.23,0.5,1,0.05,0.05,15691462.66,10770851.57,11935184.24,741498.95,-9344803.16
P0380,Infrastructure,Medium,4,0.67,87748282.86,0.23,0.5,2,0.03,0.07,19991816.36,13555143.04,4123726.58,876658.01,743093.24
P0380,Infrastructure,Medium,4,0.67,87748282.86,0.23,0.5,3,0.02,0.1,23207680.02,16515763.36,5413798.93,1124923.75,-499205.65
P0380,Infrastructure,Medium,4,0.67,87748282.86,0.23,0.5,4,0.08,0.06,26912997.55,19446469.21,1292019.08,1239487.69,4478964.84
P0381,Real Estate,Large,10,0.39,178631305.77,0.17,0.51,1,0.05,0.06,30810028.33,22408124.82,10046049.42,3925804.74,-7104777.35
P0381,Real Estate,Large,10,0.39,178631305.77,0.17,0.51,2,0.07,0.11,47531401.21,32577176.06,5553356.52,6005748.32,5065908.21
P0381,Real Estate,Large,10,0.39,178631305.77,0.17,0.51,3,0.06,0.02,50233208.72,37667287.58,3882635.04,6163223.72,6608614.86
P0381,Real Estate,Large,10,0.39,178631305.77,0.17,0.51,4,0.09,0.08,61408783.21,42601036.51,8222476.04,7114406.03,6681060.5
P0381,Real Estate,Large,10,0.39,178631305.77,0.17,0.51,5,0.07,-0.01,49180286.1,33040428.37,9131062.17,6307012.64,5176878.76
P0381,Real Estate,Large,10,0.39,178631305.77,0.17,0.51,6,0.06,0.06,49929071.1,33879070.3,3628945.64,6898754.39,8898245.27
P0381,Real Estate,Large,10,0.39,178631305.77,0.17,0.51,7,0.07,0.12,63420367.33,44205378.62,3239458.19,7894537.93,12535016.18
P0381,Real Estate,Large,10,0.39,178631305.77,0.17,0.51,8,0.05,0.04,58343504.76,44125029.09,4530530.9,6599977.68,8297959.55
P0381,Real Estate,Large,10,0.39,178631305.77,0.17,0.51,9,0.06,0.02,62084464.69,42494239.2,9048218.01,8474693.23,5764017.97
P0381,Real Estate,Large,10,0.39,178631305.77,0.17,0.51,10,0.1,0.09,67178388.5,45681035.38,2005254.42,8695409.11,15196249.18
P0382,Technology,Large,3,0.39,7258182.34,0.25,0.54,1,0.04,0.07,2154593.18,1174161.34,953808.54,93353.94,-324715.37
P0382,Technology,Large,3,0.39,7258182.34,0.25,0.54,2,0.05,0.05,2675500.19,1350449.02,271020.05,121723.18,687189.61
P0382,Technology,Large,3,0.39,7258182.34,0.25,0.54,3,0.07,0.06,3132572.02,1719475.84,108107.04,145920.39,976615.55
P0383,Energy,Medium,7,0.8,68044007.71,0.28,0.5,1,0.07,0.02,21152381.97,15456839.92,6953842.0,1002646.53,-3670173.24
P0383,Energy,Medium,7,0.8,68044007.71,0.28,0.5,2,0.05,0.1,24048025.07,16906548.44,3925678.88,1163337.2,1006179.38
P0383,Energy,Medium,7,0.8,68044007.71,0.28,0.5,3,0.04,0.06,38975220.09,27015373.86,4126641.9,1802130.76,3871875.34
P0383,Energy,Medium,7,0.8,68044007.71,0.28,0.5,4,0.07,0.05,30982810.18,21755235.5,2687596.46,1513449.52,4157997.76
P0383,Energy,Medium,7,0.8,68044007.71,0.28,0.5,5,0.06,0.09,39649539.91,26359730.53,3966545.25,1969319.53,5369237.24
P0383,Energy,Medium,7,0.8,68044007.71,0.28,0.5,6,0.03,0.07,32740629.56,20814258.89,2465246.74,1609266.04,6378197.96
P0383,Energy,Medium,7,0.8,68044007.71,0.28,0.5,7,0.07,0.07,38462460.54,29612639.8,397115.72,1756991.94,5733387.21
P0384,Technology,Small,5,0.75,40478350.28,0.24,0.9,1,0.04,0.08,18348579.42,9702305.28,5286363.61,2165699.86,-955538.38
P0384,Technology,Small,5,0.75,40478350.28,0.24,0.9,2,0.09,0.06,23876270.86,13992541.58,1284874.83,3096728.5,5423844.29
P0384,Technology,Small,5,0.75,40478350.28,0.24,0.9,3,0.08,0.03,33748105.64,19167001.24,1942834.97,4147964.9,7888477.4
P0384,Technology,Small,5,0.75,40478350.28,0.24,0.9,4,0.08,0.04,38116818.82,20698241.25,1887972.26,4758027.46,9839401.34
P0384,Technology,Small,5,0.75,40478350.28,0.24,0.9,5,0.07,0.05,32765868.31,17676207.58,256222.11,4059735.43,11446741.78
P0385,Technology,Small,8,0.6,30618683.05,0.27,0.68,1,0.05,0.09,24481394.06,12621856.82,2667446.04,1861553.05,4258394.82
P0385,Technology,Small,8,0.6,30618683.05,0.27,0.68,2,0.08,0.03,26057036.63,13946395.53,1582691.8,2436613.24,6633024.76
P0385,Technology,Small,8,0.6,30618683.05,0.27,0.68,3,0.06,0.03,32179383.92,17198401.45,541924.53,2990300.23,9581423.2
P0385,Technology,Small,8,0.6,30618683.05,0.27,0.68,4,0.03,0.04,33459856.05,17139964.8,396536.37,2847185.51,11740050.61
P0385,Technology,Small,8,0.6,30618683.05,0.27,0.68,5,0.07,0.07,38700531.4,19355822.54,433829.7,3198419.19,13210547.62
P0385,Technology,Small,8,0.6,30618683.05,0.27,0.68,6,0.06,0.09,39572018.97,20595218.85,1454465.64,3878130.93,12248928.74
P0385,Technology,Small,8,0.6,30618683.05,0.27,0.68,7,0.09,0.05,40551175.93,22229624.76,1507486.69,3521491.71,11959807.84
P0385,Technology,Small,8,0.6,30618683.05,0.27,0.68,8,0.09,0.02,37484962.49,18626451.02,369438.32,3205348.34,14479372.71
P0386,Manufacturing,Medium,8,0.71,23495907.74,0.23,0.44,1,0.03,0.06,5185598.24,4465510.34,3587104.84,514350.66,-3444998.87
P0386,Manufacturing,Medium,8,0.71,23495907.74,0.23,0.44,2,0.03,0.06,7204630.49,5756080.74,558655.29,785208.52,293885.75
P0386,Manufacturing,Medium,8,0.71,23495907.74,0.23,0.44,3,0.05,0.08,8796842.54,6954074.42,1159410.88,914719.38,142965.57
P0386,Manufacturing,Medium,8,0.71,23495907.74,0.23,0.44,4,0.08,0.1,10809726.04,9547878.9,1268897.37,1222838.2,-573781.02
P0386,Manufacturing,Medium,8,0.71,23495907.74,0.23,0.44,5,0.07,-0.0,9674377.27,8461166.78,518679.92,1100710.5,545527.07
P0386,Manufacturing,Medium,8,0.71,23495907.74,0.23,0.44,6,0.07,0.06,9045520.02,7936548.24,785689.63,951224.04,214068.77
P0386,Manufacturing,Medium,8,0.71,23495907.74,0.23,0.44,7,0.1,0.06,11565736.65,10743399.41,1023750.9,1235485.59,-649876.19
P0386,Manufacturing,Medium,8,0.71,23495907.74,0.23,0.44,8,0.06,-0.01,9895831.35,8385893.09,530954.54,1005288.85,856323.87
P0387,Infrastructure,Large,8,0.57,330185429.85,0.25,0.39,1,0.08,0.06,50043226.22,34943450.48,16500149.09,6443353.5,-12006551.07
P0387,Infrastructure,Large,8,0.57,330185429.85,0.25,0.39,2,0.07,-0.04,67434694.21,44469206.0,14799998.89,8684874.94,183629.59
P0387,Infrastructure,Large,8,0.57,330185429.85,0.25,0.39,3,0.06,0.09,97532197.63,65160999.9,9873808.45,11666828.26,11354124.1
P0387,Infrastructure,Large,8,0.57,330185429.85,0.25,0.39,4,0.04,0.06,125022946.49,74460962.26,18905015.69,15473472.29,14695241.84
P0387,Infrastructure,Large,8,0.57,330185429.85,0.25,0.39,5,0.06,0.04,94697198.69,58769082.41,13341165.21,10252852.78,19327901.85
P0387,Infrastructure,Large,8,0.57,330185429.85,0.25,0.39,6,0.07,0.04,110220873.95,67247999.72,14529121.21,13780432.97,13644716.84
P0387,Infrastructure,Large,8,0.57,330185429.85,0.25,0.39,7,0.03,0.05,94679231.56,61096130.49,4874940.74,11498653.27,22120167.98
P0387,Infrastructure,Large,8,0.57,330185429.85,0.25,0.39,8,0.03,0.0,94260659.1,62569829.46,4222568.34,11203769.0,20339214.15
P0388,Manufacturing,Medium,7,0.87,21522936.26,0.18,0.46,1,0.06,0.04,6745665.42,4658377.49,3305520.07,683146.26,-2319764.51
P0388,Manufacturing,Medium,7,0.87,21522936.26,0.18,0.46,2,0.04,0.05,11609224.04,7574406.31,374615.72,1169661.44,2503016.58
P0388,Manufacturing,Medium,7,0.87,21522936.26,0.18,0.46,3,0.04,0.04,14226227.28,9886799.7,417501.59,1455375.07,2719649.38
P0388,Manufacturing,Medium,7,0.87,21522936.26,0.18,0.46,4,0.06,0.09,15142458.02,10332982.43,720450.43,1440261.38,3250843.95
P0388,Manufacturing,Medium,7,0.87,21522936.26,0.18,0.46,5,0.07,0.06,15818123.36,9837110.6,890593.92,1398599.29,4150333.27
P0388,Manufacturing,Medium,7,0.87,21522936.26,0.18,0.46,6,0.07,0.02,16249283.65,11488434.61,526696.21,1684413.3,3159943.27
P0388,Manufacturing,Medium,7,0.87,21522936.26,0.18,0.46,7,0.08,0.02,14846724.78,9719419.72,202584.96,1443099.34,4273907.64
P0389,Healthcare,Small,4,0.48,43550810.28,0.23,0.7,1,0.09,0.11,13813904.77,10353753.12,3492368.43,1846092.68,-2700116.6
P0389,Healthcare,Small,4,0.48,43550810.28,0.23,0.7,2,0.04,0.07,21216868.16,15177720.32,2264006.49,2774598.91,1516675.35
P0389,Healthcare,Small,4,0.48,43550810.28,0.23,0.7,3,0.09,0.06,28698501.53,18576743.07,1410343.12,3592094.38,5867770.69
P0389,Healthcare,Small,4,0.48,43550810.28,0.23,0.7,4,0.09,0.04,27964943.43,21681885.69,542698.65,3885027.37,4130006.71
P0390,Real Estate,Large,9,0.52,45026915.85,0.22,0.69,1,0.02,0.05,13773250.54,9349975.39,4275024.6,1206436.11,-1935303.59
P0390,Real Estate,Large,9,0.52,45026915.85,0.22,0.69,2,0.06,0.11,20611654.07,13644156.03,1515482.39,1721294.14,3479319.04
P0390,Real Estate,Large,9,0.52,45026915.85,0.22,0.69,3,0.05,0.04,21241629.99,14960797.2,3012291.04,1974541.58,1636229.33
P0390,Real Estate,Large,9,0.52,45026915.85,0.22,0.69,4,0.04,0.09,27378847.32,18464342.98,643443.61,2509885.83,5882996.28
P0390,Real Estate,Large,9,0.52,45026915.85,0.22,0.69,5,0.04,0.09,23553758.94,14170191.77,1475431.84,2073108.08,6375086.57
P0390,Real Estate,Large,9,0.52,45026915.85,0.22,0.69,6,0.05,0.06,24329740.97,15850246.67,903399.01,2285540.15,5152537.34
P0390,Real Estate,Large,9,0.52,45026915.85,0.22,0.69,7,0.05,0.05,26593822.09,18105075.25,2353177.63,2380442.25,4148138.12
P0390,Real Estate,Large,9,0.52,45026915.85,0.22,0.69,8,0.05,0.08,27341486.18,19817289.58,851588.05,2499853.67,4917960.85
P0390,Real Estate,Large,9,0.52,45026915.85,0.22,0.69,9,0.07,0.08,24198911.73,16691471.34,607751.87,1926052.4,5852607.07
P0391,Real Estate,Large,10,0.62,180195026.21,0.28,0.44,1,0.08,0.07,42079763.01,30651790.82,18208090.23,2181457.07,-12812661.16
P0391,Real Estate,Large,10,0.62,180195026.21,0.28,0.44,2,0.06,0.1,78144838.76,54858677.04,5409127.34,3515122.13,10252312.45
P0391,Real Estate,Large,10,0.62,180195026.21,0.28,0.44,3,0.05,0.08,84070355.47,59224563.67,7133325.26,3720630.22,10166002.55
P0391,Real Estate,Large,10,0.62,180195026.21,0.28,0.44,4,0.04,0.12,95143060.74,68235229.32,6494704.95,4166762.01,12368299.75
P0391,Real Estate,Large,10,0.62,180195026.21,0.28,0.44,5,0.06,0.06,99623572.03,70095828.23,3705314.37,5142606.25,15840113.05
P0391,Real Estate,Large,10,0.62,180195026.21,0.28,0.44,6,0.05,0.02,94369666.52,67398854.59,2494318.77,4397425.05,17499062.45
P0391,Real Estate,Large,10,0.62,180195026.21,0.28,0.44,7,0.03,0.06,99377073.98,63235799.24,4795727.0,4869338.95,20640544.01
P0391,Real Estate,Large,10,0.62,180195026.21,0.28,0.44,8,0.05,0.02,81436357.36,58509765.33,7236050.49,4221028.62,10051060.07
P0391,Real Estate,Large,10,0.62,180195026.21,0.28,0.44,9,0.03,-0.05,80675756.89,49697505.08,7143716.71,4252240.29,15600665.9
P0391,Real Estate,Large,10,0.62,180195026.21,0.28,0.44,10,0.08,0.08,109666622.65,70901267.18,2873640.37,5784500.34,23073848.23
P0392,Manufacturing,Medium,4,0.24,90364872.44,0.18,0.59,1,0.03,0.05,26302191.77,15854196.4,10289720.81,2220317.53,-4118441.48
P0392,Manufacturing,Medium,4,0.24,90364872.44,0.18,0.59,2,0.05,0.12,48148668.29,27523213.22,2124296.8,3753664.94,13057358.17
P0392,Manufacturing,Medium,4,0.24,90364872.44,0.18,0.59,3,0.05,0.05,58993712.22,33290567.87,4617852.65,4661569.03,15457080.89
P0392,Manufacturing,Medium,4,0.24,90364872.44,0.18,0.59,4,0.04,0.07,50581588.21,30181391.54,1861469.18,4191344.51,15474280.16
P0393,Real Estate,Medium,9,0.62,55546769.34,0.17,0.43,1,0.06,0.0,18977767.41,9427424.3,6977356.31,1248583.81,-249474.85
P0393,Real Estate,Medium,9,0.62,55546769.34,0.17,0.43,2,0.06,0.02,26559561.41,14474508.17,1672681.13,1607573.79,8462427.06
P0393,Real Estate,Medium,9,0.62,55546769.34,0.17,0.43,3,0.05,0.09,36678085.81,19340973.97,2417789.71,2408216.47,11656872.78
P0393,Real Estate,Medium,9,0.62,55546769.34,0.17,0.43,4,0.1,-0.0,30836971.46,15862802.06,962034.96,1906375.76,12378540.45
P0393,Real Estate,Medium,9,0.62,55546769.34,0.17,0.43,5,0.08,0.07,34270261.27,18306255.63,2183181.73,1977893.99,11043302.99
P0393,Real Estate,Medium,9,0.62,55546769.34,0.17,0.43,6,0.04,0.04,38137317.84,17008991.87,1338678.66,2373760.33,15484267.67
P0393,Real Estate,Medium,9,0.62,55546769.34,0.17,0.43,7,0.07,0.03,35260363.04,18524554.06,2195859.41,1933614.02,11948269.41
P0393,Real Estate,Medium,9,0.62,55546769.34,0.17,0.43,8,0.06,0.05,33044033.18,17746469.42,2430594.93,2003203.94,9549557.82
P0393,Real Estate,Medium,9,0.62,55546769.34,0.17,0.43,9,0.06,0.06,39022010.12,19249930.08,1079317.23,2391944.72,15379836.32
P0394,Infrastructure,Large,9,0.62,148092548.17,0.3,0.51,1,0.1,0.02,33768980.97,26540743.31,9660969.71,3751121.51,-7880964.83
P0394,Infrastructure,Large,9,0.62,148092548.17,0.3,0.51,2,0.03,0.05,48454476.5,37942453.29,3158616.17,5547073.37,2350846.65
P0394,Infrastructure,Large,9,0.62,148092548.17,0.3,0.51,3,0.06,0.08,57061454.88,43551264.52,7836453.56,6381499.61,777998.98
P0394,Infrastructure,Large,9,0.62,148092548.17,0.3,0.51,4,0.05,0.01,47112758.74,36790692.4,3340798.63,5223720.81,5179930.25
P0394,Infrastructure,Large,9,0.62,148092548.17,0.3,0.51,5,0.06,0.09,58163813.82,46321436.43,4136184.5,6680069.34,2637983.37
P0394,Infrastructure,Large,9,0.62,148092548.17,0.3,0.51,6,0.05,0.03,61037237.89,50168493.86,1602965.92,6991294.35,5425941.76
P0394,Infrastructure,Large,9,0.62,148092548.17,0.3,0.51,7,0.07,0.05,57325876.68,44049328.28,4817140.12,6320375.59,4872438.62
P0394,Infrastructure,Large,9,0.62,148092548.17,0.3,0.51,8,0.1,0.03,64376007.5,51679867.98,5512395.71,7313495.3,2452293.43
P0394,Infrastructure,Large,9,0.62,148092548.17,0.3,0.51,9,0.06,0.03,64374156.81,47689248.54,2721466.99,6579623.83,9026849.67
P0395,Real Estate,Medium,7,0.63,63436580.84,0.27,0.17,1,0.05,-0.0,14730135.74,8552417.38,3405047.77,995644.82,119236.74
P0395,Real Estate,Medium,7,0.63,63436580.84,0.27,0.17,2,0.07,0.03,19482988.85,13149746.66,1907506.23,1574150.9,2111330.65
P0395,Real Estate,Medium,7,0.63,63436580.84,0.27,0.17,3,0.04,0.1,23411201.98,14740330.22,1247432.82,2138685.19,4473988.04
P0395,Real Estate,Medium,7,0.63,63436580.84,0.27,0.17,4,0.07,0.11,30426457.6,19345989.16,2813020.15,2655240.72,4773030.62
P0395,Real Estate,Medium,7,0.63,63436580.84,0.27,0.17,5,0.05,0.07,27772649.94,15454652.55,2607444.44,2317906.71,6818544.99
P0395,Real Estate,Medium,7,0.63,63436580.84,0.27,0.17,6,0.06,0.07,25554187.67,15681543.67,1035108.1,1861129.12,6634701.19
P0395,Real Estate,Medium,7,0.63,63436580.84,0.27,0.17,7,0.07,0.04,24096293.51,15624502.82,589518.67,2059943.79,5638584.82
P0396,Real Estate,Medium,3,0.58,97146725.29,0.26,0.49,1,0.08,0.02,21865938.41,12472276.34,8139885.35,952330.49,-2163353.22
P0396,Real Estate,Medium,3,0.58,97146725.29,0.26,0.49,2,0.09,0.13,42250804.09,27347022.12,5766218.42,2154008.73,3802300.91
P0396,Real Estate,Medium,3,0.58,97146725.29,0.26,0.49,3,0.04,0.03,42369710.09,25187890.47,1719522.48,2068748.75,10734141.63
P0397,Energy,Small,6,0.8,150850312.54,0.29,0.32,1,0.05,-0.0,33093848.92,18288584.46,9501552.14,1823117.06,-783082.79
P0397,Energy,Small,6,0.8,150850312.54,0.29,0.32,2,0.05,0.1,48389527.49,26022091.1,8162229.99,2401502.71,7271339.66
P0397,Energy,Small,6,0.8,150850312.54,0.29,0.32,3,0.05,0.03,57970629.02,31718963.95,2930363.56,3187005.46,15538670.51
P0397,Energy,Small,6,0.8,150850312.54,0.29,0.32,4,0.05,0.05,60216936.72,33223282.92,6393462.71,3246907.68,12976973.52
P0397,Energy,Small,6,0.8,150850312.54,0.29,0.32,5,0.07,0.06,66669795.21,37312434.35,3661273.02,3411056.29,16322618.85
P0397,Energy,Small,6,0.8,150850312.54,0.29,0.32,6,0.06,0.06,68042752.1,38868917.18,2920859.27,3884319.81,17740127.43
P0398,Energy,Small,9,0.56,144361302.01,0.26,0.75,1,0.07,0.05,29783095.67,17118841.64,13499409.03,2767608.5,-6589130.2
P0398,Energy,Small,9,0.56,144361302.01,0.26,0.75,2,0.07,0.09,48031706.98,28349494.32,3145615.93,4390365.64,9687805.54
P0398,Energy,Small,9,0.56,144361302.01,0.26,0.75,3,0.03,0.1,58620832.39,36806904.7,2019822.64,5165214.63,13442699.97
P0398,Energy,Small,9,0.56,144361302.01,0.26,0.75,4,0.05,0.02,58314933.42,33884484.95,5394392.3,4667135.24,13310545.24
P0398,Energy,Small,9,0.56,144361302.01,0.26,0.75,5,0.08,0.05,60077324.5,34485634.17,3901024.25,5583785.7,13663165.79
P0398,Energy,Small,9,0.56,144361302.01,0.26,0.75,6,0.03,0.07,63506578.14,36212851.31,7439432.35,5649345.2,12788263.84
P0398,Energy,Small,9,0.56,144361302.01,0.26,0.75,7,0.1,0.08,49114510.65,29976366.76,2991994.45,4426437.54,11948414.82
P0398,Energy,Small,9,0.56,144361302.01,0.26,0.75,8,0.05,0.02,60033103.02,33505149.82,4955916.63,5093015.44,13465524.08
P0398,Energy,Small,9,0.56,144361302.01,0.26,0.75,9,0.05,0.08,63509979.61,37511640.09,1556416.71,5546497.66,17290751.1
P0399,Manufacturing,Medium,10,0.68,93790664.98,0.22,0.21,1,0.04,0.03,21842880.83,15499588.14,5183056.55,1220906.61,-1466135.03
P0399,Manufacturing,Medium,10,0.68,93790664.98,0.22,0.21,2,0.06,0.05,35372781.07,24553187.74,4999431.4,2172001.19,2456111.56
P0399,Manufacturing,Medium,10,0.68,93790664.98,0.22,0.21,3,0.06,-0.0,37335829.35,25841728.43,3181612.21,2201307.2,5919595.91
P0399,Manufacturing,Medium,10,0.68,93790664.98,0.22,0.21,4,0.07,0.03,42847794.72,31016753.45,4876863.25,2452685.21,3994758.07
P0399,Manufacturing,Medium,10,0.68,93790664.98,0.22,0.21,5,0.04,0.06,50549804.91,36979874.12,3505311.07,2889723.45,6646661.64
P0399,Manufacturing,Medium,10,0.68,93790664.98,0.22,0.21,6,0.05,0.08,43246468.39,30300873.22,1435316.44,2613811.26,8600094.59
P0399,Manufacturing,Medium,10,0.68,93790664.98,0.22,0.21,7,0.09,0.07,43458704.31,29878011.43,1198192.73,2257935.03,9715489.14
P0399,Manufacturing,Medium,10,0.68,93790664.98,0.22,0.21,8,0.03,0.01,48532124.08,33969315.88,1782892.75,2859493.68,9146950.72
P0399,Manufacturing,Medium,10,0.68,93790664.98,0.22,0.21,9,0.08,0.05,45832588.52,32276051.45,3759135.38,2480231.51,7149066.34
P0399,Manufacturing,Medium,10,0.68,93790664.98,0.22,0.21,10,0.05,0.07,47406643.9,31249627.73,1950968.09,2666890.41,10143214.06
P0400,Energy,Medium,6,0.74,117241599.02,0.31,0.4,1,0.02,0.01,18074137.01,11020742.99,15302604.3,1011361.26,-11063771.74
P0400,Energy,Medium,6,0.74,117241599.02,0.31,0.4,2,0.04,0.01,32956128.5,19225616.03,2580935.74,1611799.42,6386383.15
P0400,Energy,Medium,6,0.74,117241599.02,0.31,0.4,3,0.08,-0.02,35566522.65,22226045.14,5869832.73,1932282.84,3295590.73
P0400,Energy,Medium,6,0.74,117241599.02,0.31,0.4,4,0.06,0.15,45802798.49,27663839.77,2491490.33,2383503.14,9179847.8
P0400,Energy,Medium,6,0.74,117241599.02,0.31,0.4,5,0.08,0.08,54286568.89,35297237.94,3523015.84,2897812.78,9265625.3
P0400,Energy,Medium,6,0.74,117241599.02,0.31,0.4,6,0.04,-0.08,39562591.9,24754231.94,1305684.55,2055633.49,9062371.75
P0401,Real Estate,Small,6,0.39,24953587.72,0.24,0.32,1,0.04,0.09,5588883.52,2849710.52,1892904.16,466374.56,-279124.32
P0401,Real Estate,Small,6,0.39,24953587.72,0.24,0.32,2,0.06,0.02,8502594.33,4366613.75,343271.19,635419.29,2563629.25
P0401,Real Estate,Small,6,0.39,24953587.72,0.24,0.32,3,0.05,0.02,10056835.68,4987499.79,380832.87,755269.89,3156396.26
P0401,Real Estate,Small,6,0.39,24953587.72,0.24,0.32,4,0.06,0.06,10071377.52,5100590.76,376022.82,745168.4,3297129.31
P0401,Real Estate,Small,6,0.39,24953587.72,0.24,0.32,5,0.05,0.02,9688240.94,4754143.78,884603.63,743399.5,2866513.94
P0401,Real Estate,Small,6,0.39,24953587.72,0.24,0.32,6,0.08,0.04,10887633.89,5675594.99,433286.41,769315.57,3420086.94
P0402,Infrastructure,Medium,6,0.44,195499782.19,0.18,0.43,1,0.06,0.03,44188159.62,29488385.93,24223257.21,5344889.71,-17912390.33
P0402,Infrastructure,Medium,6,0.44,195499782.19,0.18,0.43,2,0.03,0.0,56306433.98,38397091.85,9306959.71,6214353.54,4771446.05
P0402,Infrastructure,Medium,6,0.44,195499782.19,0.18,0.43,3,0.06,-0.0,101434292.49,72605770.03,9794598.97,10535873.75,9283012.18
P0402,Infrastructure,Medium,6,0.44,195499782.19,0.18,0.43,4,0.04,0.04,84639353.27,49607252.38,4560324.01,9747827.04,24781811.17
P0402,Infrastructure,Medium,6,0.44,195499782.19,0.18,0.43,5,0.05,0.02,110972076.53,70672839.38,10068970.49,12493820.63,20839916.42
P0402,Infrastructure,Medium,6,0.44,195499782.19,0.18,0.43,6,0.07,0.01,89479249.03,59502334.98,1689500.07,10614240.95,24166299.35
P0403,Energy,Medium,7,0.41,206126965.85,0.22,0.8,1,0.04,0.06,70422387.63,46143324.11,20435164.03,3404443.47,-4851634.36
P0403,Energy,Medium,7,0.41,206126965.85,0.22,0.8,2,0.06,0.02,92873383.3,68721175.78,4330632.76,4389203.69,12908859.79
P0403,Energy,Medium,7,0.41,206126965.85,0.22,0.8,3,0.02,0.11,133750885.42,92656929.28,4066736.2,6629121.7,25590593.12
P0403,Energy,Medium,7,0.41,206126965.85,0.22,0.8,4,0.06,0.1,133300251.27,95080776.94,3681053.73,6114765.59,26619972.97
P0403,Energy,Medium,7,0.41,206126965.85,0.22,0.8,5,0.03,0.04,131959874.6,85395279.79,2251577.59,6647203.54,33509169.93
P0403,Energy,Medium,7,0.41,206126965.85,0.22,0.8,6,0.05,0.05,142752660.68,100187696.07,4504422.04,6870876.64,29702307.09
P0403,Energy,Medium,7,0.41,206126965.85,0.22,0.8,7,0.02,0.01,123629690.15,82047615.49,3748770.03,6387526.72,29133627.51
P0404,Technology,Small,9,0.45,14221513.48,0.3,0.47,1,0.04,0.09,6381631.26,3264021.41,2289239.71,618356.06,-734974.43
P0404,Technology,Small,9,0.45,14221513.48,0.3,0.47,2,0.05,-0.02,7423373.02,3979086.13,750612.88,706753.3,1575843.89
P0404,Technology,Small,9,0.45,14221513.48,0.3,0.47,3,0.05,0.06,11059097.39,6001175.06,189883.64,1017671.98,3198428.16
P0404,Technology,Small,9,0.45,14221513.48,0.3,0.47,4,0.05,0.09,11771252.92,6463947.3,706072.5,1041975.67,3095356.03
P0404,Technology,Small,9,0.45,14221513.48,0.3,0.47,5,0.09,0.12,12809298.5,6675188.88,701332.52,1227889.06,3500118.4
P0404,Technology,Small,9,0.45,14221513.48,0.3,0.47,6,0.05,0.02,10012494.4,5477417.11,508618.17,988437.52,2739690.54
P0404,Technology,Small,9,0.45,14221513.48,0.3,0.47,7,0.07,0.04,11816977.61,6439677.16,272733.25,1012241.84,3331291.48
P0404,Technology,Small,9,0.45,14221513.48,0.3,0.47,8,0.05,0.01,10264288.85,5470663.49,729965.99,962153.05,2625500.32
P0404,Technology,Small,9,0.45,14221513.48,0.3,0.47,9,0.05,0.05,10917492.71,5536856.71,116603.46,992424.29,3710897.56
P0405,Energy,Medium,5,0.37,247127807.86,0.25,0.49,1,0.06,0.06,68495587.82,42834843.88,24778978.19,5787076.5,-12035427.92
P0405,Energy,Medium,5,0.37,247127807.86,0.25,0.49,2,0.1,0.0,99132481.42,67615171.63,8236617.18,7781229.56,12534495.46
P0405,Energy,Medium,5,0.37,247127807.86,0.25,0.49,3,0.04,0.14,119185651.07,77618641.88,4628660.49,10041904.52,23538113.87
P0405,Energy,Medium,5,0.37,247127807.86,0.25,0.49,4,0.07,0.07,126287406.57,89234370.2,8429428.05,9418118.08,19462100.76
P0405,Energy,Medium,5,0.37,247127807.86,0.25,0.49,5,0.1,0.08,121252763.58,81848031.1,3711708.11,10882408.06,24470490.09
P0406,Infrastructure,Small,9,0.77,210867672.17,0.24,0.44,1,0.03,-0.02,32180411.09,20275636.02,27422344.74,1724887.71,-20517711.64
P0406,Infrastructure,Small,9,0.77,210867672.17,0.24,0.44,2,0.05,0.04,43183822.02,27859402.51,10889580.15,2525419.95,-59617.71
P0406,Infrastructure,Small,9,0.77,210867672.17,0.24,0.44,3,0.09,0.06,60737194.41,40976312.02,9604899.3,3128409.93,4963258.95
P0406,Infrastructure,Small,9,0.77,210867672.17,0.24,0.44,4,0.02,0.05,56070178.12,32318766.59,3469845.63,3013560.73,15027272.93
P0406,Infrastructure,Small,9,0.77,210867672.17,0.24,0.44,5,0.08,-0.01,62237306.86,43585635.88,5758145.83,3249050.37,8269373.95
P0406,Infrastructure,Small,9,0.77,210867672.17,0.24,0.44,6,0.05,-0.02,55697200.12,33316209.71,6540347.86,2677920.12,11351776.67
P0406,Infrastructure,Small,9,0.77,210867672.17,0.24,0.44,7,0.04,0.03,65365126.78,40783678.31,9652940.93,3937778.97,8135684.23
P0406,Infrastructure,Small,9,0.77,210867672.17,0.24,0.44,8,0.04,0.03,56435726.96,38930945.98,3489949.04,3212642.24,10309980.64
P0406,Infrastructure,Small,9,0.77,210867672.17,0.24,0.44,9,0.02,0.01,61134980.9,41112817.44,1093654.37,3537900.9,14249864.61
P0407,Healthcare,Medium,7,0.38,108173277.09,0.31,0.33,1,0.06,-0.0,43798881.33,31519292.55,7202725.25,1920254.75,-624463.7
P0407,Healthcare,Medium,7,0.38,108173277.09,0.31,0.33,2,0.06,0.06,58903221.21,38120583.7,3861160.07,2678682.58,9168629.36
P0407,Healthcare,Medium,7,0.38,108173277.09,0.31,0.33,3,0.05,-0.02,60521863.19,38052794.09,4344695.89,3015979.09,10516354.81
P0407,Healthcare,Medium,7,0.38,108173277.09,0.31,0.33,4,0.07,0.07,54074168.9,36578449.92,1515259.93,2767575.71,11444627.64
P0407,Healthcare,Medium,7,0.38,108173277.09,0.31,0.33,5,0.04,0.02,74196564.51,55027505.7,5542207.04,3500788.78,6853282.9
P0407,Healthcare,Medium,7,0.38,108173277.09,0.31,0.33,6,0.06,0.02,77804244.98,54277916.29,5181549.61,3414805.11,10835299.68
P0407,Healthcare,Medium,7,0.38,108173277.09,0.31,0.33,7,0.06,0.02,78779071.8,51174120.87,2409293.96,3399175.65,17915031.52
P0408,Energy,Small,4,0.6,57572321.41,0.21,0.9,1,0.08,0.06,24548173.38,13270360.36,4255699.54,2073918.44,2497856.37
P0408,Energy,Small,4,0.6,57572321.41,0.21,0.9,2,0.02,0.12,26353573.04,14447493.09,1178013.46,2163065.77,7803973.19
P0408,Energy,Small,4,0.6,57572321.41,0.21,0.9,3,0.07,0.09,33121846.13,17921626.92,2883071.52,2719359.86,8546443.02
P0408,Energy,Small,4,0.6,57572321.41,0.21,0.9,4,0.04,-0.01,30477375.62,15749636.4,348686.21,2578813.44,11646646.11
P0409,Manufacturing,Small,9,0.55,46879112.98,0.26,0.4,1,0.07,0.05,21404977.09,15308289.52,4643459.32,1580017.21,-1840474.73
P0409,Manufacturing,Small,9,0.55,46879112.98,0.26,0.4,2,0.06,-0.02,26019861.91,20675970.65,2412692.34,2358412.51,771266.15
P0409,Manufacturing,Small,9,0.55,46879112.98,0.26,0.4,3,0.02,0.07,27135336.46,20685908.4,2633068.82,2368514.37,1963365.29
P0409,Manufacturing,Small,9,0.55,46879112.98,0.26,0.4,4,0.06,0.08,34243240.84,29560341.98,2314103.97,2986100.75,552718.51
P0409,Manufacturing,Small,9,0.55,46879112.98,0.26,0.4,5,0.04,0.02,28130112.85,21557024.58,2895666.27,2244747.86,2691441.75
P0409,Manufacturing,Small,9,0.55,46879112.98,0.26,0.4,6,0.06,0.04,27892421.32,21671199.9,601680.18,2113293.69,4108359.62
P0409,Manufacturing,Small,9,0.55,46879112.98,0.26,0.4,7,0.03,0.04,31494337.04,24940728.61,2802659.34,2622749.98,1460501.7
P0409,Manufacturing,Small,9,0.55,46879112.98,0.26,0.4,8,0.05,0.04,27855133.78,21459200.64,1978081.43,2214531.41,3079123.46
P0409,Manufacturing,Small,9,0.55,46879112.98,0.26,0.4,9,0.06,0.05,32400545.4,28843033.3,795283.31,2755790.28,1260433.52
P0410,Real Estate,Medium,9,0.42,161247603.65,0.19,0.44,1,0.02,0.01,44967769.71,21606974.24,14976858.24,5083969.2,-1192597.08
P0410,Real Estate,Medium,9,0.42,161247603.65,0.19,0.44,2,0.04,0.09,69542079.44,33704398.82,3364030.68,8232649.39,22352405.62
P0410,Real Estate,Medium,9,0.42,161247603.65,0.19,0.44,3,0.05,0.1,83184819.36,39241213.63,7192563.27,9828268.36,27508963.09
P0410,Real Estate,Medium,9,0.42,161247603.65,0.19,0.44,4,0.03,0.07,76685549.37,38294882.41,3010363.22,9150493.89,27790063.66
P0410,Real Estate,Medium,9,0.42,161247603.65,0.19,0.44,5,0.08,0.01,73254052.82,39615992.28,7902301.85,7664478.23,20526926.33
P0410,Real Estate,Medium,9,0.42,161247603.65,0.19,0.44,6,0.03,0.06,84766940.46,42342275.28,9182373.25,9170569.41,24730938.85
P0410,Real Estate,Medium,9,0.42,161247603.65,0.19,0.44,7,0.05,0.02,70036098.77,33573712.6,2458825.96,8733753.15,27003596.56
P0410,Real Estate,Medium,9,0.42,161247603.65,0.19,0.44,8,0.04,-0.0,71721461.22,34640707.95,4436603.66,8131596.7,25541132.8
P0410,Real Estate,Medium,9,0.42,161247603.65,0.19,0.44,9,0.05,0.08,83759123.09,42134236.69,2065465.7,10112282.75,28989566.34
P0411,Energy,Medium,4,0.5,152109302.71,0.22,0.5,1,0.05,0.09,23081719.28,11347050.48,18165665.69,2405688.37,-10988818.23
P0411,Energy,Medium,4,0.5,152109302.71,0.22,0.5,2,0.08,0.01,42859412.26,21624564.45,5680663.36,4063926.19,9130095.23
P0411,Energy,Medium,4,0.5,152109302.71,0.22,0.5,3,0.03,0.04,43485595.75,22840891.77,2274821.31,4320093.74,13687480.1
P0411,Energy,Medium,4,0.5,152109302.71,0.22,0.5,4,0.02,0.09,50930497.42,25505642.74,3833675.29,4919814.09,15446691.37
P0412,Manufacturing,Small,5,0.64,57432330.65,0.26,0.46,1,0.08,0.03,29850572.29,24753919.92,3161629.23,1358894.85,-765886.46
P0412,Manufacturing,Small,5,0.64,57432330.65,0.26,0.46,2,0.08,0.07,36925891.79,32327831.6,2338079.8,1398769.3,1045945.37
P0412,Manufacturing,Small,5,0.64,57432330.65,0.26,0.46,3,0.04,0.05,40755920.39,36492478.0,1807435.3,2123758.79,603471.65
P0412,Manufacturing,Small,5,0.64,57432330.65,0.26,0.46,4,0.04,0.05,38443163.52,33981872.78,3438953.83,1848480.5,115838.51
P0412,Manufacturing,Small,5,0.64,57432330.65,0.26,0.46,5,0.07,0.08,49574844.01,44131024.79,269827.38,2194777.84,3385848.54
P0413,Real Estate,Large,3,0.77,193328774.08,0.29,0.46,1,0.07,0.03,43811936.44,25692107.2,8218340.15,2671546.22,1760756.12
P0413,Real Estate,Large,3,0.77,193328774.08,0.29,0.46,2,0.07,0.07,77834474.12,46286141.4,2983366.58,4110319.13,19142749.24
P0413,Real Estate,Large,3,0.77,193328774.08,0.29,0.46,3,0.07,-0.01,75807385.99,44707212.12,5772280.24,4558987.64,15776634.84
P0414,Healthcare,Medium,4,0.51,102112182.61,0.17,0.73,1,0.06,0.07,39886298.52,25125967.51,9997153.23,1964847.74,239468.24
P0414,Healthcare,Medium,4,0.51,102112182.61,0.17,0.73,2,0.05,0.03,46791969.39,29691162.69,1517242.65,2488828.34,11435820.03
P0414,Healthcare,Medium,4,0.51,102112182.61,0.17,0.73,3,0.08,0.05,55182236.87,33905797.64,1799381.7,3012843.19,14916158.97
P0414,Healthcare,Medium,4,0.51,102112182.61,0.17,0.73,4,0.09,0.02,60097408.5,36246929.06,553414.2,3398672.86,18868425.9
P0415,Manufacturing,Large,3,0.48,92639917.75,0.29,0.75,1,0.06,0.03,17706747.94,11983172.73,6038424.96,1428676.73,-3401302.43
P0415,Manufacturing,Large,3,0.48,92639917.75,0.29,0.75,2,0.05,0.02,32563691.74,23000666.6,3513246.26,2336568.61,2329016.58
P0415,Manufacturing,Large,3,0.48,92639917.75,0.29,0.75,3,0.04,0.03,35021168.09,25619023.7,669759.02,2919910.1,5408799.93
P0416,Infrastructure,Large,8,0.7,360990374.96,0.28,0.3,1,0.04,0.03,93638361.15,68154764.15,53110851.07,4151880.61,-40777614.06
P0416,Infrastructure,Large,8,0.7,360990374.96,0.28,0.3,2,0.07,0.06,123296428.02,89484636.03,8597869.41,5363733.79,14235031.98
P0416,Infrastructure,Large,8,0.7,360990374.96,0.28,0.3,3,0.11,0.08,154740329.78,109422313.45,9575189.27,6448329.17,22133653.82
P0416,Infrastructure,Large,8,0.7,360990374.96,0.28,0.3,4,0.06,0.03,158992395.41,118104736.61,13412431.44,7937541.17,15219451.14
P0416,Infrastructure,Large,8,0.7,360990374.96,0.28,0.3,5,0.06,0.04,160032025.52,119253927.53,5060349.15,7318983.77,24299580.2
P0416,Infrastructure,Large,8,0.7,360990374.96,0.28,0.3,6,0.06,0.03,143060678.84,103598630.4,13844164.74,7236476.45,14851366.27
P0416,Infrastructure,Large,8,0.7,360990374.96,0.28,0.3,7,0.04,0.1,178151468.61,136101995.56,9010953.87,8002514.44,19712344.88
P0416,Infrastructure,Large,8,0.7,360990374.96,0.28,0.3,8,0.06,0.09,186925941.67,137795705.27,3546896.35,8993216.51,31913318.42
P0417,Manufacturing,Large,8,0.1,105100549.94,0.24,0.55,1,0.07,0.11,31515652.39,21551980.98,15759527.84,3423072.7,-11289040.78
P0417,Manufacturing,Large,8,0.1,105100549.94,0.24,0.55,2,0.03,0.01,35967931.37,21983663.11,2853298.19,3666889.44,7335398.76
P0417,Manufacturing,Large,8,0.1,105100549.94,0.24,0.55,3,0.07,0.05,53597641.13,34859865.15,2024171.54,5835518.65,9975819.14
P0417,Manufacturing,Large,8,0.1,105100549.94,0.24,0.55,4,0.07,0.04,51369484.91,34894168.94,3182301.97,5330323.95,10009986.57
P0417,Manufacturing,Large,8,0.1,105100549.94,0.24,0.55,5,0.04,0.05,51295954.28,32279865.26,2566053.42,5049578.36,12332631.46
P0417,Manufacturing,Large,8,0.1,105100549.94,0.24,0.55,6,0.04,0.05,48998491.92,31641160.86,3862107.83,5315422.51,8528978.73
P0417,Manufacturing,Large,8,0.1,105100549.94,0.24,0.55,7,0.06,0.09,57452763.47,36290595.38,1113876.34,5584573.51,13932837.6
P0417,Manufacturing,Large,8,0.1,105100549.94,0.24,0.55,8,0.07,0.11,47916345.89,28746767.33,1337995.84,4517276.18,15056749.47
P0418,Energy,Medium,9,0.52,59748699.64,0.26,0.51,1,0.06,0.09,14595824.04,6618929.13,5096196.02,1713428.59,-851882.57
P0418,Energy,Medium,9,0.52,59748699.64,0.26,0.51,2,0.03,0.07,20574124.52,9193200.22,1545889.0,2539330.58,6082895.99
P0418,Energy,Medium,9,0.52,59748699.64,0.26,0.51,3,0.07,0.01,23015320.48,11227162.14,3175584.88,2486247.63,5608413.38
P0418,Energy,Medium,9,0.52,59748699.64,0.26,0.51,4,0.07,0.08,22670054.7,10321764.09,895111.98,2735899.97,8027117.13
P0418,Energy,Medium,9,0.52,59748699.64,0.26,0.51,5,0.05,0.03,22754466.19,10241887.0,2641386.53,3258511.84,6086246.01
P0418,Energy,Medium,9,0.52,59748699.64,0.26,0.51,6,0.06,0.04,26869794.11,11446952.91,1861448.43,3133127.0,9239027.79
P0418,Energy,Medium,9,0.52,59748699.64,0.26,0.51,7,0.06,-0.01,22274195.18,10289306.97,1333329.7,2816456.84,7708193.91
P0418,Energy,Medium,9,0.52,59748699.64,0.26,0.51,8,0.08,0.06,25789438.24,12437298.48,1004521.32,3214272.74,8707716.43
P0418,Energy,Medium,9,0.52,59748699.64,0.26,0.51,9,0.03,0.05,26262953.19,11072016.72,1353474.7,3425675.03,9545155.51
P0419,Infrastructure,Small,3,0.58,175560872.0,0.18,0.73,1,0.08,0.03,30339175.34,14788119.11,12000429.47,3426654.96,-2654472.06
P0419,Infrastructure,Small,3,0.58,175560872.0,0.18,0.73,2,0.07,0.02,43142578.71,20093252.55,7342745.81,4592875.76,10559876.6
P0419,Infrastructure,Small,3,0.58,175560872.0,0.18,0.73,3,0.02,0.08,46866116.12,23304774.43,2631990.63,4612491.24,16570119.78
P0420,Healthcare,Large,7,0.52,127670065.55,0.2,0.83,1,0.04,0.11,42433771.93,34699417.51,8621665.82,2494024.79,-4840450.85
P0420,Healthcare,Large,7,0.52,127670065.55,0.2,0.83,2,0.06,-0.01,44878660.7,35849692.48,1299290.68,2332238.94,5783657.07
P0420,Healthcare,Large,7,0.52,127670065.55,0.2,0.83,3,0.05,0.08,64731628.14,45511253.19,4674890.06,3486220.88,9600743.76
P0420,Healthcare,Large,7,0.52,127670065.55,0.2,0.83,4,0.06,0.06,74775570.83,62340732.96,2648178.92,3731847.85,7281275.86
P0420,Healthcare,Large,7,0.52,127670065.55,0.2,0.83,5,0.05,0.07,53662521.53,46344866.6,5408496.23,3087232.0,1089099.44
P0420,Healthcare,Large,7,0.52,127670065.55,0.2,0.83,6,0.05,0.11,78633204.94,66345451.74,3614371.08,4024906.71,5095210.67
P0420,Healthcare,Large,7,0.52,127670065.55,0.2,0.83,7,0.03,0.12,64334486.8,49817770.39,2528257.95,3157482.2,10049051.97
P0421,Healthcare,Medium,9,0.55,94743492.15,0.21,0.43,1,0.07,0.05,17411507.56,12932393.16,8613921.5,1299187.06,-6637679.4
P0421,Healthcare,Medium,9,0.55,94743492.15,0.21,0.43,2,0.07,0.09,23253695.44,16659958.98,3128748.56,2006805.7,1386105.86
P0421,Healthcare,Medium,9,0.55,94743492.15,0.21,0.43,3,0.05,0.04,26335497.81,17624478.23,4050032.84,2258024.63,2467146.99
P0421,Healthcare,Medium,9,0.55,94743492.15,0.21,0.43,4,0.07,0.1,27215434.84,18694525.31,1804868.89,2167412.71,5249614.02
P0421,Healthcare,Medium,9,0.55,94743492.15,0.21,0.43,5,0.06,0.07,31712195.14,23797730.73,4067820.24,2757863.31,1688556.28
P0421,Healthcare,Medium,9,0.55,94743492.15,0.21,0.43,6,0.05,0.06,26264509.32,17672096.66,2988105.23,2087734.74,4263218.54
P0421,Healthcare,Medium,9,0.55,94743492.15,0.21,0.43,7,0.08,0.03,36791674.33,27880497.73,3802234.1,3304123.45,2025674.32
P0421,Healthcare,Medium,9,0.55,94743492.15,0.21,0.43,8,0.04,0.04,28298026.02,19275607.36,1454357.04,2570347.69,6432523.47
P0421,Healthcare,Medium,9,0.55,94743492.15,0.21,0.43,9,0.05,0.09,31704331.25,23723489.77,1140630.04,2697528.52,5086239.13
P0422,Infrastructure,Medium,10,0.4,111191260.89,0.22,0.62,1,0.04,0.09,25382575.4,16791076.25,6733996.51,1133110.59,-1109436.01
P0422,Infrastructure,Medium,10,0.4,111191260.89,0.22,0.62,2,0.06,0.09,31204096.32,21860012.21,5214933.33,1578622.02,1657261.05
P0422,Infrastructure,Medium,10,0.4,111191260.89,0.22,0.62,3,0.06,0.07,37872770.89,29429741.19,4299284.0,1722662.62,1999316.1
P0422,Infrastructure,Medium,10,0.4,111191260.89,0.22,0.62,4,0.05,0.05,39050236.53,25576233.99,1461487.96,1720051.88,9623957.43
P0422,Infrastructure,Medium,10,0.4,111191260.89,0.22,0.62,5,0.07,0.03,39109603.29,29160315.9,3961271.64,1926674.55,3699897.94
P0422,Infrastructure,Medium,10,0.4,111191260.89,0.22,0.62,6,0.05,0.09,41363197.24,29375478.69,4195503.68,1701636.81,5403010.23
P0422,Infrastructure,Medium,10,0.4,111191260.89,0.22,0.62,7,0.05,0.02,40468523.44,28093662.76,5281086.41,1932239.46,4375527.35
P0422,Infrastructure,Medium,10,0.4,111191260.89,0.22,0.62,8,0.05,0.06,40195076.47,28307635.1,4478635.19,1864011.63,4864556.23
P0422,Infrastructure,Medium,10,0.4,111191260.89,0.22,0.62,9,0.06,0.06,37389917.83,24508020.48,3082961.32,1603625.37,6968067.51
P0422,Infrastructure,Medium,10,0.4,111191260.89,0.22,0.62,10,0.06,0.09,39306663.13,28280108.61,1107955.27,1909230.62,7251644.64
P0423,Technology,Medium,5,0.74,53028196.5,0.24,0.42,1,0.05,0.06,14264354.03,7793638.28,4745635.93,1115819.36,-983371.6
P0423,Technology,Medium,5,0.74,53028196.5,0.24,0.42,2,0.07,-0.0,19397817.1,9837944.27,3013317.28,1722423.74,3544771.1
P0423,Technology,Medium,5,0.74,53028196.5,0.24,0.42,3,0.06,0.06,29894038.06,14601801.81,843333.06,2515319.0,9436790.16
P0423,Technology,Medium,5,0.74,53028196.5,0.24,0.42,4,0.03,0.08,30609474.69,15411424.58,3385758.03,2259069.98,8004891.11
P0423,Technology,Medium,5,0.74,53028196.5,0.24,0.42,5,0.08,0.06,30052158.38,15234775.11,1192869.41,2396889.16,10253157.51
P0424,Energy,Small,8,0.48,118850442.77,0.26,0.21,1,0.06,0.09,30139433.61,13212418.68,12963296.71,3224531.29,-3628130.55
P0424,Energy,Small,8,0.48,118850442.77,0.26,0.21,2,0.06,0.0,58479131.91,23938786.37,2878735.4,6274589.27,18963971.7
P0424,Energy,Small,8,0.48,118850442.77,0.26,0.21,3,0.07,0.06,61299696.31,26828732.99,5659490.51,7842561.08,19357900.98
P0424,Energy,Small,8,0.48,118850442.77,0.26,0.21,4,0.08,0.04,71219443.84,31341285.76,6632094.93,7906697.64,21921290.36
P0424,Energy,Small,8,0.48,118850442.77,0.26,0.21,5,0.06,0.04,59527349.76,25713495.89,1660402.7,6930254.85,25109148.48
P0424,Energy,Small,8,0.48,118850442.77,0.26,0.21,6,0.04,0.05,76775127.83,32555406.21,1492709.85,8082843.69,31273932.52
P0424,Energy,Small,8,0.48,118850442.77,0.26,0.21,7,0.07,0.06,76190326.69,31957016.04,3420030.95,8829055.12,29864788.15
P0424,Energy,Small,8,0.48,118850442.77,0.26,0.21,8,0.09,0.05,76798684.07,33140865.81,1463081.76,10069602.83,30856033.87
P0425,Manufacturing,Small,10,0.68,78476574.34,0.22,0.66,1,0.05,0.08,16069413.88,14871973.33,13119579.66,1957646.84,-13769794.48
P0425,Manufacturing,Small,10,0.68,78476574.34,0.22,0.66,2,0.04,0.07,29407094.66,27919205.55,3896501.16,3768555.93,-4475875.47
P0425,Manufacturing,Small,10,0.68,78476574.34,0.22,0.66,3,0.05,0.02,36395794.78,30822679.65,4692548.24,4414102.76,-1037401.14
P0425,Manufacturing,Small,10,0.68,78476574.34,0.22,0.66,4,0.04,0.07,43290276.0,38836650.4,2924856.09,5009010.06,-52622.04
P0425,Manufacturing,Small,10,0.68,78476574.34,0.22,0.66,5,0.05,0.04,37919351.54,32261838.86,1540702.9,4914479.44,2982076.89
P0425,Manufacturing,Small,10,0.68,78476574.34,0.22,0.66,6,0.07,0.09,38783813.18,33137727.21,1556852.2,4775251.62,3080751.93
P0425,Manufacturing,Small,10,0.68,78476574.34,0.22,0.66,7,0.06,0.06,38056964.54,31753581.47,2182309.5,4612976.74,2723417.93
P0425,Manufacturing,Small,10,0.68,78476574.34,0.22,0.66,8,0.05,0.03,42728583.34,37020108.67,4756688.96,4991191.73,-698750.91
P0425,Manufacturing,Small,10,0.68,78476574.34,0.22,0.66,9,0.07,0.12,42933865.78,38783988.8,1740622.96,4448603.58,2016467.01
P0425,Manufacturing,Small,10,0.68,78476574.34,0.22,0.66,10,0.05,0.04,49271304.42,44837238.12,1993257.72,5701434.1,207908.42
P0426,Manufacturing,Small,6,0.42,39618015.12,0.32,0.17,1,0.02,0.05,7359448.09,5002526.28,5174694.28,428370.18,-3924757.9
P0426,Manufacturing,Small,6,0.42,39618015.12,0.32,0.17,2,0.06,0.0,10556807.41,7000941.37,1226972.24,628177.64,925225.24
P0426,Manufacturing,Small,6,0.42,39618015.12,0.32,0.17,3,0.07,0.03,14808586.59,9855641.81,1957958.32,921212.26,1133313.53
P0426,Manufacturing,Small,6,0.42,39618015.12,0.32,0.17,4,0.08,0.06,15032021.57,8915325.02,1060450.51,938911.77,3049417.19
P0426,Manufacturing,Small,6,0.42,39618015.12,0.32,0.17,5,0.07,0.02,14229002.1,9280204.69,496539.22,750943.68,3069786.85
P0426,Manufacturing,Small,6,0.42,39618015.12,0.32,0.17,6,0.03,-0.02,12645106.4,8193509.32,469509.09,831048.39,2584984.26
P0427,Energy,Medium,9,0.51,111776477.16,0.23,0.47,1,0.04,0.06,23399521.26,14032808.42,11574779.87,1838812.57,-6309594.67
P0427,Energy,Medium,9,0.51,111776477.16,0.23,0.47,2,0.05,0.01,38693647.3,19723474.67,6576245.8,3130213.44,6689824.73
P0427,Energy,Medium,9,0.51,111776477.16,0.23,0.47,3,0.05,0.05,46856445.27,27267175.51,4390416.36,3415457.8,10667044.35
P0427,Energy,Medium,9,0.51,111776477.16,0.23,0.47,4,0.06,0.08,43890607.76,22325226.89,1870412.41,3222621.71,15497773.74
P0427,Energy,Medium,9,0.51,111776477.16,0.23,0.47,5,0.04,0.05,54867650.06,31110938.18,5412740.99,4599659.89,11603697.22
P0427,Energy,Medium,9,0.51,111776477.16,0.23,0.47,6,0.05,0.06,46702110.2,24948789.15,3827975.21,3577728.31,14360618.62
P0427,Energy,Medium,9,0.51,111776477.16,0.23,0.47,7,0.07,0.06,43673667.02,24164221.28,1341685.49,3676358.12,13378969.73
P0427,Energy,Medium,9,0.51,111776477.16,0.23,0.47,8,0.07,0.04,56323472.38,32068760.16,4796480.07,4697621.65,13518319.43
P0427,Energy,Medium,9,0.51,111776477.16,0.23,0.47,9,0.07,0.04,47230377.3,25252774.26,2465053.39,4114184.35,15513425.95
P0428,Technology,Medium,3,0.63,16518500.48,0.31,0.32,1,0.05,0.07,8091369.07,4824377.48,1477448.03,805555.15,-28944.27
P0428,Technology,Medium,3,0.63,16518500.48,0.31,0.32,2,0.05,0.09,12021960.74,7121251.96,461518.29,1243568.98,2500755.23
P0428,Technology,Medium,3,0.63,16518500.48,0.31,0.32,3,0.03,0.03,13850953.52,8072544.2,144858.86,1374820.45,3668608.02
P0429,Infrastructure,Small,7,0.62,106801593.13,0.25,0.52,1,0.05,0.1,16998757.29,10707858.92,6681782.36,1457641.15,-3491197.43
P0429,Infrastructure,Small,7,0.62,106801593.13,0.25,0.52,2,0.05,-0.0,27621588.81,15503005.89,6154764.71,2300176.0,2084921.09
P0429,Infrastructure,Small,7,0.62,106801593.13,0.25,0.52,3,0.06,0.01,28529710.65,16087027.36,4665164.65,2422671.07,4540145.71
P0429,Infrastructure,Small,7,0.62,106801593.13,0.25,0.52,4,0.08,0.12,34233975.91,20020573.44,2716096.48,2981712.38,7501422.48
P0429,Infrastructure,Small,7,0.62,106801593.13,0.25,0.52,5,0.04,0.06,41840587.79,23774709.49,1308944.08,3740369.32,11854743.41
P0429,Infrastructure,Small,7,0.62,106801593.13,0.25,0.52,6,0.05,0.03,35760992.95,20078117.85,1458133.44,2811113.85,11324227.48
P0429,Infrastructure,Small,7,0.62,106801593.13,0.25,0.52,7,0.05,0.03,30917886.91,17330122.61,2177834.18,2778952.39,7880943.05
P0430,Energy,Small,9,0.53,99920626.7,0.23,0.36,1,0.04,0.04,24044007.2,17004303.74,15869505.6,3006234.98,-13881180.06
P0430,Energy,Small,9,0.53,99920626.7,0.23,0.36,2,0.05,0.1,28273654.24,19872021.15,2711885.81,3274035.18,3449203.32
P0430,Energy,Small,9,0.53,99920626.7,0.23,0.36,3,0.03,0.08,51260908.6,36700092.72,3353295.96,5990863.86,5106072.3
P0430,Energy,Small,9,0.53,99920626.7,0.23,0.36,4,0.07,0.15,48489001.34,36083838.49,5707989.09,5761790.24,3940827.73
P0430,Energy,Small,9,0.53,99920626.7,0.23,0.36,5,0.06,0.08,44120063.69,31931649.83,2551924.29,5211424.34,7793015.16
P0430,Energy,Small,9,0.53,99920626.7,0.23,0.36,6,0.05,0.07,42973724.46,31099680.61,4956066.15,5121260.81,4282300.48
P0430,Energy,Small,9,0.53,99920626.7,0.23,0.36,7,0.05,0.07,48482569.32,32179554.59,4539973.65,5293670.43,7506399.09
P0430,Energy,Small,9,0.53,99920626.7,0.23,0.36,8,0.07,-0.0,37941925.43,26703277.11,2726402.81,4707147.07,6458298.4
P0430,Energy,Small,9,0.53,99920626.7,0.23,0.36,9,0.06,0.05,42888778.69,29617035.79,616241.11,5298891.08,9034349.59
P0431,Manufacturing,Medium,6,0.5,50262420.47,0.22,0.6,1,0.02,0.02,13721373.48,8795228.85,6138277.5,1151350.87,-3576371.1
P0431,Manufacturing,Medium,6,0.5,50262420.47,0.22,0.6,2,0.07,0.07,25443056.43,20541501.05,873924.7,2171441.54,1964413.81
P0431,Manufacturing,Medium,6,0.5,50262420.47,0.22,0.6,3,0.06,0.11,30089741.0,22763374.21,687942.65,2513498.37,4671236.89
P0431,Manufacturing,Medium,6,0.5,50262420.47,0.22,0.6,4,0.05,0.04,25494513.18,18309322.29,1709339.96,2201768.67,4196378.89
P0431,Manufacturing,Medium,6,0.5,50262420.47,0.22,0.6,5,0.06,0.12,29462180.28,21348979.68,1536262.68,2614056.99,4421101.6
P0431,Manufacturing,Medium,6,0.5,50262420.47,0.22,0.6,6,0.04,0.07,26182329.59,17439733.6,299515.48,2389299.63,6400403.19
P0432,Real Estate,Medium,3,0.37,131862513.17,0.25,0.35,1,0.05,0.02,41779514.94,25411113.56,5543458.29,2514522.86,4212970.0
P0432,Real Estate,Medium,3,0.37,131862513.17,0.25,0.35,2,0.03,0.04,61765271.38,38977563.47,6084197.06,3864061.71,9287546.07
P0432,Real Estate,Medium,3,0.37,131862513.17,0.25,0.35,3,0.07,0.0,77701945.87,52986190.37,992906.49,5371299.83,15454051.05
P0433,Real Estate,Small,6,0.3,69712045.78,0.24,0.39,1,0.03,0.07,13701885.39,7221241.66,6832947.98,601551.53,-2466478.17
P0433,Real Estate,Small,6,0.3,69712045.78,0.24,0.39,2,0.06,0.08,20996749.16,12318914.09,2001641.32,983505.67,4318333.19
P0433,Real Estate,Small,6,0.3,69712045.78,0.24,0.39,3,0.08,0.07,29717630.47,15749300.55,1715787.11,1391913.36,8794207.9
P0433,Real Estate,Small,6,0.3,69712045.78,0.24,0.39,4,0.02,0.05,25629248.12,14072532.87,2574392.8,1042588.4,6970804.46
P0433,Real Estate,Small,6,0.3,69712045.78,0.24,0.39,5,0.04,0.05,27076260.29,14600519.9,3144595.54,1172956.53,6170898.89
P0433,Real Estate,Small,6,0.3,69712045.78,0.24,0.39,6,0.06,0.02,30441792.41,16666102.39,1321555.2,1304190.5,9024599.58
P0434,Technology,Small,3,0.29,24415163.73,0.28,0.64,1,0.04,0.01,17235007.47,9031860.46,1119312.16,1153094.61,3549719.69
P0434,Technology,Small,3,0.29,24415163.73,0.28,0.64,2,0.07,0.05,23945704.73,13524691.28,972113.1,1508908.58,6262290.74
P0434,Technology,Small,3,0.29,24415163.73,0.28,0.64,3,0.07,0.07,28851109.32,16226245.18,477090.75,2144479.31,7780700.82
P0435,Infrastructure,Large,3,0.36,385218721.99,0.24,0.5,1,0.05,0.05,66444789.56,40178253.82,63842425.44,3816048.72,-47114678.29
P0435,Infrastructure,Large,3,0.36,385218721.99,0.24,0.5,2,0.05,-0.03,101181506.79,65875944.5,15564231.18,5446777.57,9886003.66
P0435,Infrastructure,Large,3,0.36,385218721.99,0.24,0.5,3,0.06,0.09,116586563.98,73596058.29,2374268.4,6400834.82,29624927.93
P0436,Technology,Large,7,0.38,49283330.91,0.29,0.68,1,0.04,0.06,33456395.17,20106752.15,3063989.86,2696402.21,3691591.19
P0436,Technology,Large,7,0.38,49283330.91,0.29,0.68,2,0.05,0.02,48182876.43,26138561.63,2108797.68,3857786.32,12912600.15
P0436,Technology,Large,7,0.38,49283330.91,0.29,0.68,3,0.06,0.02,54862707.99,32214001.39,2269024.3,4653333.31,12957121.38
P0436,Technology,Large,7,0.38,49283330.91,0.29,0.68,4,0.06,0.0,50443650.29,29705560.06,2211453.41,4212778.38,13369967.66
P0436,Technology,Large,7,0.38,49283330.91,0.29,0.68,5,0.05,0.02,48555597.64,26733743.3,1216928.09,3857812.8,14480892.81
P0436,Technology,Large,7,0.38,49283330.91,0.29,0.68,6,0.07,0.09,57460528.52,32880400.97,882961.0,4462564.63,16078863.17
P0436,Technology,Large,7,0.38,49283330.91,0.29,0.68,7,0.08,0.07,55867150.39,34431548.16,964628.62,4453927.77,15084688.93
P0437,Manufacturing,Large,6,0.59,97641411.03,0.25,0.72,1,0.08,0.11,28157212.11,24085574.71,13988990.73,3433804.09,-13731670.15
P0437,Manufacturing,Large,6,0.59,97641411.03,0.25,0.72,2,0.03,0.11,37570715.48,33140545.11,4916377.04,4712949.51,-2884006.6
P0437,Manufacturing,Large,6,0.59,97641411.03,0.25,0.72,3,0.07,0.03,48430999.04,38769568.78,4745367.37,6474015.2,685761.48
P0437,Manufacturing,Large,6,0.59,97641411.03,0.25,0.72,4,0.05,0.02,54170773.14,48376370.93,4239733.92,7751596.78,-1178313.91
P0437,Manufacturing,Large,6,0.59,97641411.03,0.25,0.72,5,0.03,0.09,45025646.83,36670967.72,3623261.21,6186088.4,3990404.07
P0437,Manufacturing,Large,6,0.59,97641411.03,0.25,0.72,6,0.05,0.11,60175235.2,50774857.13,704730.8,7787907.89,4698589.27
P0438,Technology,Large,3,0.43,45268248.7,0.23,0.31,1,0.05,0.01,17157397.44,6832384.24,5928286.28,724527.38,1271103.65
P0438,Technology,Large,3,0.43,45268248.7,0.23,0.31,2,0.03,0.06,24548471.53,10078304.27,2918230.48,1327666.0,7774549.2
P0438,Technology,Large,3,0.43,45268248.7,0.23,0.31,3,0.06,0.05,33095149.43,15494462.19,955748.08,1576146.7,12845584.88
P0439,Manufacturing,Small,6,0.81,63956104.82,0.26,0.75,1,0.02,0.08,26426869.69,22703850.73,5431769.9,2019772.73,-4686135.08
P0439,Manufacturing,Small,6,0.81,63956104.82,0.26,0.75,2,0.04,0.03,37755269.29,33623826.38,3896535.93,2918280.39,-1836185.34
P0439,Manufacturing,Small,6,0.81,63956104.82,0.26,0.75,3,0.07,0.03,55312389.11,46838430.03,2140917.74,4536792.0,2677326.28
P0439,Manufacturing,Small,6,0.81,63956104.82,0.26,0.75,4,0.08,0.05,49720612.84,45151145.17,1954614.1,4213296.73,1683973.34
P0439,Manufacturing,Small,6,0.81,63956104.82,0.26,0.75,5,0.05,0.07,57139036.46,53257970.47,3405893.33,4586956.27,-916971.33
P0439,Manufacturing,Small,6,0.81,63956104.82,0.26,0.75,6,0.02,0.05,60491413.46,55280767.6,1457668.21,4615083.35,2369745.9
P0440,Technology,Small,3,0.49,32716363.84,0.19,0.34,1,0.03,0.04,12643203.26,6055184.83,1834719.14,635263.65,2898962.94
P0440,Technology,Small,3,0.49,32716363.84,0.19,0.34,2,0.02,0.05,18121326.08,8594827.25,1977832.16,843430.39,5261426.61
P0440,Technology,Small,3,0.49,32716363.84,0.19,0.34,3,0.08,0.05,17756961.14,8809861.9,561397.81,834683.78,6411091.34
P0441,Infrastructure,Medium,5,0.32,270476804.28,0.31,0.59,1,0.06,0.1,52422967.94,33607862.41,13996196.19,4015617.42,-5158408.66
P0441,Infrastructure,Medium,5,0.32,270476804.28,0.31,0.59,2,0.02,0.01,64052916.37,44327669.77,10575563.51,5229107.16,1888145.45
P0441,Infrastructure,Medium,5,0.32,270476804.28,0.31,0.59,3,0.02,0.08,96208699.22,66637920.82,10200228.48,8333916.28,7053429.55
P0441,Infrastructure,Medium,5,0.32,270476804.28,0.31,0.59,4,0.05,0.12,108755876.34,73629961.81,6357564.75,9047162.65,16762876.76
P0441,Infrastructure,Medium,5,0.32,270476804.28,0.31,0.59,5,0.06,0.08,96487792.13,70380521.96,7766346.9,8815277.45,9809025.9
P0442,Real Estate,Medium,8,0.43,22013615.56,0.17,0.31,1,0.06,0.09,4326490.86,1813132.74,1200195.96,472901.25,386124.63
P0442,Real Estate,Medium,8,0.43,22013615.56,0.17,0.31,2,0.05,0.1,6172233.87,2814719.1,1069721.9,687885.22,1482275.52
P0442,Real Estate,Medium,8,0.43,22013615.56,0.17,0.31,3,0.07,0.07,7728622.64,3199883.88,311474.4,823795.74,3458161.42
P0442,Real Estate,Medium,8,0.43,22013615.56,0.17,0.31,4,0.07,0.03,7360877.75,3274618.75,542826.08,774292.3,2685150.28
P0442,Real Estate,Medium,8,0.43,22013615.56,0.17,0.31,5,0.02,0.08,8793797.51,3585286.25,814811.23,857044.53,3401644.97
P0442,Real Estate,Medium,8,0.43,22013615.56,0.17,0.31,6,0.06,0.07,8433633.75,3703845.45,884456.16,911870.3,2969827.94
P0442,Real Estate,Medium,8,0.43,22013615.56,0.17,0.31,7,0.03,0.04,8251963.39,3743391.76,569048.9,835482.01,3072017.71
P0442,Real Estate,Medium,8,0.43,22013615.56,0.17,0.31,8,0.05,0.02,7971901.16,3690201.51,136146.58,777851.63,3561382.9
P0443,Manufacturing,Small,10,0.45,36139794.92,0.27,0.35,1,0.07,0.04,14657822.45,12086509.88,2241852.82,763833.88,-1158564.23
P0443,Manufacturing,Small,10,0.45,36139794.92,0.27,0.35,2,0.03,0.05,15974748.21,12710632.13,852509.28,803965.34,1571321.7
P0443,Manufacturing,Small,10,0.45,36139794.92,0.27,0.35,3,0.07,0.08,23994236.3,18083360.57,1999685.64,1302573.24,1815667.86
P0443,Manufacturing,Small,10,0.45,36139794.92,0.27,0.35,4,0.03,0.06,22138823.6,17597248.66,1963352.48,1193854.11,1479625.36
P0443,Manufacturing,Small,10,0.45,36139794.92,0.27,0.35,5,0.05,0.01,21408302.35,16026560.35,1745445.59,1106833.88,2325066.85
P0443,Manufacturing,Small,10,0.45,36139794.92,0.27,0.35,6,0.05,0.05,22322226.22,17488684.97,2131514.12,1122441.58,1384663.7
P0443,Manufacturing,Small,10,0.45,36139794.92,0.27,0.35,7,0.05,-0.02,22041538.51,17310924.99,1432731.87,1182095.16,1938856.27
P0443,Manufacturing,Small,10,0.45,36139794.92,0.27,0.35,8,0.03,0.06,22104471.36,16418108.06,1379561.03,1113036.75,2895357.74
P0443,Manufacturing,Small,10,0.45,36139794.92,0.27,0.35,9,0.05,0.14,24370506.52,20237376.43,1694117.07,1148439.53,1273616.21
P0443,Manufacturing,Small,10,0.45,36139794.92,0.27,0.35,10,0.05,-0.0,20173937.47,16346768.68,1002584.85,1093136.8,1876323.95
P0444,Technology,Large,9,0.55,18107432.49,0.27,0.56,1,0.06,0.09,6355409.81,3707415.2,2105588.67,477632.68,-647384.49
P0444,Technology,Large,9,0.55,18107432.49,0.27,0.56,2,0.06,0.02,6672840.59,3631943.78,926743.29,499521.92,1255129.77
P0444,Technology,Large,9,0.55,18107432.49,0.27,0.56,3,0.07,0.07,9981027.18,5673749.89,454949.27,764965.97,2525157.93
P0444,Technology,Large,9,0.55,18107432.49,0.27,0.56,4,0.03,0.05,9752111.99,4950645.27,1011298.43,744884.91,2422608.52
P0444,Technology,Large,9,0.55,18107432.49,0.27,0.56,5,0.05,0.06,10937249.54,6104709.6,883984.27,814164.88,2627823.89
P0444,Technology,Large,9,0.55,18107432.49,0.27,0.56,6,0.05,0.07,11352374.98,6692540.96,722009.25,766491.86,2649175.18
P0444,Technology,Large,9,0.55,18107432.49,0.27,0.56,7,0.09,0.01,11596815.89,6665251.68,610345.51,834193.22,3044297.6
P0444,Technology,Large,9,0.55,18107432.49,0.27,0.56,8,0.03,0.04,10039621.67,5759442.09,1208315.84,860077.75,1920985.31
P0444,Technology,Large,9,0.55,18107432.49,0.27,0.56,9,0.05,0.06,11702307.07,7169217.84,277250.6,833693.83,3098144.18
P0445,Healthcare,Small,7,0.63,78191566.71,0.22,0.48,1,0.05,0.15,38878459.97,25520472.63,5807680.66,3297229.39,1219837.11
P0445,Healthcare,Small,7,0.63,78191566.71,0.22,0.48,2,0.02,0.07,46036754.84,27811311.7,1623829.12,4167295.76,11680937.95
P0445,Healthcare,Small,7,0.63,78191566.71,0.22,0.48,3,0.09,0.08,71995031.04,43966093.86,4124552.1,5346916.28,16744820.98
P0445,Healthcare,Small,7,0.63,78191566.71,0.22,0.48,4,0.03,0.05,74118057.28,50710703.08,3875676.02,6800626.41,12717365.93
P0445,Healthcare,Small,7,0.63,78191566.71,0.22,0.48,5,0.05,0.01,57632556.09,38355168.61,3699291.3,4892507.62,13032019.24
P0445,Healthcare,Small,7,0.63,78191566.71,0.22,0.48,6,0.1,0.11,86708003.27,58942060.28,4584825.04,7523077.12,14831302.83
P0445,Healthcare,Small,7,0.63,78191566.71,0.22,0.48,7,0.05,0.06,59323587.23,39345133.45,1511802.82,4769922.76,17022731.69
P0446,Healthcare,Small,7,0.4,50210893.27,0.23,0.65,1,0.06,0.06,15169297.74,12052768.02,6318880.25,741758.69,-4582054.9
P0446,Healthcare,Small,7,0.4,50210893.27,0.23,0.65,2,0.04,0.02,17407325.43,12210223.88,867982.77,877268.55,3035415.54
P0446,Healthcare,Small,7,0.4,50210893.27,0.23,0.65,3,0.04,0.02,23254336.51,18108391.74,1064908.26,1168530.5,2711815.87
P0446,Healthcare,Small,7,0.4,50210893.27,0.23,0.65,4,0.06,0.06,23078330.3,16002885.88,2303656.62,1029133.29,3232580.09
P0446,Healthcare,Small,7,0.4,50210893.27,0.23,0.65,5,0.05,0.05,20173306.94,13813929.84,2593796.83,1081628.59,2400172.09
P0446,Healthcare,Small,7,0.4,50210893.27,0.23,0.65,6,0.09,0.04,24221814.72,16610047.0,2163077.78,1163095.2,3544690.58
P0446,Healthcare,Small,7,0.4,50210893.27,0.23,0.65,7,0.06,0.1,20606699.0,15684855.34,478269.22,1115733.96,3228351.87
P0447,Energy,Medium,6,0.56,210296153.81,0.25,0.71,1,0.06,0.05,25301330.26,14137492.71,22157107.77,2503287.18,-15847496.33
P0447,Energy,Medium,6,0.56,210296153.81,0.25,0.71,2,0.08,0.01,44923869.14,26398200.54,8510372.72,4314851.9,3663455.46
P0447,Energy,Medium,6,0.56,210296153.81,0.25,0.71,3,0.04,0.07,55130060.29,31639446.66,5327073.04,4911258.72,11766145.91
P0447,Energy,Medium,6,0.56,210296153.81,0.25,0.71,4,0.06,0.07,51688426.75,31436298.19,5183243.86,4821193.86,9793453.27
P0447,Energy,Medium,6,0.56,210296153.81,0.25,0.71,5,0.03,0.08,55540535.93,30760171.01,6158847.13,5148763.44,12258002.8
P0447,Energy,Medium,6,0.56,210296153.81,0.25,0.71,6,0.04,0.05,59270659.53,33545239.07,2229183.54,6466557.88,16346920.05
P0448,Energy,Medium,8,0.89,91207773.38,0.16,0.5,1,0.07,0.07,17510375.3,6997696.83,14123816.71,1270625.02,-5994032.14
P0448,Energy,Medium,8,0.89,91207773.38,0.16,0.5,2,0.04,-0.01,27617993.67,12694096.59,5944155.27,1970552.44,5892196.11
P0448,Energy,Medium,8,0.89,91207773.38,0.16,0.5,3,0.09,0.07,30384330.97,13205969.24,3873947.08,2367138.84,10348394.88
P0448,Energy,Medium,8,0.89,91207773.38,0.16,0.5,4,0.03,0.09,38380531.86,16134880.08,3352372.81,2685102.63,14370112.92
P0448,Energy,Medium,8,0.89,91207773.38,0.16,0.5,5,0.07,0.06,32448163.44,14080803.05,3794508.21,2523669.27,11545709.91
P0448,Energy,Medium,8,0.89,91207773.38,0.16,0.5,6,0.03,-0.01,35643470.06,15762187.13,2184939.8,2870620.45,14050760.12
P0448,Energy,Medium,8,0.89,91207773.38,0.16,0.5,7,0.06,0.03,35200840.86,14890208.86,1986046.7,2518451.04,14845581.22
P0448,Energy,Medium,8,0.89,91207773.38,0.16,0.5,8,0.05,0.11,37144117.07,17112665.03,1999205.52,2742867.59,14076691.12
P0449,Healthcare,Medium,3,0.88,70377634.79,0.29,0.32,1,0.05,0.02,18041820.62,11252008.35,5367446.96,1392610.93,-1867977.57
P0449,Healthcare,Medium,3,0.88,70377634.79,0.29,0.32,2,0.03,0.01,20415290.75,12779310.33,3106366.65,1519833.72,2245013.1
P0449,Healthcare,Medium,3,0.88,70377634.79,0.29,0.32,3,0.09,0.05,34398474.92,21162361.65,753387.2,2786059.84,7712544.86
P0450,Real Estate,Medium,4,0.43,118811815.89,0.29,0.38,1,0.03,-0.01,21016002.02,13999071.5,17235800.14,1475654.34,-13182754.75
P0450,Real Estate,Medium,4,0.43,118811815.89,0.29,0.38,2,0.05,0.04,33444245.79,22447056.89,5886571.23,2148484.18,1291722.57
P0450,Real Estate,Medium,4,0.43,118811815.89,0.29,0.38,3,0.04,0.1,36269796.92,23206963.54,2350583.21,2656890.44,6446644.22
P0450,Real Estate,Medium,4,0.43,118811815.89,0.29,0.38,4,0.07,0.07,42205945.07,27020639.78,2921198.06,3127863.61,7330064.03
P0451,Real Estate,Medium,7,0.49,37654368.88,0.28,0.37,1,0.05,0.02,12184003.29,7958616.73,3153501.95,1089553.37,-1209335.32
P0451,Real Estate,Medium,7,0.49,37654368.88,0.28,0.37,2,0.03,0.08,21717841.49,16149505.43,1592189.19,1538779.72,1919353.06
P0451,Real Estate,Medium,7,0.49,37654368.88,0.28,0.37,3,0.03,0.09,27765925.97,19561142.63,1128214.83,2246514.38,3915920.92
P0451,Real Estate,Medium,7,0.49,37654368.88,0.28,0.37,4,0.06,-0.02,24896058.73,18023760.59,2033768.17,1953465.11,3214629.1
P0451,Real Estate,Medium,7,0.49,37654368.88,0.28,0.37,5,0.05,0.05,31100067.91,20250416.45,1836928.39,2620759.89,5224344.48
P0451,Real Estate,Medium,7,0.49,37654368.88,0.28,0.37,6,0.04,0.13,27131151.22,19994669.07,957972.47,2407579.59,4341944.25
P0451,Real Estate,Medium,7,0.49,37654368.88,0.28,0.37,7,0.04,-0.03,27725864.04,20965053.69,197281.97,2355516.73,4554645.19
P0452,Technology,Medium,9,0.1,47592980.89,0.31,0.18,1,0.05,0.0,20079852.15,9287180.27,6274913.69,2112735.16,-925366.32
P0452,Technology,Medium,9,0.1,47592980.89,0.31,0.18,2,0.04,0.04,29002180.13,12301204.86,1458381.2,3553931.41,8518867.51
P0452,Technology,Medium,9,0.1,47592980.89,0.31,0.18,3,0.05,0.06,28791097.78,13038289.73,868806.04,2899864.75,10133768.87
P0452,Technology,Medium,9,0.1,47592980.89,0.31,0.18,4,0.06,0.02,29325277.15,12776513.31,2198290.66,3432865.7,8366988.37
P0452,Technology,Medium,9,0.1,47592980.89,0.31,0.18,5,0.05,0.09,35287158.24,15454521.17,561722.43,3779745.44,13174952.55
P0452,Technology,Medium,9,0.1,47592980.89,0.31,0.18,6,0.07,0.14,40170917.08,17895202.67,1563895.98,4138828.96,13691869.91
P0452,Technology,Medium,9,0.1,47592980.89,0.31,0.18,7,0.05,0.09,38834488.17,18571435.59,2178185.23,4154567.54,11559524.91
P0452,Technology,Medium,9,0.1,47592980.89,0.31,0.18,8,0.07,0.01,29625880.79,12493508.51,2377921.78,3196058.12,9693791.65
P0452,Technology,Medium,9,0.1,47592980.89,0.31,0.18,9,0.11,0.09,37458838.43,17073751.24,471055.74,4552823.06,12563862.09
P0453,Technology,Small,7,0.78,43259456.61,0.24,0.5,1,0.05,0.11,15345696.09,7853159.05,5151450.49,1384351.63,-833360.4
P0453,Technology,Small,7,0.78,43259456.61,0.24,0.5,2,0.07,0.07,22262940.46,11698881.05,743910.36,1960599.46,6889272.7
P0453,Technology,Small,7,0.78,43259456.61,0.24,0.5,3,0.08,0.04,28460213.68,15236561.27,1114992.82,2387996.33,8101328.59
P0453,Technology,Small,7,0.78,43259456.61,0.24,0.5,4,0.03,0.06,29505521.61,15106869.13,1405866.76,2546320.74,9282460.51
P0453,Technology,Small,7,0.78,43259456.61,0.24,0.5,5,0.07,0.05,33558862.48,18821800.52,2395259.37,2835870.55,8629778.38
P0453,Technology,Small,7,0.78,43259456.61,0.24,0.5,6,0.06,-0.02,33071987.46,16373804.7,1266935.89,2489692.01,11546905.28
P0453,Technology,Small,7,0.78,43259456.61,0.24,0.5,7,0.04,0.07,30252910.01,16044092.84,551186.34,2413816.1,10105761.38
P0454,Infrastructure,Small,8,0.68,91675218.29,0.2,0.71,1,0.07,0.03,20986118.68,13926083.41,11496703.39,1409582.62,-7458410.88
P0454,Infrastructure,Small,8,0.68,91675218.29,0.2,0.71,2,0.05,0.03,26828297.18,17886887.46,5557320.05,1602579.68,1317893.8
P0454,Infrastructure,Small,8,0.68,91675218.29,0.2,0.71,3,0.07,0.06,35732355.2,23179944.93,4657371.96,2345578.99,4444011.01
P0454,Infrastructure,Small,8,0.68,91675218.29,0.2,0.71,4,0.06,0.05,37379367.85,25164568.49,4750930.42,2514636.85,4894070.75
P0454,Infrastructure,Small,8,0.68,91675218.29,0.2,0.71,5,0.09,0.09,39162888.88,24957612.94,3915653.05,2782586.53,7321378.16
P0454,Infrastructure,Small,8,0.68,91675218.29,0.2,0.71,6,0.05,0.12,44520413.34,31431589.57,1240489.2,2921229.56,9297084.78
P0454,Infrastructure,Small,8,0.68,91675218.29,0.2,0.71,7,0.02,0.09,32633999.45,19579616.86,5835574.04,2135291.42,5803629.89
P0454,Infrastructure,Small,8,0.68,91675218.29,0.2,0.71,8,0.04,0.02,38989748.03,24655265.76,1060867.09,2799652.47,9532859.69
P0455,Infrastructure,Medium,6,0.17,85322316.77,0.27,0.32,1,0.07,0.05,20267621.24,11238344.02,8113921.51,2299872.71,-3654262.84
P0455,Infrastructure,Medium,6,0.17,85322316.77,0.27,0.32,2,0.07,0.1,32841483.15,18666404.75,1505336.56,3977298.85,7686467.84
P0455,Infrastructure,Medium,6,0.17,85322316.77,0.27,0.32,3,0.06,0.06,32618864.71,17816293.59,4897363.46,4303906.34,5562516.66
P0455,Infrastructure,Medium,6,0.17,85322316.77,0.27,0.32,4,0.06,0.06,29430098.41,16609829.48,2505056.42,3694008.05,7670409.44
P0455,Infrastructure,Medium,6,0.17,85322316.77,0.27,0.32,5,0.04,0.03,35556034.27,20845802.91,2160706.0,4224995.84,8191955.82
P0455,Infrastructure,Medium,6,0.17,85322316.77,0.27,0.32,6,0.02,0.07,33809267.43,17497209.59,1564518.56,3604843.96,10504506.76
P0456,Infrastructure,Large,5,0.32,80227973.41,0.26,0.5,1,0.03,0.11,12621462.53,8687109.86,10701261.31,930638.37,-9044576.44
P0456,Infrastructure,Large,5,0.32,80227973.41,0.26,0.5,2,0.05,0.06,15779114.9,9865507.1,1414831.36,1124747.55,2818944.96
P0456,Infrastructure,Large,5,0.32,80227973.41,0.26,0.5,3,0.08,0.03,19533326.83,13687521.6,1256910.54,1660945.69,2519617.2
P0456,Infrastructure,Large,5,0.32,80227973.41,0.26,0.5,4,0.06,0.1,21533289.01,15393613.31,3748835.99,1640366.03,801286.12
P0456,Infrastructure,Large,5,0.32,80227973.41,0.26,0.5,5,0.03,0.13,20815258.24,14234952.93,1149336.13,1620192.78,3845393.52
P0457,Infrastructure,Large,4,0.43,125754430.33,0.25,0.87,1,0.04,0.04,19209632.61,11884560.38,20145789.59,2170563.7,-16531738.83
P0457,Infrastructure,Large,4,0.43,125754430.33,0.25,0.87,2,0.05,-0.03,32135938.15,19577337.42,5482136.78,3782575.57,2573613.74
P0457,Infrastructure,Large,4,0.43,125754430.33,0.25,0.87,3,0.05,0.1,43856499.64,29451616.85,3481720.65,4358070.15,6730716.95
P0457,Infrastructure,Large,4,0.43,125754430.33,0.25,0.87,4,0.04,0.03,42192760.58,27041967.32,2513263.56,4610371.38,8542936.11
P0458,Real Estate,Large,6,0.57,187158142.75,0.22,0.56,1,0.05,0.05,41295469.95,24157234.48,15491639.32,4415840.32,-6549273.75
P0458,Real Estate,Large,6,0.57,187158142.75,0.22,0.56,2,0.05,0.1,53584169.45,33559048.19,4043869.8,6092003.27,10372015.37
P0458,Real Estate,Large,6,0.57,187158142.75,0.22,0.56,3,0.05,0.05,67473984.93,39424979.26,9251565.62,6555200.27,12283660.91
P0458,Real Estate,Large,6,0.57,187158142.75,0.22,0.56,4,0.04,0.05,58881841.94,35398372.14,6153394.58,6391197.19,12275680.5
P0458,Real Estate,Large,6,0.57,187158142.75,0.22,0.56,5,0.05,0.05,67611512.04,38430002.05,4836361.79,7701928.21,16611944.47
P0458,Real Estate,Large,6,0.57,187158142.75,0.22,0.56,6,0.06,0.04,70073216.53,38731983.01,1451753.91,8040773.82,23753722.91
P0459,Healthcare,Large,4,0.83,98861889.99,0.26,0.46,1,0.05,0.06,40033731.85,23278645.32,5086055.74,2185383.26,5247017.54
P0459,Healthcare,Large,4,0.83,98861889.99,0.26,0.46,2,0.03,0.06,65734687.98,35544307.34,4071195.09,4019684.29,17555597.17
P0459,Healthcare,Large,4,0.83,98861889.99,0.26,0.46,3,0.03,0.04,64108429.17,32169232.2,3705288.18,3459380.47,20231463.25
P0459,Healthcare,Large,4,0.83,98861889.99,0.26,0.46,4,0.03,0.07,66367914.34,37807469.79,1329710.01,3584358.26,19364956.89
P0460,Infrastructure,Small,7,0.84,112155389.77,0.3,0.54,1,0.07,0.04,26451922.35,15789792.36,14554979.54,2309516.57,-9121564.11
P0460,Infrastructure,Small,7,0.84,112155389.77,0.3,0.54,2,0.07,0.02,33667042.73,19702204.86,5580284.84,3249904.8,3238823.04
P0460,Infrastructure,Small,7,0.84,112155389.77,0.3,0.54,3,0.04,0.03,33028241.31,19618863.05,4038940.07,3482401.81,5063045.84
P0460,Infrastructure,Small,7,0.84,112155389.77,0.3,0.54,4,0.07,0.06,45520091.79,26897202.83,1586279.29,4517788.69,10436676.41
P0460,Infrastructure,Small,7,0.84,112155389.77,0.3,0.54,5,0.06,0.02,45873303.22,28350788.72,3724769.52,4489636.12,8845372.15
P0460,Infrastructure,Small,7,0.84,112155389.77,0.3,0.54,6,0.05,0.1,49125805.15,32633976.06,3149533.86,5245954.95,7522609.23
P0460,Infrastructure,Small,7,0.84,112155389.77,0.3,0.54,7,0.07,0.05,50371485.88,32733429.03,1020099.5,4304412.8,12055006.85
P0461,Manufacturing,Medium,10,0.46,77188296.31,0.2,0.36,1,0.09,0.1,51942447.68,38317469.99,4958625.39,2992896.38,2955110.58
P0461,Manufacturing,Medium,10,0.46,77188296.31,0.2,0.36,2,0.06,0.11,71101761.54,53938533.82,2077537.42,3894987.46,10805347.49
P0461,Manufacturing,Medium,10,0.46,77188296.31,0.2,0.36,3,0.05,0.05,95296381.29,71985568.88,4536885.63,5284323.12,13018011.38
P0461,Manufacturing,Medium,10,0.46,77188296.31,0.2,0.36,4,0.03,0.09,97029946.01,68545761.84,1271831.73,5063266.66,21419371.42
P0461,Manufacturing,Medium,10,0.46,77188296.31,0.2,0.36,5,0.06,0.09,95146374.68,67388847.18,3589966.4,4790969.83,19201371.54
P0461,Manufacturing,Medium,10,0.46,77188296.31,0.2,0.36,6,0.05,0.07,91225805.46,72829936.86,1994521.58,4578930.04,12576951.28
P0461,Manufacturing,Medium,10,0.46,77188296.31,0.2,0.36,7,0.03,0.08,71346339.0,51311604.44,4108817.74,3981736.87,13920601.63
P0461,Manufacturing,Medium,10,0.46,77188296.31,0.2,0.36,8,0.06,-0.02,81907452.04,60797124.8,3668278.23,4463934.32,13315142.39
P0461,Manufacturing,Medium,10,0.46,77188296.31,0.2,0.36,9,0.09,0.12,91801199.18,71884751.68,2166260.62,5320457.01,12914858.23
P0461,Manufacturing,Medium,10,0.46,77188296.31,0.2,0.36,10,0.06,0.07,88023761.15,61525930.4,1835901.87,4607330.53,20553536.57
P0462,Manufacturing,Small,6,0.78,73885427.41,0.33,0.62,1,0.04,0.06,39847134.31,27421117.78,10613161.76,5133051.05,-7311668.13
P0462,Manufacturing,Small,6,0.78,73885427.41,0.33,0.62,2,0.02,-0.0,52321389.15,35166417.08,1167653.32,7132108.01,8114971.8
P0462,Manufacturing,Small,6,0.78,73885427.41,0.33,0.62,3,0.06,0.05,70400980.23,41902739.16,3182728.76,9842472.03,12557669.85
P0462,Manufacturing,Small,6,0.78,73885427.41,0.33,0.62,4,0.02,0.09,62539624.32,44146969.04,3473213.1,8422909.23,9773768.75
P0462,Manufacturing,Small,6,0.78,73885427.41,0.33,0.62,5,0.04,0.0,66361015.62,45759140.37,3851085.8,8781323.8,9507831.27
P0462,Manufacturing,Small,6,0.78,73885427.41,0.33,0.62,6,0.05,0.03,69250282.85,44218130.12,661758.54,8983028.82,14862226.62
P0463,Technology,Medium,5,0.74,11264899.02,0.28,0.45,1,0.06,0.01,4043392.77,1955065.88,1639223.72,303387.62,-426630.97
P0463,Technology,Medium,5,0.74,11264899.02,0.28,0.45,2,0.04,0.04,7773936.55,3912133.32,631767.35,651974.0,1760789.82
P0463,Technology,Medium,5,0.74,11264899.02,0.28,0.45,3,0.09,0.08,9068786.7,4763421.87,603466.84,695072.13,2455378.36
P0463,Technology,Medium,5,0.74,11264899.02,0.28,0.45,4,0.07,0.06,8678104.19,4682433.3,413699.3,639873.84,2500999.4
P0463,Technology,Medium,5,0.74,11264899.02,0.28,0.45,5,0.04,0.04,8597500.1,4380669.23,173004.37,690799.71,2820741.97
P0464,Energy,Medium,8,0.57,129795119.26,0.23,0.68,1,0.06,0.03,20131924.83,13410701.01,7398025.24,1657634.35,-3802885.99
P0464,Energy,Medium,8,0.57,129795119.26,0.23,0.68,2,0.07,0.02,33202994.25,24046143.87,1539537.48,2494694.85,4791145.78
P0464,Energy,Medium,8,0.57,129795119.26,0.23,0.68,3,0.05,0.07,38548798.85,27098490.39,6488846.79,3090825.02,1894594.57
P0464,Energy,Medium,8,0.57,129795119.26,0.23,0.68,4,0.06,0.08,42194633.77,29440403.75,1819324.5,3438789.37,7956064.18
P0464,Energy,Medium,8,0.57,129795119.26,0.23,0.68,5,0.06,0.05,41033889.14,29414341.56,2718000.44,3496142.17,6191390.27
P0464,Energy,Medium,8,0.57,129795119.26,0.23,0.68,6,0.08,0.05,49891234.41,35718181.24,2396100.2,3942942.25,8202168.86
P0464,Energy,Medium,8,0.57,129795119.26,0.23,0.68,7,0.08,0.06,42812888.42,31296809.72,5955077.23,3240702.75,3834861.65
P0464,Energy,Medium,8,0.57,129795119.26,0.23,0.68,8,0.05,0.06,37394052.85,27287339.78,1002953.37,2631188.46,7980092.52
P0465,Healthcare,Large,7,0.18,17823394.51,0.31,0.28,1,0.07,0.01,6759003.0,4094297.25,2593978.58,466961.93,-1280373.07
P0465,Healthcare,Large,7,0.18,17823394.51,0.31,0.28,2,0.04,0.04,8215342.24,5576454.69,737183.66,620222.29,899462.6
P0465,Healthcare,Large,7,0.18,17823394.51,0.31,0.28,3,0.08,-0.01,8616829.28,4941917.88,378611.55,685972.25,2058347.05
P0465,Healthcare,Large,7,0.18,17823394.51,0.31,0.28,4,0.07,0.05,10197409.59,6768024.3,439317.35,802278.66,1864126.33
P0465,Healthcare,Large,7,0.18,17823394.51,0.31,0.28,5,0.02,0.05,9502649.12,6176851.55,753804.93,716171.52,1697142.57
P0465,Healthcare,Large,7,0.18,17823394.51,0.31,0.28,6,0.02,0.11,11900465.78,7393166.46,920325.3,1057042.43,1747754.72
P0465,Healthcare,Large,7,0.18,17823394.51,0.31,0.28,7,0.06,-0.01,9680862.93,6434666.76,104398.6,736079.82,2395513.57
P0466,Energy,Small,6,0.45,193373321.55,0.2,0.63,1,0.06,0.09,46844907.76,26990165.9,15240798.31,4175816.75,-3418016.27
P0466,Energy,Small,6,0.45,193373321.55,0.2,0.63,2,0.08,0.02,65184834.64,38741193.86,6611728.22,5110515.58,13880205.22
P0466,Energy,Small,6,0.45,193373321.55,0.2,0.63,3,0.09,0.02,88641455.55,50064786.74,2621303.51,6738078.45,25445406.66
P0466,Energy,Small,6,0.45,193373321.55,0.2,0.63,4,0.05,0.07,105430245.68,62808991.88,1932638.55,8527769.41,31579142.6
P0466,Energy,Small,6,0.45,193373321.55,0.2,0.63,5,0.04,0.05,85043174.51,49035764.55,3563280.31,7150040.33,25985568.03
P0466,Energy,Small,6,0.45,193373321.55,0.2,0.63,6,0.06,0.06,98969716.88,55301359.69,3003811.49,8032832.79,31280558.84
P0467,Energy,Medium,8,0.33,236295195.16,0.29,0.56,1,0.04,0.15,96272519.73,56061553.15,27538431.38,10705786.26,-10288399.44
P0467,Energy,Medium,8,0.33,236295195.16,0.29,0.56,2,0.08,0.11,103859683.82,65042364.13,10538790.58,13161748.68,14743342.24
P0467,Energy,Medium,8,0.33,236295195.16,0.29,0.56,3,0.06,0.04,139145281.08,77800370.42,11823494.92,15324764.06,30593982.34
P0467,Energy,Medium,8,0.33,236295195.16,0.29,0.56,4,0.04,0.06,123612317.84,70429488.34,4751369.01,13032502.35,34320952.78
P0467,Energy,Medium,8,0.33,236295195.16,0.29,0.56,5,0.05,0.06,132317796.6,80566602.5,5650277.59,14107051.48,29339651.19
P0467,Energy,Medium,8,0.33,236295195.16,0.29,0.56,6,0.07,0.02,117539152.56,60683396.63,11621893.85,13645202.33,29640174.42
P0467,Energy,Medium,8,0.33,236295195.16,0.29,0.56,7,0.04,0.11,149673330.41,85612699.56,4028816.85,17197642.4,38922643.86
P0467,Energy,Medium,8,0.33,236295195.16,0.29,0.56,8,0.04,0.05,130462921.27,76219850.74,3742166.32,15385257.28,36540630.53
P0468,Energy,Small,5,0.4,115335084.87,0.3,0.49,1,0.1,0.07,36315241.44,24923308.97,17578276.27,2830482.95,-12931392.54
P0468,Energy,Small,5,0.4,115335084.87,0.3,0.49,2,0.03,0.06,42526747.7,26638890.19,5237502.97,3424293.18,5453025.51
P0468,Energy,Small,5,0.4,115335084.87,0.3,0.49,3,0.03,0.03,53762571.11,35513535.96,5547333.81,4263307.17,5968671.61
P0468,Energy,Small,5,0.4,115335084.87,0.3,0.49,4,0.05,-0.03,49052287.89,29204805.74,3162519.16,3526275.56,11670718.46
P0468,Energy,Small,5,0.4,115335084.87,0.3,0.49,5,0.04,-0.0,56613726.55,34225296.78,841282.49,4284219.36,14294349.18
P0469,Healthcare,Small,8,0.48,34402648.98,0.27,0.59,1,0.05,0.11,17911722.76,10394142.55,3825134.34,1663320.38,-8480.41
P0469,Healthcare,Small,8,0.48,34402648.98,0.27,0.59,2,0.07,0.03,24843864.01,14781672.61,938019.26,2128333.12,5875640.73
P0469,Healthcare,Small,8,0.48,34402648.98,0.27,0.59,3,0.09,0.04,29704154.82,16657961.9,975152.02,2872166.68,7693073.42
P0469,Healthcare,Small,8,0.48,34402648.98,0.27,0.59,4,0.05,0.1,30496737.49,17808898.73,647178.89,2741131.65,7994647.18
P0469,Healthcare,Small,8,0.48,34402648.98,0.27,0.59,5,0.08,0.04,27712817.2,15594264.2,607518.93,2286206.53,8846241.18
P0469,Healthcare,Small,8,0.48,34402648.98,0.27,0.59,6,0.07,0.05,34927797.85,20520945.61,1136453.35,3274079.07,8152387.98
P0469,Healthcare,Small,8,0.48,34402648.98,0.27,0.59,7,0.05,0.15,36183417.63,20317376.62,1272582.32,3032057.36,11220302.45
P0469,Healthcare,Small,8,0.48,34402648.98,0.27,0.59,8,0.06,0.04,33310974.97,19338587.34,904541.17,2800420.05,9792714.87
P0470,Manufacturing,Small,4,0.39,70032298.08,0.23,0.49,1,0.06,0.1,30952458.78,23703462.96,7632618.69,3839563.44,-5752009.42
P0470,Manufacturing,Small,4,0.39,70032298.08,0.23,0.49,2,0.04,0.04,39433683.06,31988550.62,3737997.06,5115835.96,721749.01
P0470,Manufacturing,Small,4,0.39,70032298.08,0.23,0.49,3,0.06,0.08,56658584.3,50053611.62,2043865.81,7301869.18,868534.44
P0470,Manufacturing,Small,4,0.39,70032298.08,0.23,0.49,4,0.06,-0.01,53291754.68,45396399.29,1016363.93,6378447.09,6282511.16
P0471,Energy,Small,10,0.49,142505861.46,0.26,0.71,1,0.05,0.05,23692350.25,12684597.94,11648113.32,1171313.26,-4690088.44
P0471,Energy,Small,10,0.49,142505861.46,0.26,0.71,2,0.07,0.08,41515090.71,21205944.11,5367772.1,2059977.46,9273318.67
P0471,Energy,Small,10,0.49,142505861.46,0.26,0.71,3,0.03,0.11,38433967.82,18780194.19,7941793.33,1907918.58,6609587.21
P0471,Energy,Small,10,0.49,142505861.46,0.26,0.71,4,0.06,0.01,53493344.84,26926713.65,3434279.14,2792727.84,15662904.78
P0471,Energy,Small,10,0.49,142505861.46,0.26,0.71,5,0.06,0.06,47376805.62,24139111.44,1961641.27,2406116.37,15709123.82
P0471,Energy,Small,10,0.49,142505861.46,0.26,0.71,6,0.03,0.02,50046683.34,25203128.48,7790066.01,2521703.83,10445827.16
P0471,Energy,Small,10,0.49,142505861.46,0.26,0.71,7,0.08,0.1,49064154.44,26564687.95,2478717.38,2546530.93,13985509.39
P0471,Energy,Small,10,0.49,142505861.46,0.26,0.71,8,0.05,0.04,54911334.62,26773220.78,6874413.2,2984606.3,13319697.46
P0471,Energy,Small,10,0.49,142505861.46,0.26,0.71,9,0.05,0.03,39500718.91,20219948.33,6523627.14,2056681.65,9205111.35
P0471,Energy,Small,10,0.49,142505861.46,0.26,0.71,10,0.09,0.06,48446604.42,24579900.28,2023302.08,2299596.16,15287703.57
P0472,Manufacturing,Medium,9,0.6,20411405.09,0.33,0.58,1,0.04,0.06,6997932.53,5023913.08,2585602.78,656209.63,-1957990.68
P0472,Manufacturing,Medium,9,0.6,20411405.09,0.33,0.58,2,0.04,0.08,10876909.95,7854728.67,418140.09,943786.95,1353734.09
P0472,Manufacturing,Medium,9,0.6,20411405.09,0.33,0.58,3,0.04,0.07,12434301.67,8125305.78,441511.71,1168516.07,2176042.63
P0472,Manufacturing,Medium,9,0.6,20411405.09,0.33,0.58,4,0.03,0.02,12626235.89,10097062.41,592949.17,1190103.35,1059087.41
P0472,Manufacturing,Medium,9,0.6,20411405.09,0.33,0.58,5,0.04,0.06,13024586.45,8817486.97,1148677.81,1299407.99,1524650.25
P0472,Manufacturing,Medium,9,0.6,20411405.09,0.33,0.58,6,0.06,-0.0,11949079.81,9309996.08,491048.62,1017880.37,1511707.14
P0472,Manufacturing,Medium,9,0.6,20411405.09,0.33,0.58,7,0.04,0.01,14094987.25,9861401.1,1075420.09,1366295.3,1361430.45
P0472,Manufacturing,Medium,9,0.6,20411405.09,0.33,0.58,8,0.06,0.06,14006148.05,9540555.21,794540.34,1244967.16,2306589.41
P0472,Manufacturing,Medium,9,0.6,20411405.09,0.33,0.58,9,0.06,0.07,14184789.49,10529537.53,128310.3,1314004.25,2229375.85
P0473,Energy,Medium,9,0.27,70434255.37,0.3,0.64,1,0.05,0.08,21848323.25,16139932.83,7217838.25,2690946.63,-5982435.63
P0473,Energy,Medium,9,0.27,70434255.37,0.3,0.64,2,0.05,-0.01,33070879.71,21658415.56,2464596.35,3705132.16,4374126.23
P0473,Energy,Medium,9,0.27,70434255.37,0.3,0.64,3,0.03,0.05,45224573.27,33046673.27,4192397.75,4658792.38,3430764.45
P0473,Energy,Medium,9,0.27,70434255.37,0.3,0.64,4,0.06,0.0,43282161.52,28294159.22,3358864.99,4933242.62,6736178.12
P0473,Energy,Medium,9,0.27,70434255.37,0.3,0.64,5,0.07,-0.01,45546105.28,30498455.88,4162216.81,5142594.22,5906425.41
P0473,Energy,Medium,9,0.27,70434255.37,0.3,0.64,6,0.06,0.02,47811429.44,33198914.51,915706.39,5468593.05,8871906.4
P0473,Energy,Medium,9,0.27,70434255.37,0.3,0.64,7,0.06,0.06,46533639.81,30628639.61,1098778.33,5300265.33,10091533.43
P0473,Energy,Medium,9,0.27,70434255.37,0.3,0.64,8,0.05,0.07,55654092.58,36486190.12,2131724.25,7023124.42,9991874.83
P0473,Energy,Medium,9,0.27,70434255.37,0.3,0.64,9,0.04,0.09,55311701.9,39371391.47,803802.06,6107740.69,10768475.94
P0474,Infrastructure,Medium,3,0.32,132937328.11,0.23,0.69,1,0.08,-0.01,30034206.12,16712952.67,11898010.73,3475405.47,-5063652.74
P0474,Infrastructure,Medium,3,0.32,132937328.11,0.23,0.69,2,0.03,0.08,36912613.67,18900092.82,5715410.67,3964566.93,7777160.48
P0474,Infrastructure,Medium,3,0.32,132937328.11,0.23,0.69,3,0.06,0.03,43253213.77,22310570.87,1953415.98,5053769.97,13081616.35
P0475,Manufacturing,Small,3,0.46,65796338.75,0.2,0.63,1,0.07,-0.0,22323151.29,14070790.67,7368201.3,1312090.06,-2073504.4
P0475,Manufacturing,Small,3,0.46,65796338.75,0.2,0.63,2,0.04,0.08,33681567.97,18477933.15,2402008.46,2018847.29,9066969.98
P0475,Manufacturing,Small,3,0.46,65796338.75,0.2,0.63,3,0.02,0.07,44915659.49,26847617.57,685184.16,2993794.86,12902192.19
P0476,Manufacturing,Medium,8,0.43,21514286.22,0.22,0.67,1,0.03,0.06,5225826.66,3392325.37,1545302.51,369456.54,-448938.83
P0476,Manufacturing,Medium,8,0.43,21514286.22,0.22,0.67,2,0.05,0.08,6411354.24,3570472.24,558929.08,410955.31,1681005.84
P0476,Manufacturing,Medium,8,0.43,21514286.22,0.22,0.67,3,0.06,0.03,9863046.63,5855000.82,700029.84,707066.56,2203385.35
P0476,Manufacturing,Medium,8,0.43,21514286.22,0.22,0.67,4,0.05,0.03,9661186.85,5920884.33,996976.16,556919.35,2263500.29
P0476,Manufacturing,Medium,8,0.43,21514286.22,0.22,0.67,5,0.06,0.08,9756838.85,5413195.77,1258874.4,670625.29,2037824.73
P0476,Manufacturing,Medium,8,0.43,21514286.22,0.22,0.67,6,0.09,0.06,9297040.97,6388254.89,606860.56,660496.64,1651082.69
P0476,Manufacturing,Medium,8,0.43,21514286.22,0.22,0.67,7,0.04,0.06,8875459.92,4838942.49,724269.96,614099.7,2414971.14
P0476,Manufacturing,Medium,8,0.43,21514286.22,0.22,0.67,8,0.08,0.03,8511324.45,5430604.43,386852.3,583402.88,2092636.82
P0477,Healthcare,Large,7,0.43,98118113.72,0.27,0.86,1,0.08,0.08,21469883.38,16230835.3,9194820.73,1635404.63,-6936481.87
P0477,Healthcare,Large,7,0.43,98118113.72,0.27,0.86,2,0.07,0.04,28531835.49,21284112.22,5195255.8,2212982.1,-483264.42
P0477,Healthcare,Large,7,0.43,98118113.72,0.27,0.86,3,0.07,0.08,38234920.31,24912279.03,2826389.64,3168630.63,6159077.4
P0477,Healthcare,Large,7,0.43,98118113.72,0.27,0.86,4,0.04,0.03,39024690.51,28388242.61,4777212.1,3717333.47,2495933.89
P0477,Healthcare,Large,7,0.43,98118113.72,0.27,0.86,5,0.05,0.04,46970058.63,36145749.86,4857292.68,4106605.29,2579871.45
P0477,Healthcare,Large,7,0.43,98118113.72,0.27,0.86,6,0.05,0.07,44308003.14,33063955.85,3667208.01,3292548.49,5420712.78
P0477,Healthcare,Large,7,0.43,98118113.72,0.27,0.86,7,0.06,0.06,44841847.57,35050145.75,2194650.55,3786767.83,4304364.0
P0478,Manufacturing,Medium,9,0.54,36873108.41,0.28,0.51,1,0.05,0.06,6764666.04,5740188.84,3578463.82,395401.2,-3143138.09
P0478,Manufacturing,Medium,9,0.54,36873108.41,0.28,0.51,2,0.05,0.14,9524837.25,8285659.4,2147055.07,606491.48,-1474700.56
P0478,Manufacturing,Medium,9,0.54,36873108.41,0.28,0.51,3,0.03,0.1,12015840.17,9825738.2,1300336.07,807015.18,70801.24
P0478,Manufacturing,Medium,9,0.54,36873108.41,0.28,0.51,4,0.05,0.04,11382283.01,10395768.49,548084.71,708772.06,256546.6
P0478,Manufacturing,Medium,9,0.54,36873108.41,0.28,0.51,5,0.05,0.1,12125815.36,9875446.06,911974.96,837349.06,588208.59
P0478,Manufacturing,Medium,9,0.54,36873108.41,0.28,0.51,6,0.07,-0.02,9876243.06,8521718.68,623758.28,680602.37,476394.22
P0478,Manufacturing,Medium,9,0.54,36873108.41,0.28,0.51,7,0.05,0.05,13217061.28,12399033.65,847910.46,864552.2,-462795.96
P0478,Manufacturing,Medium,9,0.54,36873108.41,0.28,0.51,8,0.05,0.08,13903265.25,10285571.34,1579134.46,849866.41,1065008.65
P0478,Manufacturing,Medium,9,0.54,36873108.41,0.28,0.51,9,0.05,0.1,13769965.86,11517661.06,188144.67,870215.73,1470550.77
P0479,Healthcare,Small,6,0.59,71291981.45,0.32,0.72,1,0.05,0.1,15954464.17,12617461.47,4081022.75,1392242.92,-3375951.95
P0479,Healthcare,Small,6,0.59,71291981.45,0.32,0.72,2,0.04,0.02,25574267.95,19247436.49,2738848.73,2410518.55,589818.61
P0479,Healthcare,Small,6,0.59,71291981.45,0.32,0.72,3,0.05,0.12,31011574.44,21277925.89,2905381.6,3083369.39,2964861.37
P0479,Healthcare,Small,6,0.59,71291981.45,0.32,0.72,4,0.04,0.06,28781983.39,21446973.39,3725615.6,2679437.78,1639880.04
P0479,Healthcare,Small,6,0.59,71291981.45,0.32,0.72,5,0.06,0.06,30092511.13,22295028.59,3037569.23,2678363.26,2349897.57
P0479,Healthcare,Small,6,0.59,71291981.45,0.32,0.72,6,0.1,0.06,36351825.11,28782441.69,1727412.86,3487682.16,2648222.41
P0480,Technology,Small,5,0.52,29565196.19,0.2,0.35,1,0.07,-0.03,9143845.88,3755635.31,3195262.1,1086537.77,27537.27
P0480,Technology,Small,5,0.52,29565196.19,0.2,0.35,2,0.07,0.07,12441968.25,5264860.89,1467699.43,1611917.83,3732082.18
P0480,Technology,Small,5,0.52,29565196.19,0.2,0.35,3,0.05,0.01,16235598.02,6715857.29,1102082.84,1996612.86,5891273.93
P0480,Technology,Small,5,0.52,29565196.19,0.2,0.35,4,0.05,0.07,18665706.39,7365591.38,976291.63,2144257.7,8285822.77
P0480,Technology,Small,5,0.52,29565196.19,0.2,0.35,5,0.06,0.03,17285832.02,7671559.92,210342.24,2139037.7,7818403.69
P0481,Energy,Small,7,0.59,194169468.83,0.25,0.6,1,0.05,0.11,45979662.84,23496336.15,12722746.08,3583816.17,575883.39
P0481,Energy,Small,7,0.59,194169468.83,0.25,0.6,2,0.05,0.13,68312621.47,32480452.69,10047681.08,5345041.33,15104097.42
P0481,Energy,Small,7,0.59,194169468.83,0.25,0.6,3,0.09,0.05,73737127.85,40039934.87,12466084.22,6125811.46,11870876.63
P0481,Energy,Small,7,0.59,194169468.83,0.25,0.6,4,0.05,0.05,82490588.09,39582413.91,9130874.79,6350718.58,22999794.33
P0481,Energy,Small,7,0.59,194169468.83,0.25,0.6,5,0.04,0.06,79087653.23,40515119.36,10340314.71,6258341.38,18668080.46
P0481,Energy,Small,7,0.59,194169468.83,0.25,0.6,6,0.05,0.05,93442029.56,46218981.11,8128013.61,7165403.56,28013671.18
P0481,Energy,Small,7,0.59,194169468.83,0.25,0.6,7,0.06,0.02,71170086.2,32966585.15,3392908.8,5762207.43,25658139.04
P0482,Healthcare,Large,8,0.43,25875630.19,0.22,0.51,1,0.03,0.01,9118865.6,6092286.68,2066844.04,495845.17,-211879.39
P0482,Healthcare,Large,8,0.43,25875630.19,0.22,0.51,2,0.03,0.06,11322921.85,7690231.38,340081.29,644289.17,2154338.03
P0482,Healthcare,Large,8,0.43,25875630.19,0.22,0.51,3,0.09,0.04,15952677.26,10797877.65,997530.19,965526.79,2724611.7
P0482,Healthcare,Large,8,0.43,25875630.19,0.22,0.51,4,0.05,0.02,14857456.97,9216527.61,987864.21,843395.32,3651474.98
P0482,Healthcare,Large,8,0.43,25875630.19,0.22,0.51,5,0.07,0.05,18433854.45,12211098.04,1053708.96,1026228.01,3482180.14
P0482,Healthcare,Large,8,0.43,25875630.19,0.22,0.51,6,0.1,0.06,15384553.92,10557785.06,1201258.64,871978.79,2622848.52
P0482,Healthcare,Large,8,0.43,25875630.19,0.22,0.51,7,0.06,0.02,14333329.6,9735204.54,453739.03,826857.45,3175172.08
P0482,Healthcare,Large,8,0.43,25875630.19,0.22,0.51,8,0.06,0.08,17896580.0,12009115.25,423334.18,1026700.59,3761849.28
P0483,Technology,Medium,5,0.65,46134588.12,0.24,0.86,1,0.05,0.08,12604641.35,5293541.13,5818455.94,1439200.4,-1685743.46
P0483,Technology,Medium,5,0.65,46134588.12,0.24,0.86,2,0.08,0.1,20476416.09,8901197.52,539546.66,2172351.18,7510478.34
P0483,Technology,Medium,5,0.65,46134588.12,0.24,0.86,3,0.05,0.05,27394543.47,11514846.3,1637295.67,2899124.97,9371442.21
P0483,Technology,Medium,5,0.65,46134588.12,0.24,0.86,4,0.04,0.01,31528984.44,13846895.5,963801.78,3610794.05,11067810.42
P0483,Technology,Medium,5,0.65,46134588.12,0.24,0.86,5,0.05,0.03,24500110.11,10350886.68,1004193.43,2851201.86,10208708.95
P0484,Energy,Small,5,0.6,167303298.97,0.26,0.43,1,0.06,0.03,27091902.69,19168465.35,8188936.71,3042514.66,-5553300.85
P0484,Energy,Small,5,0.6,167303298.97,0.26,0.43,2,0.05,0.12,53798719.59,36116477.74,8430307.51,6342732.02,1206131.15
P0484,Energy,Small,5,0.6,167303298.97,0.26,0.43,3,0.07,0.08,59343825.95,43289791.9,7014587.08,7579048.24,3586974.0
P0484,Energy,Small,5,0.6,167303298.97,0.26,0.43,4,0.04,0.08,52691430.63,35847053.09,6063782.01,5934398.04,7919287.04
P0484,Energy,Small,5,0.6,167303298.97,0.26,0.43,5,0.05,0.07,63843718.77,46262377.08,1237068.59,7248557.63,9484148.07
P0485,Energy,Small,8,0.6,128866384.11,0.27,0.34,1,0.06,0.09,37677424.72,16358585.57,9985009.64,2938411.93,2745685.75
P0485,Energy,Small,8,0.6,128866384.11,0.27,0.34,2,0.05,0.06,47205357.93,22357737.54,5618386.45,4206037.98,11319184.87
P0485,Energy,Small,8,0.6,128866384.11,0.27,0.34,3,0.09,0.07,65694733.91,31419864.81,3261635.02,5425691.81,20738172.09
P0485,Energy,Small,8,0.6,128866384.11,0.27,0.34,4,0.08,0.07,70602900.47,33955722.46,2069401.11,5377186.51,25537670.55
P0485,Energy,Small,8,0.6,128866384.11,0.27,0.34,5,0.07,0.03,67459309.0,33716840.58,7486530.62,5198754.49,17937404.82
P0485,Energy,Small,8,0.6,128866384.11,0.27,0.34,6,0.04,0.09,66404994.73,33020308.93,1549499.72,5656766.75,22030453.02
P0485,Energy,Small,8,0.6,128866384.11,0.27,0.34,7,0.05,0.03,66472890.46,31334093.49,5152079.36,5188408.09,21176318.63
P0485,Energy,Small,8,0.6,128866384.11,0.27,0.34,8,0.05,0.09,69219099.04,37423537.72,1579198.02,5611574.51,21268935.04
P0486,Energy,Small,6,0.5,49743168.19,0.22,0.24,1,0.09,0.15,23484896.99,13316302.14,5128129.0,1063497.73,1798057.76
P0486,Energy,Small,6,0.5,49743168.19,0.22,0.24,2,0.07,0.11,30037881.05,17136614.76,750898.0,1511417.82,9726787.68
P0486,Energy,Small,6,0.5,49743168.19,0.22,0.24,3,0.05,0.08,30170797.76,15254798.13,1762169.33,1527658.9,10007087.23
P0486,Energy,Small,6,0.5,49743168.19,0.22,0.24,4,0.09,0.04,31029959.79,15453995.15,2499894.13,1617502.54,8885667.53
P0486,Energy,Small,6,0.5,49743168.19,0.22,0.24,5,0.04,0.01,35300203.64,18746987.05,821559.29,1727425.05,11866128.79
P0486,Energy,Small,6,0.5,49743168.19,0.22,0.24,6,0.06,0.04,33339113.92,17373421.7,539980.49,1846986.2,11640529.92
P0487,Energy,Medium,5,0.43,232215177.77,0.22,0.56,1,0.06,0.06,37615994.38,14344059.02,29256023.59,4037916.11,-15267163.62
P0487,Energy,Medium,5,0.43,232215177.77,0.22,0.56,2,0.04,0.06,60930199.34,23369860.89,4263592.15,6570915.05,21981241.3
P0487,Energy,Medium,5,0.43,232215177.77,0.22,0.56,3,0.04,0.09,70244081.49,26014234.49,5436470.71,7652949.49,27909568.53
P0487,Energy,Medium,5,0.43,232215177.77,0.22,0.56,4,0.06,0.07,59644969.53,23269090.6,7154106.6,5878091.16,22673101.08
P0487,Energy,Medium,5,0.43,232215177.77,0.22,0.56,5,0.05,0.07,77690630.05,29388420.24,4358147.07,8084579.33,27761039.13
P0488,Healthcare,Small,5,0.74,79466949.33,0.29,0.62,1,0.04,0.0,23879150.0,17349207.38,4106581.39,2121845.01,-1659409.97
P0488,Healthcare,Small,5,0.74,79466949.33,0.29,0.62,2,0.08,0.1,37407615.8,30134423.92,3493131.9,2882247.76,993650.61
P0488,Healthcare,Small,5,0.74,79466949.33,0.29,0.62,3,0.04,0.08,43459758.22,30835223.49,4396379.55,3610844.59,3861087.28
P0488,Healthcare,Small,5,0.74,79466949.33,0.29,0.62,4,0.03,0.11,57051193.82,39812738.98,3054026.77,4717299.95,8358836.54
P0488,Healthcare,Small,5,0.74,79466949.33,0.29,0.62,5,0.04,0.05,45663621.37,32999472.79,814326.82,3623772.05,9314386.24
P0489,Manufacturing,Medium,10,0.58,83340098.62,0.26,0.61,1,0.06,0.01,21457833.25,14916060.33,10007926.55,993490.78,-6279599.45
P0489,Manufacturing,Medium,10,0.58,83340098.62,0.26,0.61,2,0.05,0.01,25567673.97,18886986.19,3173229.56,1102121.02,1562142.71
P0489,Manufacturing,Medium,10,0.58,83340098.62,0.26,0.61,3,0.06,0.07,40022986.17,28618102.62,5171700.8,1749927.21,2571307.65
P0489,Manufacturing,Medium,10,0.58,83340098.62,0.26,0.61,4,0.03,0.01,36791923.85,24082858.26,3826064.27,1541072.89,5913157.97
P0489,Manufacturing,Medium,10,0.58,83340098.62,0.26,0.61,5,0.04,0.13,38252743.54,26386551.84,1155534.65,1918963.05,7371210.79
P0489,Manufacturing,Medium,10,0.58,83340098.62,0.26,0.61,6,0.07,0.03,37494910.24,26869557.59,4690581.51,1853386.54,3094606.65
P0489,Manufacturing,Medium,10,0.58,83340098.62,0.26,0.61,7,0.03,0.09,47262320.09,30029942.65,2739819.26,2001637.77,9254304.8
P0489,Manufacturing,Medium,10,0.58,83340098.62,0.26,0.61,8,0.06,0.03,32247135.9,22503025.46,3691804.78,1478570.14,3964676.42
P0489,Manufacturing,Medium,10,0.58,83340098.62,0.26,0.61,9,0.07,0.05,40522806.09,27814972.82,5354426.39,1988279.58,3214747.23
P0489,Manufacturing,Medium,10,0.58,83340098.62,0.26,0.61,10,0.08,0.06,46002018.16,32794275.28,1680493.13,1994380.33,8531083.18
P0490,Manufacturing,Small,3,0.65,49275168.58,0.2,0.62,1,0.06,0.05,14666594.08,12242340.36,3644171.01,1758281.8,-3487152.26
P0490,Manufacturing,Small,3,0.65,49275168.58,0.2,0.62,2,0.05,-0.04,23787583.77,17814251.28,1176998.52,2626631.42,2830685.05
P0490,Manufacturing,Small,3,0.65,49275168.58,0.2,0.62,3,0.03,0.03,31825517.92,22221925.1,912934.13,3319056.47,6182547.93
P0491,Manufacturing,Small,6,0.29,65010823.37,0.25,0.35,1,0.07,0.06,36958027.18,28145278.16,6866773.94,2123069.24,-2221518.53
P0491,Manufacturing,Small,6,0.29,65010823.37,0.25,0.35,2,0.05,0.05,39672476.66,29117860.05,1220090.52,1956445.71,6404125.36
P0491,Manufacturing,Small,6,0.29,65010823.37,0.25,0.35,3,0.07,0.09,63452270.83,45591588.45,3038551.79,3265045.53,9003098.15
P0491,Manufacturing,Small,6,0.29,65010823.37,0.25,0.35,4,0.04,0.05,54774735.22,37706387.35,2496004.54,2800290.38,11189899.83
P0491,Manufacturing,Small,6,0.29,65010823.37,0.25,0.35,5,0.07,0.11,60637426.07,41915971.25,1799806.59,2967869.4,12124914.73
P0491,Manufacturing,Small,6,0.29,65010823.37,0.25,0.35,6,0.04,0.05,72992713.76,51960554.05,393433.01,3768866.22,14073704.79
P0492,Real Estate,Medium,10,0.51,167565999.47,0.23,0.68,1,0.08,0.1,44052917.14,22869463.64,24406646.72,2839878.63,-11457996.29
P0492,Real Estate,Medium,10,0.51,167565999.47,0.23,0.68,2,0.06,0.02,61751453.96,34091558.0,3612068.11,3847200.36,16545562.06
P0492,Real Estate,Medium,10,0.51,167565999.47,0.23,0.68,3,0.07,0.11,69312506.89,39519551.59,3951003.04,3965024.7,18916348.58
P0492,Real Estate,Medium,10,0.51,167565999.47,0.23,0.68,4,0.03,0.07,71163689.19,37767263.64,6972448.13,4549607.86,18592704.75
P0492,Real Estate,Medium,10,0.51,167565999.47,0.23,0.68,5,0.05,0.04,75552565.39,40380990.77,4263616.85,4282581.46,23763514.8
P0492,Real Estate,Medium,10,0.51,167565999.47,0.23,0.68,6,0.09,0.08,69337379.51,42374546.29,4631083.04,3918522.55,16793597.75
P0492,Real Estate,Medium,10,0.51,167565999.47,0.23,0.68,7,0.03,0.05,83499823.78,42667960.99,5655797.9,5268252.37,25178339.51
P0492,Real Estate,Medium,10,0.51,167565999.47,0.23,0.68,8,0.08,0.03,71078433.61,38559031.98,9139879.17,3986297.9,17222830.21
P0492,Real Estate,Medium,10,0.51,167565999.47,0.23,0.68,9,0.02,0.06,67833015.6,38375781.92,6087599.07,3833958.51,17114891.81
P0492,Real Estate,Medium,10,0.51,167565999.47,0.23,0.68,10,0.09,0.05,85197098.79,47104747.37,1121880.9,5058975.04,25427450.97
P0493,Energy,Medium,6,0.75,37394193.22,0.24,0.58,1,0.06,0.08,10264910.58,5438735.64,4545695.55,1032562.8,-1937061.84
P0493,Energy,Medium,6,0.75,37394193.22,0.24,0.58,2,0.07,0.06,15459266.09,8757947.13,1921228.67,1411113.29,2719464.18
P0493,Energy,Medium,6,0.75,37394193.22,0.24,0.58,3,0.06,0.07,19074138.5,10629383.7,2286759.17,1905478.99,3913463.41
P0493,Energy,Medium,6,0.75,37394193.22,0.24,0.58,4,0.03,-0.0,16271447.61,9397400.5,2105679.52,1509200.83,3689049.06
P0493,Energy,Medium,6,0.75,37394193.22,0.24,0.58,5,0.08,0.03,18006521.56,10713884.31,1365604.35,1827676.36,3714795.36
P0493,Energy,Medium,6,0.75,37394193.22,0.24,0.58,6,0.05,0.01,21197301.47,10203956.05,580083.71,2002290.11,7853933.99
P0494,Manufacturing,Small,5,0.45,33929244.89,0.25,0.51,1,0.08,-0.02,7511777.41,6068312.33,3536728.47,368790.0,-2846091.94
P0494,Manufacturing,Small,5,0.45,33929244.89,0.25,0.51,2,0.07,0.02,15420553.32,13707047.8,1303732.29,640362.49,-294571.12
P0494,Manufacturing,Small,5,0.45,33929244.89,0.25,0.51,3,0.06,0.07,15105785.23,12072795.09,1010244.1,686734.06,1265360.83
P0494,Manufacturing,Small,5,0.45,33929244.89,0.25,0.51,4,0.07,0.08,16139042.31,13715609.49,1133505.4,689069.92,651960.98
P0494,Manufacturing,Small,5,0.45,33929244.89,0.25,0.51,5,0.02,0.02,13992939.21,10472681.31,185504.99,621022.5,2477663.71
P0495,Manufacturing,Medium,6,0.31,56393477.0,0.34,0.72,1,0.03,0.04,20079084.68,11492183.18,8683443.95,2350830.08,-5391493.65
P0495,Manufacturing,Medium,6,0.31,56393477.0,0.34,0.72,2,0.05,0.06,36802740.6,20626459.24,1803904.78,4587630.5,6085107.14
P0495,Manufacturing,Medium,6,0.31,56393477.0,0.34,0.72,3,0.04,0.01,42827290.18,25008320.23,926198.53,5374625.32,10546568.24
P0495,Manufacturing,Medium,6,0.31,56393477.0,0.34,0.72,4,0.03,0.04,46608164.26,27127276.63,3094845.59,5937464.46,9232433.82
P0495,Manufacturing,Medium,6,0.31,56393477.0,0.34,0.72,5,0.05,0.08,40012437.43,23584099.77,2410727.05,4828718.55,9396567.93
P0495,Manufacturing,Medium,6,0.31,56393477.0,0.34,0.72,6,0.07,0.1,50413593.11,29196680.21,1090658.25,6006529.86,11496578.61
P0496,Manufacturing,Medium,10,0.25,95113287.38,0.26,0.17,1,0.07,0.02,37402272.72,26857945.36,8342434.22,3458606.68,-3764374.53
P0496,Manufacturing,Medium,10,0.25,95113287.38,0.26,0.17,2,0.05,0.04,32351497.42,23552932.71,1336929.95,3189794.25,5121071.14
P0496,Manufacturing,Medium,10,0.25,95113287.38,0.26,0.17,3,0.06,0.04,60129651.17,46047335.16,2818302.97,5193846.6,5674706.29
P0496,Manufacturing,Medium,10,0.25,95113287.38,0.26,0.17,4,0.03,0.04,56670146.77,39374383.05,3902600.32,6125796.86,8223189.47
P0496,Manufacturing,Medium,10,0.25,95113287.38,0.26,0.17,5,0.08,-0.0,60836585.71,51754794.48,1722299.61,5842221.7,5245353.66
P0496,Manufacturing,Medium,10,0.25,95113287.38,0.26,0.17,6,0.05,0.08,79794871.68,54014784.21,4147214.01,8167069.63,13204030.95
P0496,Manufacturing,Medium,10,0.25,95113287.38,0.26,0.17,7,0.07,0.03,64588477.68,49566148.54,3306876.4,5701848.15,10445759.0
P0496,Manufacturing,Medium,10,0.25,95113287.38,0.26,0.17,8,0.06,0.06,54750787.63,40827615.03,2960472.12,5065569.83,7616770.39
P0496,Manufacturing,Medium,10,0.25,95113287.38,0.26,0.17,9,0.06,0.11,66530440.76,47418964.95,3756222.7,6190929.23,9011797.51
P0496,Manufacturing,Medium,10,0.25,95113287.38,0.26,0.17,10,0.08,0.07,53071779.14,36908555.67,1416651.35,4811175.71,12436420.89
P0497,Infrastructure,Small,5,0.66,132799287.51,0.23,0.24,1,0.07,0.07,43498190.36,22866757.38,14774254.51,4021851.06,-2950953.41
P0497,Infrastructure,Small,5,0.66,132799287.51,0.23,0.24,2,0.05,0.07,57615452.7,32191898.78,4879864.78,4764445.87,13091523.12
P0497,Infrastructure,Small,5,0.66,132799287.51,0.23,0.24,3,0.06,0.03,67200654.24,36563914.57,7396525.36,6664583.77,14828701.65
P0497,Infrastructure,Small,5,0.66,132799287.51,0.23,0.24,4,0.03,0.05,65334849.58,34881190.34,1792342.15,6665434.49,21660052.74
P0497,Infrastructure,Small,5,0.66,132799287.51,0.23,0.24,5,0.02,-0.01,65044140.2,36259540.16,1788656.98,6493801.23,21393404.85
P0498,Manufacturing,Large,10,0.65,27271308.61,0.28,0.7,1,0.06,0.07,11285309.37,8851258.55,3891250.46,646355.31,-2776791.94
P0498,Manufacturing,Large,10,0.65,27271308.61,0.28,0.7,2,0.08,-0.01,15137122.29,11866036.75,1362706.53,860345.98,787295.2
P0498,Manufacturing,Large,10,0.65,27271308.61,0.28,0.7,3,0.05,0.09,18367057.65,13802954.3,381314.5,1064454.58,2679503.08
P0498,Manufacturing,Large,10,0.65,27271308.61,0.28,0.7,4,0.06,0.1,19125081.67,14921858.42,1204253.73,1074875.0,1962126.75
P0498,Manufacturing,Large,10,0.65,27271308.61,0.28,0.7,5,0.05,0.14,21897640.11,15557771.78,595674.92,1257222.96,3691684.73
P0498,Manufacturing,Large,10,0.65,27271308.61,0.28,0.7,6,0.05,0.1,22816570.27,15863914.19,984949.77,1269538.36,4013250.54
P0498,Manufacturing,Large,10,0.65,27271308.61,0.28,0.7,7,0.05,0.01,19241129.46,13339963.33,513826.22,1083772.37,4025481.39
P0498,Manufacturing,Large,10,0.65,27271308.61,0.28,0.7,8,0.04,0.04,21532830.1,15470122.32,908017.92,1096617.15,3345065.06
P0498,Manufacturing,Large,10,0.65,27271308.61,0.28,0.7,9,0.05,0.07,22529924.4,15524196.83,383481.99,1258661.98,4573525.01
P0498,Manufacturing,Large,10,0.65,27271308.61,0.28,0.7,10,0.06,0.0,24920777.87,20478676.66,524072.3,1452700.74,2343272.34
P0499,Real Estate,Small,3,0.6,119419638.48,0.27,0.55,1,0.06,0.06,27198354.61,16833250.8,9188841.42,1790654.4,-3406904.98
P0499,Real Estate,Small,3,0.6,119419638.48,0.27,0.55,2,0.05,-0.02,28560648.3,17304234.43,4461120.8,1972675.88,4128261.52
P0499,Real Estate,Small,3,0.6,119419638.48,0.27,0.55,3,0.07,0.06,41484226.69,23712293.34,1163847.41,2750178.95,11686208.45
P0500,Technology,Large,7,0.58,23932672.76,0.25,0.71,1,0.02,0.08,10227440.03,4513405.81,2392533.7,684852.36,1161905.12
P0500,Technology,Large,7,0.58,23932672.76,0.25,0.71,2,0.02,0.01,12424255.95,5650264.95,520702.66,794352.91,4648387.17
P0500,Technology,Large,7,0.58,23932672.76,0.25,0.71,3,0.05,0.05,15172714.85,6978232.27,551117.86,945896.76,5759392.23
P0500,Technology,Large,7,0.58,23932672.76,0.25,0.71,4,0.07,0.05,17496589.62,7362098.98,1073187.47,995222.91,6540014.09
P0500,Technology,Large,7,0.58,23932672.76,0.25,0.71,5,0.04,0.04,14763345.4,6429423.44,462512.56,873498.6,5933365.95
P0500,Technology,Large,7,0.58,23932672.76,0.25,0.71,6,0.07,0.07,19017756.79,8861109.29,870838.96,1235106.69,6213153.84
P0500,Technology,Large,7,0.58,23932672.76,0.25,0.71,7,0.04,0.04,17887625.75,7792342.04,435629.19,1126779.54,7173371.67
